{
  "final_status": "weak_pass",
  "final_lambda": 0.00390625,
  "final_reg_order": 1,
  "final_residual_norm": 26.091237602225267,
  "final_reg_norm": 7.575081008679928,
  "n_iterations": 9,
  "summary_notes": [
    "Completed in 9 iteration(s)"
  ],
  "final_config": {
    "parameterization_type": "piecewise_constant",
    "num_parameters": 24,
    "reg_order": 1,
    "lambda_strategy": "fixed",
    "lambda_value": 0.00390625,
    "lambda_grid": null,
    "max_retries": 8,
    "physical_bounds": [
      -500000.0,
      500000.0
    ],
    "planner_notes": [
      "num_parameters=24 (\u2248 N_t/5)",
      "reg_order=1 (default first-difference smoothness)",
      "noise_std provided \u2192 using discrepancy principle for lambda",
      "lambda_value=1.0 supplied \u2192 strategy forced to 'fixed'",
      "physical_bounds=(-500000.0, 500000.0) applied",
      "iter0: lambda decreased to 5.000e-01 (factor=2.0)",
      "iter1: lambda decreased to 2.500e-01 (factor=2.0)",
      "iter2: lambda decreased to 1.250e-01 (factor=2.0)",
      "iter3: lambda decreased to 6.250e-02 (factor=2.0)",
      "iter4: lambda decreased to 3.125e-02 (factor=2.0)",
      "iter5: lambda decreased to 1.562e-02 (factor=2.0)",
      "iter6: lambda decreased to 7.812e-03 (factor=2.0)",
      "iter7: lambda decreased to 3.906e-03 (factor=2.0)"
    ],
    "stop_tolerance": 0.001,
    "iteration_budget": 12
  },
  "final_result": {
    "estimated_x": [
      35086.62044878119,
      35086.716728834595,
      35086.897276764845,
      35087.117677254784,
      35087.29883070407,
      35087.34393594525,
      35087.16188959305,
      35086.67437358133,
      35085.810030352266,
      35084.5318194878,
      35082.84472170643,
      35080.77666359885,
      35078.38458931285,
      35075.76268355908,
      35073.03339398332,
      35070.31075919466,
      35067.72994889396,
      35065.40760518918,
      35063.44478907156,
      35061.912664278345,
      35060.81493600685,
      35060.14040092199,
      35059.820815197185,
      35059.73454403122
    ],
    "fitted_y": [
      300.0,
      300.0509765927543,
      300.1663085369209,
      300.33259281143705,
      300.53192134235775,
      300.7503306802516,
      300.97859423130626,
      301.21099344656943,
      301.4440732027678,
      301.67577240769884,
      301.904879350855,
      302.13070109606286,
      302.3528642489341,
      302.57119382689257,
      302.7856385294732,
      302.99622426009876,
      303.2030239373562,
      303.40613853519426,
      303.6056849583342,
      303.80178811663455,
      303.9945760338522,
      304.1841760129177,
      304.3707126130706,
      304.5543063968019,
      304.73507324382405,
      304.9131239916487,
      305.0885641464873,
      305.2614938859121,
      305.43200818819747,
      305.60019699162507,
      305.7661451564693,
      305.9299331053142,
      306.09163703786373,
      306.25132903119624,
      306.40907722430904,
      306.56494535042344,
      306.7189941711529,
      306.8712815378774,
      307.02186229201453,
      307.1707883358386,
      307.3181075308869,
      307.46386606356447,
      307.60810835814857,
      307.75087666013513,
      307.8922109994404,
      308.0321474162606,
      308.1707213586081,
      308.30796744235374,
      308.4439187200225,
      308.57860650873977,
      308.7120580185014,
      308.8443007428958,
      308.9753620713042,
      309.10526829725745,
      309.2340443249755,
      309.36171070126073,
      309.4882889868234,
      309.6138012092824,
      309.73826866269224,
      309.8617114814312,
      309.984145190984,
      310.10558688322334,
      310.2260546065482,
      310.3455659042855,
      310.4641373370166,
      310.5817806801353,
      310.6985096711447,
      310.81433932794806,
      310.92928438217893,
      311.0433586660172,
      311.1565712097853,
      311.26893322656787,
      311.38045742077594,
      311.49115631988286,
      311.60104168929735,
      311.71012055191284,
      311.8184022289978,
      311.9258976136497,
      312.0326175139708,
      312.1385720456326,
      312.2437668947577,
      312.3482099614048,
      312.45191068095033,
      312.55487846340657,
      312.6571221022582,
      312.7586464240874,
      312.8594582726361,
      312.95956588091417,
      313.05897748906045,
      313.1577008231938,
      313.25574021205216,
      313.3531017114207,
      313.44979255745955,
      313.54581997819406,
      313.641190786646,
      313.73590911880143,
      313.82998043070603,
      313.9234110967839,
      314.01620747530427,
      314.10837558531375,
      314.19991950576735,
      314.2908442367894,
      314.38115542325824,
      314.4708586626283,
      314.5599593131667,
      314.64846148742646,
      314.7363698292958,
      314.82368935898006,
      314.9104250277657,
      314.99658162478033,
      315.08216329123144,
      315.16717437787185,
      315.25161938072836,
      315.335502717684,
      315.418828715492,
      315.5016014327107,
      315.5838249689237,
      315.6655034103061,
      315.7466407604904,
      315.8272409816141,
      315.9073079401389,
      300.0,
      300.00001989058455,
      300.00014196049665,
      300.00055052024555,
      300.0015429652847,
      300.003507226889,
      300.00687807202,
      300.0120894402256,
      300.01953526681666,
      300.0295441653405,
      300.04236769824075,
      300.05817939767405,
      300.0770806153088,
      300.0991102232856,
      300.12425554561395,
      300.15246319786957,
      300.1836488859331,
      300.2177058006763,
      300.25451162840045,
      300.29393408723877,
      300.33583534669333,
      300.3800753583291,
      300.4265143787718,
      300.47501481653285,
      300.5254425801307,
      300.5776679594881,
      300.63156623213865,
      300.6870180122044,
      300.74390944783096,
      300.80213228501316,
      300.86158379571066,
      300.92216669589135,
      300.9837889598957,
      301.0463636668736,
      301.1098087736074,
      301.1740469190802,
      301.23900516292827,
      301.3046148076492,
      301.37081116328613,
      301.4375333324432,
      301.50472401099603,
      301.5723292962345,
      301.6402984849607,
      301.7085839079843,
      301.7771407592717,
      301.8459269267378,
      301.9149028461543,
      301.98403134294165,
      302.05327750855054,
      302.1226085877141,
      302.19199381341383,
      302.261404340476,
      302.3308130831988,
      302.4001946675148,
      302.4695253065177,
      302.53878270141087,
      302.6079459869808,
      302.67699559497254,
      302.7459132580812,
      302.81468187969466,
      302.8832854629115,
      302.95170908785366,
      303.0199388048043,
      303.0879616182197,
      303.15576542044454,
      303.22333891287957,
      303.2906716071961,
      303.3577537203655,
      303.4245762065006,
      303.49113066671885,
      303.55740929233616,
      303.623404894011,
      303.6891108047049,
      303.7545208995151,
      303.81962953943713,
      303.8844315285379,
      303.94892212117236,
      304.0130969628253,
      304.0769521039067,
      304.14048396337796,
      304.20368927394026,
      304.26656510328297,
      304.3291088189272,
      304.39131808004527,
      304.45319083284517,
      304.5147252317475,
      304.57591970260165,
      304.63677287174096,
      304.69728359366445,
      304.75745094021767,
      304.81727411566334,
      304.8767525499219,
      304.93588579587845,
      304.99467358895106,
      305.0531158220457,
      305.1112124843989,
      305.16896372501924,
      305.2263697821015,
      305.28343103859214,
      305.3401479848897,
      305.39652117343803,
      305.4525512882316,
      305.5082390584516,
      305.56358533396764,
      305.618591037798,
      305.6732571344873,
      305.7275846777783,
      305.78157476434285,
      305.83522855745383,
      305.8885473030423,
      305.94153224804154,
      305.9941847160424,
      306.0465060412404,
