{
  "final_status": "weak_pass",
  "final_lambda": 4.728726833075464e-08,
  "final_reg_order": 2,
  "final_residual_norm": 13.79645753581106,
  "final_reg_norm": 6001.231425195493,
  "n_iterations": 9,
  "summary_notes": [
    "Completed in 9 iteration(s)"
  ],
  "final_config": {
    "parameterization_type": "piecewise_constant",
    "num_parameters": 24,
    "reg_order": 2,
    "lambda_strategy": "fixed",
    "lambda_value": 4.728726833075464e-08,
    "lambda_grid": null,
    "max_retries": 8,
    "physical_bounds": [
      -500000.0,
      500000.0
    ],
    "planner_notes": [
      "num_parameters=24 (\u2248 N_t/5)",
      "reg_order=2 (default first-difference smoothness)",
      "noise_std provided \u2192 using discrepancy principle for lambda",
      "physical_bounds=(-500000.0, 500000.0) applied",
      "iter0: lambda decreased to 6.053e-06 (factor=2.0)",
      "iter1: lambda decreased to 3.026e-06 (factor=2.0)",
      "iter2: lambda decreased to 1.513e-06 (factor=2.0)",
      "iter3: lambda decreased to 7.566e-07 (factor=2.0)",
      "iter4: lambda decreased to 3.783e-07 (factor=2.0)",
      "iter5: lambda decreased to 1.891e-07 (factor=2.0)",
      "iter6: lambda decreased to 9.457e-08 (factor=2.0)",
      "iter7: lambda decreased to 4.729e-08 (factor=2.0)"
    ],
    "stop_tolerance": 0.001,
    "iteration_budget": 12,
    "skip_verifier": false
  },
  "final_result": {
    "estimated_x": [
      6706.893719026127,
      14279.565188006382,
      21494.47072670498,
      28669.38847172609,
      35816.17354317941,
      42573.392305318936,
      48624.82302196795,
      53612.01093881595,
      56827.45650845015,
      57940.46144118752,
      57118.278797928135,
      54315.78841106762,
      49469.96376536486,
      43010.065883363335,
      35668.076464207305,
      27751.465632140236,
      20130.584228458036,
      13595.218730750634,
      8888.152223739855,
      6231.734851263376,
      4715.006461576625,
      4026.9056866551055,
      3771.6501437289508,
      3543.798725588963
    ],
    "fitted_y": [
      300.0,
      300.00974430097256,
      300.0317902855114,
      300.0635759332046,
      300.1016780717109,
      300.154429696948,
      300.2229546268719,
      300.3032670062707,
      300.39084132774315,
      300.4822698845329,
      300.58581202383976,
      300.70285215717763,
      300.82981714337365,
      300.96254625813054,
      301.0978967902501,
      301.2442510686015,
      301.40310239094333,
      301.57098105819585,
      301.74381251425825,
      301.9185215369637,
      302.10350242824745,
      302.30028029332607,
      302.50543166780665,
      302.7149269004186,
      302.9257289401115,
      303.14569776474553,
      303.3762366584474,
      303.6140941196629,
      303.8554598886133,
      304.09747053865254,
      304.3470801100381,
      304.6055020133398,
      304.86980740088234,
      305.1365828601361,
      305.40327219692205,
      305.67548865886334,
      305.9541704759523,
      306.23687758077034,
      306.52079198998246,
      306.8038148171992,
      307.08928733305044,
      307.37766071472686,
      307.6672869581846,
      307.9563223475971,
      308.2434153587036,
      308.52934378151093,
      308.8140605037638,
      309.09690312231356,
      309.37720890693305,
      309.6545254574832,
      309.92740641645725,
      310.1954268642941,
      310.458877485659,
      310.7182070187062,
      310.97380206895116,
      311.2218833591915,
      311.4616010731085,
      311.6941951220357,
      311.9212331636447,
      312.1439466412575,
      312.35613375224415,
      312.55649469063246,
      312.7472397531633,
      312.9310837373347,
      313.1101235622949,
      313.2763705121747,
      313.4282441059847,
      313.5687627053197,
      313.701568463028,
      313.8294508888506,
      313.9435821590027,
      314.04230708426354,
      314.12912686569484,
      314.208208800628,
      314.2827255158669,
      314.3432525586036,
      314.38805025550323,
      314.4209079391651,
      314.44631459804685,
      314.46767585882696,
      314.4761381012456,
      314.4701498519051,
      314.453421211022,
      314.4302987503958,
      314.40406403049104,
      314.3673477874104,
      314.31894444562886,
      314.26209798008125,
      314.2005601109042,
      314.13714650640014,
      314.06682951483356,
      313.9888978716276,
      313.905766809718,
      313.82016962471283,
      313.7341369652083,
      313.6450997473971,
      313.55280172513596,
      313.4586730209764,
      313.36427593533233,
      313.27074815704657,
      313.1765896286225,
      313.0816151768874,
      312.9865998825274,
      312.89239347066047,
      312.79960351437165,
      312.7075909362714,
      312.6162781605427,
      312.52600169932515,
      312.43711955368843,
      312.34987323765625,
      312.2640181959772,
      312.1795025161458,
      312.0964188164984,
      312.0148629725238,
      311.9348856681336,
      311.8561634092635,
      311.77858745211836,
      311.7022054364173,
      311.6270847090318,
      311.5532624782613,
      311.4807435844249,
      300.0,
      300.000003802134,
      300.0000271360977,
      300.0001052332977,
      300.0002949416057,
      300.00067470797086,
      300.0013454001902,
      300.0024297444055,
      300.00406722839864,
      300.006404395354,
      300.00958725499703,
      300.01375955880764,
      300.01906359827865,
      300.0256388813792,
      300.03361705014476,
      300.04311882036177,
      300.0542560176333,
      300.0671352987167,
      300.08185893813743,
      300.0985211854127,
      300.11720613757996,
      300.1379903192003,
      300.16094669624414,
      300.186145586948,
      300.2136510945015,
      300.2435187332522,
      300.2757975103369,
      300.31053342768104,
      300.3477701965228,
      300.38754582170196,
      300.4298902139469,
      300.47482685110555,
      300.5223758237013,
      300.57255452267356,
      300.62537472037,
      300.6808404043942,
      300.73894895704655,
      300.7996936395291,
      300.8630642604005,
      300.92904500895554,
      300.99761246666066,
      301.06873584866725,
      301.142378341185,
      301.2184976734175,
      301.2970451413275,
      301.37796439565494,
      301.4611911379174,
      301.54665357714606,
      301.63427313601443,
      301.7239649712112,
      301.8156379237619,
      301.9091941131818,
      302.00452878399125,
      302.10153117023447,
      302.20008622147856,
      302.3000752900699,
      302.40137507987913,
      302.50385640770264,
      302.60738485951094,
      302.71182351621064,
      302.8170342202337,
      302.9228757749997,
      303.02920155631796,
      303.13585992859765,
      303.24269805311184,
      303.3495640565118,
      303.45630509680984,
      303.5627643840424,
      303.66878156392454,
      303.7741973345468,
      303.87885642452096,
      303.9826058241795,
      304.0852915554737,
      304.18675892433646,
      304.2868573387013,
      304.3854433322877,
      304.4823784003643,
      304.5775251725269,
      304.6707472361489,
      304.76191384672234,
      304.85090320668576,
      304.9376007790035,
      305.0218957945934,
      305.10368099629903,
      305.1828568713329,
      305.2593347887024,
      305.3330358360931,
      305.40388782885935,
      305.47182484233747,
      305.5367903664005,
      305.59873988577186,
      305.65764034725083,
      305.713467974924,
      305.76620761040664,
      305.8158543753992,
      305.8624151716344,
      305.9059083964495,
      305.9463624112839,
      305.98381461823516,
      306.01831160205705,
      306.04990903747523,
      306.0786706354773,
      306.10466638210295,
      306.1279712962196,
      306.14866490840706,
      306.16683082137905,
      306.1825560143556,
      306.1959297818355,
      306.20704292639766,
      306.2159872719965,
      306.2228551913133,
      306.2277391718056,
      306.23073116904715,
      306.2319221238184,
