{
  "final_status": "weak_pass",
  "final_lambda": 1.195278582029923e-09,
  "final_reg_order": 2,
  "final_residual_norm": 14.910779626881121,
  "final_reg_norm": 30221.39339962802,
  "n_iterations": 9,
  "summary_notes": [
    "Completed in 9 iteration(s)"
  ],
  "final_config": {
    "parameterization_type": "piecewise_constant",
    "num_parameters": 24,
    "reg_order": 2,
    "lambda_strategy": "fixed",
    "lambda_value": 1.195278582029923e-09,
    "lambda_grid": null,
    "max_retries": 8,
    "physical_bounds": [
      -500000.0,
      500000.0
    ],
    "planner_notes": [
      "num_parameters=24 (\u2248 N_t/5)",
      "reg_order=1 (default first-difference smoothness)",
      "noise_std provided \u2192 using discrepancy principle for lambda",
      "physical_bounds=(-500000.0, 500000.0) applied",
      "iter0: lambda decreased to 7.650e-08 (factor=2.0)",
      "iter1: lambda decreased to 3.825e-08 (factor=2.0)",
      "iter2: lambda decreased to 1.912e-08 (factor=2.0)",
      "iter3: lambda decreased to 9.562e-09 (factor=2.0)",
      "iter4: lambda decreased to 4.781e-09 (factor=2.0)",
      "iter5: lambda decreased to 2.391e-09 (factor=2.0)",
      "iter6: lambda decreased to 1.195e-09 (factor=2.0)",
      "iter7: oscillatory solution \u2192 increase reg_order to 2"
    ],
    "stop_tolerance": 0.001,
    "iteration_budget": 12
  },
  "final_result": {
    "estimated_x": [
      11773.909048222391,
      14160.506623180845,
      22832.400098017737,
      30272.21131798732,
      34265.15072631242,
      36475.57002582658,
      49622.84389051672,
      55589.745203141654,
      55473.06566660334,
      53754.99619547783,
      51905.463296458314,
      56611.97797560925,
      59031.64899209967,
      52952.26250107702,
      36869.97872614432,
      22949.827626564507,
      17957.15556317597,
      16957.56389200365,
      11950.632005717798,
      11016.90152688359,
      6657.2032646999105,
      -3846.3650961917087,
      -4869.855828354342,
      6502.5547481940275
    ],
    "fitted_y": [
      300.0,
      300.01710605806437,
      300.05580764298776,
      300.11160714431514,
      300.1784952048853,
      300.2552535419982,
      300.3396960295572,
      300.42899204786863,
      300.5207640784195,
      300.61337069438855,
      300.71837681573425,
      300.83846757412874,
      300.9699700363741,
      301.1082592221379,
      301.24978431127926,
      301.4030354837343,
      301.56943527917724,
      301.745309782516,
      301.926388124168,
      302.1094535975219,
      302.298227603522,
      302.4929774311359,
      302.6914517349734,
      302.89121183645915,
      303.0904656049419,
      303.29129141363256,
      303.49387103980536,
      303.69700059218457,
      303.89937712938035,
      304.10005778769204,
      304.3175664880519,
      304.55659969114464,
      304.8119842511521,
      305.07695961526304,
      305.3463031867905,
      305.6252716370709,
      305.91406220734393,
      306.2091765200072,
      306.50687756083505,
      306.8044189518368,
      307.0998843340453,
      307.39219694975105,
      307.68082580399994,
      307.9655352490106,
      308.2462464869642,
      308.52047145941907,
      308.78761311235775,
      309.0484147843353,
      309.30385665718524,
      309.55473407362507,
      309.7989265514188,
      310.03612376872866,
      310.26731434555717,
      310.4936528578893,
      310.71604038384817,
      310.94193650374615,
      311.1735522963352,
      311.40937271099244,
      311.64719432475897,
      311.88528990102145,
      312.1260492118071,
      312.3697174954187,
      312.6149815751589,
      312.86039401984584,
      313.1048856729529,
      313.3389453382513,
      313.5598567129695,
      313.7697230873598,
      313.97153813251725,
      314.16767844191014,
      314.3363742512862,
      314.4725052322547,
      314.5828487035038,
      314.676013441596,
      314.7586573678651,
      314.81495486913985,
      314.842333815814,
      314.8477749944632,
      314.83938499235734,
      314.82330145191884,
      314.7962812267865,
      314.75888621359275,
      314.7144957334111,
      314.6665172600651,
      314.61742262138284,
      314.5673281823017,
      314.5167813652413,
      314.46668360934035,
      314.41781297852003,
      314.37068202783973,
      314.3183011372014,
      314.25889027668313,
      314.19439371669006,
      314.1273400508979,
      314.05966086788965,
      313.9912361118797,
      313.922435887165,
      313.8540158858631,
      313.78665212248137,
      313.7207959669866,
      313.6503673563047,
      313.5738225543466,
      313.4928609895887,
      313.40969122016963,
      313.3260022423185,
      313.22761755500244,
      313.1111715220337,
      312.9810309181371,
      312.84273711508723,
      312.700546138846,
      312.5557465093633,
      312.40963629153526,
      312.26359557920284,
      312.1187063667691,
      311.9756750745709,
      311.85143459434215,
      311.750533045838,
      311.6687135088408,
      311.60018301425094,
      311.5403816961719,
      311.486258367705,
      300.0,
      300.00000667462206,
      300.0000476372461,
      300.0001847363814,
      300.0005177681034,
      300.00117826225636,
      300.00231770973835,
      300.00409426242356,
      300.00666034058275,
      300.01015260338016,
      300.014689954867,
      300.0203804827701,
      300.0273305430912,
      300.03564903562295,
      300.0454446964093,
      300.05682308796526,
      300.06988752000916,
      300.08474123254354,
      300.10148659729344,
      300.1202200273675,
      300.1410268747045,
      300.1639793118992,
      300.1891362268626,
      300.2165428414406,
      300.2462290795837,
      300.2782085750857,
      300.31247963713224,
      300.34902728519097,
      300.3878249447049,
      300.42883514823257,
      300.4720170390792,
      300.5173423786272,
      300.56481089322176,
      300.6144555565416,
      300.6663357004886,
      300.72052585870875,
      300.777106991214,
      300.8361602957272,
      300.89776114954094,
      300.9619721579907,
      301.02883628099625,
      301.0983715851107,
      301.17056860244094,
      301.2453905212552,
      301.3227755576576,
      301.40263974746,
      301.48487924604746,
      301.56937272480275,
      301.65598484300324,
      301.74457076949227,
      301.83498005224317,
      301.9270589614139,
      302.0206519802959,
      302.11560376935523,
      302.21176180544046,
      302.30898199793495,
      302.40713703280466,
      302.5061234531004,
      302.6058640970105,
      302.7063051096991,
      302.80741093877543,
      302.90916006357753,
      303.01154141213266,
      303.1145507568238,
      303.2181865813253,
      303.322442574729,
      303.4272970560226,
      303.53270397862815,
      303.6385902619078,
      303.7448598309351,
      303.85139290056003,
      303.95803601813213,
      304.06459195801693,
      304.17082037245916,
      304.27645125964307,
      304.3811982024637,
      304.4847631551648,
      304.5868375645216,
      304.6871081793044,
      304.7852697870503,
      304.88103866668916,
      304.97416148923446,
      305.06441963215894,
      305.15163171144826,
      305.23565570080723,
      305.3163898248388,
      305.3937715247923,
      305.46777444354456,
      305.53840454044064,
      305.6056958488583,
      305.6697033637325,
      305.7304929476808,
      305.7881316231149,
      305.84268230345293,
      305.8942035573835,
      305.9427522404813,
      305.98838667640314,
      306.0311690056138,
      306.0711668827202,
      306.1084544191883,
      306.1431100108708,
      306.1752108804055,
      306.2048272882344,
      306.2320200383439,
      306.25684187558096,
      306.27933549014244,
      306.29952546772586,
      306.31741008914514,
      306.3329602193638,
      306.3461267698905,
      306.35685267410383,
      306.3650848752651,
      306.3707833871868,
      306.373927051375,
