{
  "final_status": "weak_pass",
  "final_lambda": 5.996522204464461e-08,
  "final_reg_order": 2,
  "final_residual_norm": 7.7837359394865935,
  "final_reg_norm": 12286.778347289082,
  "n_iterations": 1,
  "summary_notes": [
    "Completed in 1 iteration(s)"
  ],
  "final_config": {
    "parameterization_type": "piecewise_constant",
    "num_parameters": 24,
    "reg_order": 2,
    "lambda_strategy": "discrepancy",
    "lambda_value": 5.996522204464461e-08,
    "lambda_grid": null,
    "max_retries": 8,
    "physical_bounds": [
      -500000.0,
      500000.0
    ],
    "planner_notes": [
      "num_parameters=24 (\u2248 N_t/5)",
      "reg_order=2 (default first-difference smoothness)",
      "noise_std provided \u2192 using discrepancy principle for lambda",
      "physical_bounds=(-500000.0, 500000.0) applied"
    ],
    "stop_tolerance": 0.001,
    "iteration_budget": 12
  },
  "final_result": {
    "estimated_x": [
      55117.581828000686,
      56459.463740171304,
      57022.02734439089,
      55443.70937122115,
      50891.8671047128,
      43662.44087811577,
      35275.26116753672,
      27624.38368215208,
      22860.62908143219,
      22541.287147956085,
      26965.389697068927,
      35020.16042637905,
      44299.80908126033,
      52111.238409065125,
      56415.14870913922,
      56471.130399257854,
      52670.63009959272,
      46148.95894589738,
      38429.86310244031,
      31134.492234055622,
      25206.83482114282,
      20856.71670277023,
      17761.20196780939,
      15197.289545295216
    ],
    "fitted_y": [
      300.0,
      300.080079143745,
      300.26125412693455,
      300.52247014005076,
      300.83559538474947,
      301.1806440458507,
      301.54363367558113,
      301.91506846497873,
      302.28883594592037,
      302.6611643733058,
      303.0306143636083,
      303.396093105709,
      303.7566671205903,
      304.11169572645724,
      304.4608282171842,
      304.8016373151252,
      305.1335296959931,
      305.4572049694909,
      305.7736175366976,
      306.08357344539525,
      306.38106693937823,
      306.6648174204353,
      306.93691659027485,
      307.1999739214914,
      307.45604290890697,
      307.6960283626563,
      307.91810446832835,
      308.1256528668217,
      308.3227888105772,
      308.51269311104267,
      308.685307764764,
      308.8387891279442,
      308.97719557765174,
      309.1053519744767,
      309.2269488028554,
      309.33330935468535,
      309.42304167796755,
      309.5000045532735,
      309.5686745479332,
      309.63244441973893,
      309.6866148898108,
      309.73074056990083,
      309.7674647958206,
      309.79970448888747,
      309.82963432815257,
      309.8581951236995,
      309.88611548384375,
      309.9140121697556,
      309.94232383121454,
      309.97131976691094,
      310.0075726323766,
      310.05283301611865,
      310.1054240892098,
      310.1630704997867,
      310.2239763882994,
      310.29863572164123,
      310.38934840450383,
      310.4925493442293,
      310.60381478467065,
      310.71973450920177,
      310.8515350553835,
      311.00134690806493,
      311.1647643071989,
      311.3365279752984,
      311.5126288961397,
      311.7017873912806,
      311.9053603296764,
      312.11939048127823,
      312.3393178319687,
      312.56170503458105,
      312.7905723513165,
      313.0262015516783,
      313.26615046655803,
      313.50777015106104,
      313.7491063472405,
      313.9889957875273,
      314.2267242095495,
      314.4618603372517,
      314.69416574823157,
      314.9235295817836,
      315.14440012719336,
      315.35534774631003,
      315.55787338620615,
      315.75398306597793,
      315.9452647696908,
      316.1233225550008,
      316.286370189988,
      316.4373536143176,
      316.57990328630376,
      316.7168219421096,
      316.8387577201317,
      316.9439405208001,
      317.03604682979034,
      317.1194685174254,
      317.19756039919645,
      317.2619312449959,
      317.3111702103507,
      317.3488957240995,
      317.3793297611818,
      317.4056702734541,
      317.42139288563396,
      317.42551824631323,
      317.42107273186156,
      317.41152379552386,
      317.39947725692235,
      317.3802990947166,
      317.3533508613281,
      317.3208871955308,
      317.28545823916295,
      317.24896518027515,
      317.2081273138136,
      317.1624870348605,
      317.1136332531952,
      317.06335824355983,
      317.0129888819699,
      316.9596382550243,
      316.9028150069391,
      316.8437600470754,
      316.7839061140902,
      316.7243151746975,
      316.6656537716252,
      300.0,
      300.0000312461249,
      300.00022300578377,
      300.000864812407,
      300.0024238445953,
      300.00551026432237,
      300.01081019404654,
      300.01901235734897,
      300.0307469598765,
      300.0465450557393,
      300.066818768608,
      300.0918586134893,
      300.1218418211632,
      300.1568467880919,
      300.19686943841367,
      300.2418386185368,
      300.29162903878483,
      300.3460724183661,
      300.4049680157403,
      300.4680925650036,
      300.53520696264945,
      300.6060585459043,
      300.6803821007729,
      300.75790285367805,
      300.83834238498156,
      300.92142191376337,
      301.00686064144963,
      301.0943729719142,
      301.18366946562304,
      301.2744627283995,
      301.3664713138929,
      301.4594181636845,
      301.55302739837975,
      301.6470249831565,
      301.7411445929244,
      301.83513220672216,
      301.92874539646925,
      302.0217508089954,
      302.11392436523835,
      302.205055798173,
      302.2949529222549,
      302.383442451237,
      302.47036885799196,
      302.5555941555732,
      302.63899963174305,
      302.72048844649635,
      302.7999876121705,
      302.8774485415011,
      302.95284616611934,
      303.0261769680966,
      303.09745872691116,
      303.166732909684,
      303.23406649702423,
      303.299550515669,
      303.36329450008895,
      303.4254232629282,
      303.486078779818,
      303.5454227273406,
      303.6036347407491,
      303.66090474394196,
      303.71742737363036,
      303.7734025907838,
      303.8290379825111,
      303.8845470985261,
      303.94014202279453,
      303.9960271562838,
      304.0523985567563,
      304.1094454435762,
      304.1673493533194,
      304.2262790681181,
      304.28638579688504,
      304.34780177835177,
      304.41064082118754,
      304.47499854180796,
      304.54095105003114,
      304.60855291029236,
      304.67783566334214,
      304.7488075832561,
      304.82145494531255,
      304.8957444093915,
      304.9716238929632,
      305.04902134165025,
      305.1278436918291,
      305.20797861401024,
      305.289299550596,
      305.3716687707704,
      305.45493642439595,
      305.5389386780634,
      305.62349942564754,
      305.70843649100334,
      305.7935658806019,
      305.8787011181799,
      305.9636508512568,
      306.0482201144965,
      306.1322163054036,
      306.21545369084447,
      306.2977530521648,
      306.3789393505807,
      306.45884231006943,
      306.53730102237165,
      306.6141675382583,
      306.6893064052011,
      306.76259226504936,
      306.8339096269928,
      306.90315561465127,
      306.97024211015565,
      307.03509487345667,
      307.0976511885758,
      307.15785892273755,
      307.215677838137,
      307.2710803619441,
      307.3240503883879,
      307.37458097607055,
      307.4226732094688,
      307.46833663161925,
      307.5115891588233,
      307.55245555408385,
      307.5909650368574,
      307.627150232723,
      307.6610475527856,
      307.6926985346747
    ],
    "status": "success"
  }
}