{
  "final_status": "weak_pass",
  "solver_name": "tsvd",
  "final_lambda": 0.01,
  "final_reg_order": 1,
  "final_residual_norm": 1.3206772529796649,
  "final_reg_norm": 51825.505619111966,
  "n_iterations": 1,
  "summary_notes": [
    "Completed in 1 iteration(s)"
  ],
  "final_config": {
    "parameterization_type": "piecewise_constant",
    "num_parameters": 24,
    "reg_order": 1,
    "lambda_strategy": "fixed",
    "lambda_value": 0.01,
    "lambda_grid": null,
    "max_retries": 6,
    "physical_bounds": null,
    "planner_notes": [
      "num_parameters=24 (\u2248 N_t/5)",
      "reg_order=1 (default first-difference smoothness)",
      "noise_std provided \u2192 using discrepancy principle for lambda",
      "lambda_strategy overridden to 'fixed' from config",
      "lambda_value=0.01 supplied \u2192 strategy forced to 'fixed'",
      "solver_name='tsvd' from config overrides"
    ],
    "stop_tolerance": 0.001,
    "iteration_budget": 10,
    "skip_verifier": false,
    "solver_name": "tsvd"
  },
  "final_result": {
    "estimated_x": [
      39645.57710309289,
      60138.50152288563,
      55125.56794094424,
      60951.38595708259,
      55267.72626396478,
      47757.28931674088,
      33256.748241820824,
      27707.867792683344,
      22207.432484858135,
      17865.28660056898,
      25247.411955083466,
      33173.75079517231,
      47519.26851119133,
      46946.80570270733,
      65814.6951019223,
      55438.613779434956,
      56128.558550854184,
      48977.38613396137,
      27484.579983713847,
      35090.6963011339,
      15850.487063477096,
      21173.46756177399,
      26466.772267282377,
      33018.535283052304
    ],
    "fitted_y": [
      300.0,
      300.05760020237466,
      300.1879177258757,
      300.3758080368273,
      300.6010361876262,
      300.8775979652285,
      301.20288197425936,
      301.56259840937395,
      301.9423837563196,
      302.33175349522134,
      302.71666604775635,
      303.09108693095084,
      303.4544912594137,
      303.80803620936064,
      304.1529510706673,
      304.49864248836656,
      304.8480132039255,
      305.1993434686142,
      305.55005658614925,
      305.89816340188435,
      306.2341602507548,
      306.5551865867355,
      306.86307406075764,
      307.16059804689814,
      307.450021278881,
      307.7220007151422,
      307.9747145132889,
      308.2117292911342,
      308.4373609302004,
      308.65494708796695,
      308.8456592509531,
      309.0054012725883,
      309.1406239442553,
      309.2593158361752,
      309.36763508394677,
      309.461595386003,
      309.54162746232794,
      309.6114109967875,
      309.67472845524486,
      309.734365094429,
      309.78413574894984,
      309.82305179905774,
      309.8538756242328,
      309.87979881665694,
      309.90322454005525,
      309.9194000944414,
      309.9276111846803,
      309.93006323757794,
      309.9292762524972,
      309.9271343661584,
      309.9355711284178,
      309.9581210368386,
      309.9923708213828,
      310.0347673427734,
      310.0824712065809,
      310.14508564412824,
      310.22441637700985,
      310.3166702526193,
      310.4173154160003,
      310.52288207713065,
      310.65191851800864,
      310.80845965384475,
      310.98614421597017,
      311.17711164388936,
      311.37532443981104,
      311.575979983137,
      311.7764044030674,
      311.975337271447,
      312.17219409638767,
      312.3666938630034,
      312.5861164669248,
      312.8376053101585,
      313.1139512804761,
      313.40555356098304,
      313.7049517816612,
      313.9921693282714,
      314.26024134976757,
      314.511343401379,
      314.74973374750385,
      314.97896005616747,
      315.2024489891085,
      315.422020081639,
      315.63840100493536,
      315.85188229603506,
      316.06261941709954,
      316.2603403099749,
      316.4424227765921,
      316.61169486535266,
      316.77189539820205,
      316.9259522894255,
      317.04459516681834,
      317.12086412038303,
      317.1637384680373,
      317.18466861701506,
      317.1925117657515,
      317.2041649123448,
      317.22615735120263,
      317.25778282542075,
      317.2964767320148,
      317.33999139732435,
      317.35882262861315,
      317.3446404347046,
      317.3041649470484,
      317.2468097379041,
      317.17996017269274,
      317.11621980444846,
      317.06061564805964,
      317.0129031982022,
      316.97141161328994,
      316.93461767199256,
      316.90913324360486,
      316.8962627373845,
      316.89351067404635,
      316.8978502749215,
      316.90694038472463,
      316.92872940953356,
      316.9647101713927,
      317.01173975289424,
      317.06606079410494,
      317.1247926816608,
      317.1860267855747,
      300.0,
      300.0000224750544,
      300.00016040603924,
      300.0006220517269,
      300.0017434494511,
      300.0039745534436,
      300.0078546860056,
      300.01398181471916,
      300.0229747584579,
      300.03543141009146,
      300.0518871034551,
      300.0727796155569,
      300.0984272111343,
      300.1290232504538,
      300.16464491621747,
      300.2052744172349,
      300.2508273747623,
      300.30118010337486,
      300.3561894317457,
      300.4157031690221,
      300.4795605118375,
      300.5475850748903,
      300.619577501678,
      300.6953132558693,
      300.77454687352804,
      300.8570161572826,
      300.9424427425083,
      301.0305320303852,
      301.1209769538407,
      301.2134664715148,
      301.30768827822766,
      301.4033216407848,
      301.50002863979205,
      301.59745383335604,
      301.69523464586376,
      301.79301510387495,
      301.89045614896503,
      301.9872423715772,
      302.08308727305285,
      302.17773843819543,
      302.27097887268746,
      302.3626229607386,
      302.45251038518074,
      302.5405021671285,
      302.6264802073484,
      302.7103466905746,
      302.79202100808897,
      302.87143589290355,
      302.9485354309915,
      303.023275757008,
      303.0956314681703,
      303.16560695833266,
      303.23324592940116,
      303.2986336074698,
      303.36189047167585,
      303.4231652555482,
      303.4826318591625,
      303.54048723720916,
      303.59694615167103,
      303.6522313024267,
      303.70656953275574,
      303.76019826485043,
      303.8133736575402,
      303.866370919413,
      303.91947406740326,
      303.9729590971959,
      304.0270766908467,
      304.08203894969995,
      304.1380125250664,
      304.1951174967003,
      304.253441279865,
      304.3130672768667,
      304.37410272967907,
      304.43669128988313,
      304.50100677387275,
      304.56722879209514,
      304.63550870324656,
      304.7059400651275,
      304.77854431692015,
      304.8532730925199,
      304.9300223579644,
      305.00865162945826,
      305.0890022640499,
      305.17091158671104,
      305.25422209629795,
      305.3387822482329,
      305.42443983786785,
      305.5110340283117,
      305.5983923763264,
      305.6863343293588,
      305.77466665231367,
      305.86316611126034,
      305.9515621185264,
      306.039534339895,
      306.1267281874069,
      306.2127854479255,
      306.2973810702914,
      306.38025330531286,
      306.4612190953536,
      306.54017380164976,
      306.6170691517572,
      306.691874108902,
      306.7645370313573,
      306.83496616299806,
      306.90303172949626,
      306.96858582647997,
      307.0314905468069,
      307.0916427433872,
      307.1489882120086,
      307.20352406168246,
      307.2552954266034,
      307.30439160891603,
      307.35094099924464,
      307.39510328519754,
      307.43705864131374,
      307.4769995461586,
      307.5151282430577,
      307.5516559973705,
      307.586800301444,
      307.6207783119187,
      307.6537982972462
    ],
    "status": "success"
  }
}