{
  "final_status": "weak_pass",
  "final_lambda": 0.039891145646263074,
  "final_reg_order": 2,
  "final_residual_norm": 7.351871761708252,
  "final_reg_norm": 0.3565132488362911,
  "n_iterations": 9,
  "summary_notes": [
    "Completed in 9 iteration(s)"
  ],
  "final_config": {
    "parameterization_type": "piecewise_constant",
    "num_parameters": 24,
    "reg_order": 2,
    "lambda_strategy": "fixed",
    "lambda_value": 0.039891145646263074,
    "lambda_grid": null,
    "max_retries": 8,
    "physical_bounds": [
      -500000.0,
      500000.0
    ],
    "planner_notes": [
      "num_parameters=24 (\u2248 N_t/5)",
      "reg_order=1 (default first-difference smoothness)",
      "noise_std provided \u2192 using discrepancy principle for lambda",
      "physical_bounds=(-500000.0, 500000.0) applied",
      "iter0: oscillatory solution \u2192 increase reg_order to 2",
      "iter1: lambda increased to 2.553e-06 (factor=5.0)",
      "iter2: lambda increased to 1.277e-05 (factor=5.0)",
      "iter3: lambda increased to 6.383e-05 (factor=5.0)",
      "iter4: lambda increased to 3.191e-04 (factor=5.0)",
      "iter5: lambda increased to 1.596e-03 (factor=5.0)",
      "iter6: lambda increased to 7.978e-03 (factor=5.0)",
      "iter7: lambda increased to 3.989e-02 (factor=5.0)"
    ],
    "stop_tolerance": 0.001,
    "iteration_budget": 12
  },
  "final_result": {
    "estimated_x": [
      63003.073175774596,
      59658.30901499305,
      56313.536981358484,
      52968.740546777815,
      49623.8969237773,
      46278.980213885414,
      42933.96497575694,
      39588.8296198858,
      36243.55937200374,
      32898.148411204784,
      29552.600418086044,
      26206.9279100076,
      22861.150386355814,
      19515.291511888423,
      16169.375770791143,
      12823.42612268824,
      9477.461817974925,
      6131.496673160065,
      2785.5383534698053,
      -560.4108726672839,
      -3906.3523746720693,
      -7252.289055219217,
      -10598.223656462025,
      -13944.157791535614
    ],
    "fitted_y": [
      300.0,
      300.0617093175885,
      300.2136262384554,
      300.44691483619295,
      300.73991990287533,
      301.0689895522114,
      301.41737123854693,
      301.77510763987584,
      302.1364685724724,
      302.4980582526262,
      302.8545116262967,
      303.20300292391175,
      303.54317649601177,
      303.8756765488732,
      304.2012931541475,
      304.5174125041811,
      304.82302710248814,
      305.1189903006467,
      305.40675375736055,
      305.68764737913943,
      305.95941685215666,
      306.2212914248114,
      306.47427702531576,
      306.71991958931136,
      306.95960290705364,
      307.1910983401993,
      307.4136413337221,
      307.6282305424475,
      307.8363954751527,
      308.0394973063796,
      308.235280701004,
      308.4229520291191,
      308.60347960589627,
      308.7783620742876,
      308.948929801918,
      309.1128969455449,
      309.26944012479686,
      309.41949885040896,
      309.5645440216137,
      309.7058793003243,
      309.8411931470359,
      309.9696376347155,
      310.09212894227267,
      310.21011575829596,
      310.3248806146533,
      310.43409170705183,
      310.53688192893264,
      310.6341493201169,
      310.72732535951775,
      310.8176762461543,
      310.90285453493374,
      310.9819783440639,
      311.0559317490233,
      311.12613302240106,
      311.1938358387543,
      311.2566807336677,
      311.31377447019315,
      311.3659904129348,
      311.4147367158796,
      311.4612574171306,
      311.5031838170544,
      311.5396139692202,
      311.5714129916073,
      311.5999812352295,
      311.62655533233385,
      311.6487594713383,
      311.66568494047345,
      311.6781905294203,
      311.68767054113,
      311.69535587314493,
      311.69886519799905,
      311.69728456956045,
      311.6914678351059,
      311.6828046004199,
      311.6725212824701,
      311.65823226501567,
      311.63901948908074,
      311.6157329530826,
      311.58975854731256,
      311.5623191765869,
      311.5310258211994,
      311.4949572416971,
      311.4549603307728,
      311.4124180601209,
      311.36855053491513,
      311.32096605299654,
      311.2687407896157,
      311.2127191885601,
      311.15428187707306,
      311.0946466913402,
      311.03141975997676,
      310.96367520316676,
      310.89225546660776,
      310.81853926069965,
      310.7437425772052,
      310.665469791661,
      310.582793317012,
      310.4965539555967,
      310.40812885199557,
      310.31873247335596,
      310.2259677222774,
      310.1289056289272,
      310.02838560799404,
      309.9257834771759,
      309.8223124405935,
      309.7155741667866,
      309.60463848728796,
      309.4903436641287,
      309.3740643917825,
      309.2570127785292,
      309.1367894596323,
      309.01246322719606,
      308.88487134820554,
      308.7553875581705,
      308.6252230217674,
      308.491977457419,
      308.354718759337,
      308.2142833296959,
      308.0720440528518,
      307.92921127414706,
      307.7866611201738,
      300.0,
      300.00002370111014,
      300.00017450291494,
      300.00069546892934,
      300.0019973073745,
      300.0046385289232,
      300.0092684594328,
      300.0165563939622,
      300.027128280586,
      300.0415222899028,
      300.0601643316098,
      300.0833591523695,
      300.1112932827294,
      300.14404628627835,
      300.18160734647364,
      300.2238927627427,
      300.27076118680213,
      300.32202660774476,
      300.37746999449405,
      300.43685051137635,
      300.4999146916417,
      300.56640235569034,
      300.63605047755436,
      300.70859657311024,
      300.7837826403558,
      300.86135827351626,
      300.9410816438095,
      301.0227192990203,
      301.1060463849024,
      301.1908480640747,
      301.2769207089048,
      301.36407136898794,
      301.4521164049279,
      301.5408809284105,
      301.6301995125524,
      301.7199169678062,
      301.80988748583684,
      301.8999730269746,
      301.9900425912618,
      302.07997291674405,
      302.16964911942364,
      302.25896387552984,
      302.34781583621447,
      302.43610889982335,
      302.52375294133026,
      302.61066456006193,
      302.696766265503,
      302.781984986136,
      302.8662513947548,
      302.9495007112547,
      303.0316735185143,
      303.112715006946,
      303.19257351847017,
      303.2711999994741,
      303.34854879626295,
      303.4245785679038,
      303.4992515766887,
      303.5725322745681,
      303.64438681833894,
      303.7147839070949,
      303.7836957403658,
      303.8510973556048,
      303.9169652696996,
      303.98127699227535,
      304.0440119405653,
      304.1051524145352,
      304.16468298288544,
      304.222589126307,
      304.2788568093696,
      304.3334734151205,
      304.38642876016087,
      304.4377144611186,
      304.48732265163136,
      304.535245583408,
      304.58147653078885,
      304.6260108359389,
      304.66884534399526,
      304.7099771116017,
      304.7494029854883,
      304.7871205797005,
      304.8231293181006,
      304.8574298833282,
      304.8900229240571,
      304.9209086566996,
      304.9500878809777,
      304.97756298562354,
      305.0033374407244,
      305.02741451520995,
      305.04979686133896,
      305.07048758895735,
      305.08949122422104,
      305.10681325511837,
      305.12245881865584,
      305.136432319599,
      305.1487385143893,
      305.1593834636139,
      305.1683740617109,
      305.1757167928015,
      305.18141728908364,
      305.1854814502087,
      305.1879164013852,
      305.1887300247945,
      305.1879297331719,
      305.18552199349483,
      305.1815134985892,
      305.17591208469287,
      305.16872631038035,
      305.15996418117993,
      305.1496327224184,
      305.13773914991066,
      305.12429175490917,
      305.10929951770396,
      305.0927708349359,
      305.07471306959206,
      305.05513373811726,
