{
  "final_status": "weak_pass",
  "solver_name": "tsvd",
  "final_lambda": 0.05,
  "final_reg_order": 2,
  "final_residual_norm": 6.8938497191386485,
  "final_reg_norm": 9234.13294535794,
  "n_iterations": 3,
  "summary_notes": [
    "Completed in 3 iteration(s)"
  ],
  "final_config": {
    "parameterization_type": "piecewise_constant",
    "num_parameters": 24,
    "reg_order": 2,
    "lambda_strategy": "fixed",
    "lambda_value": 0.05,
    "lambda_grid": null,
    "max_retries": 6,
    "physical_bounds": null,
    "planner_notes": [
      "num_parameters=24 (\u2248 N_t/5)",
      "reg_order=1 (default first-difference smoothness)",
      "noise_std provided \u2192 using discrepancy principle for lambda",
      "lambda_strategy overridden to 'fixed' from config",
      "lambda_value=0.01 supplied \u2192 strategy forced to 'fixed'",
      "solver_name='tsvd' from config overrides",
      "iter0: oscillatory solution \u2192 increase reg_order to 2",
      "iter1: lambda increased to 5.000e-02 (factor=5.0)"
    ],
    "stop_tolerance": 0.001,
    "iteration_budget": 10,
    "skip_verifier": false,
    "solver_name": "tsvd"
  },
  "final_result": {
    "estimated_x": [
      8172.420240676438,
      14211.462204405812,
      20971.869960332424,
      27347.603644909464,
      33438.32121096187,
      40962.59243630333,
      49101.23360686068,
      54920.056869671454,
      57389.847412741176,
      58203.96336429866,
      58248.26397628451,
      55903.425188342604,
      50084.7901991996,
      42712.29864951229,
      36148.568559625855,
      29783.318810576457,
      21736.093432564878,
      13144.814908017051,
      7732.478184901637,
      6702.538730823789,
      6833.016989734422,
      4931.411382553809,
      1855.0110427117443,
      185.8286003879423
    ],
    "fitted_y": [
      300.0,
      300.01187353279107,
      300.03873679584837,
      300.07746794046653,
      300.12389579529577,
      300.1835419366046,
      300.256560013591,
      300.3393111594214,
      300.4279083107644,
      300.5194680187456,
      300.6219419737087,
      300.7367622935072,
      300.8606648818842,
      300.98980377235284,
      301.1212679661257,
      301.26242955460765,
      301.4145705372301,
      301.57458312324894,
      301.73883448273614,
      301.9045872483448,
      302.0789226740724,
      302.2630991668265,
      302.45417773192435,
      302.6487149165738,
      302.8441204878603,
      303.04966047454803,
      303.2672089170888,
      303.4933266734549,
      303.72387246673946,
      303.9557107553248,
      304.19864282546325,
      304.4545592408666,
      304.7196583713993,
      304.98941270945545,
      305.26040291282857,
      305.5388791867564,
      305.8257405664799,
      306.11801170486757,
      306.41231816342975,
      306.70615042226984,
      307.00150018744216,
      307.2983711724257,
      307.59530319866474,
      307.89077702715053,
      308.1837068860718,
      308.47461683566405,
      308.763461285691,
      309.04976527801824,
      309.33306588199355,
      309.613061013649,
      309.8896633897911,
      310.16284263817676,
      310.4325993730072,
      310.6989665301827,
      310.9620033271645,
      311.21837934065206,
      311.46728622945614,
      311.70970960403884,
      311.94693693344084,
      312.17999084486036,
      312.4011212273918,
      312.6085755531703,
      312.8048880153201,
      312.99324319002835,
      313.1761111941725,
      313.3444270757945,
      313.4964195150902,
      313.63555276126044,
      313.76599511686317,
      313.89093711656864,
      314.00294563692484,
      314.1008263779271,
      314.18788308023045,
      314.26794592056825,
      314.343913561077,
      314.40843162096684,
      314.46023663015984,
      314.50245435964575,
      314.5387383197904,
      314.57184961475014,
      314.5918902141965,
      314.5968824406892,
      314.5905396054899,
      314.5773303574547,
      314.56064955093433,
      314.53022065740265,
      314.4841060916133,
      314.4263688344185,
      314.36183241948345,
      314.2941464830199,
      314.21781102284586,
      314.13219006173114,
      314.0401781806172,
      313.9449957794254,
      313.84903077973627,
      313.7523082336839,
      313.6553334380323,
      313.5589990661286,
      313.4640855568067,
      313.3711097481493,
      313.28055007553064,
      313.19258909227597,
      313.107212095706,
      313.0243290242713,
      312.9438303370285,
      312.86284214318385,
      312.780531377299,
      312.6975205801762,
      312.61468076782086,
      312.5326736040868,
      312.44743884228956,
      312.3580271889068,
      312.26571933985815,
      312.1721197452053,
      312.0784451828013,
      311.98304784610997,
      311.88574753565433,
      311.78743259990824,
      311.6890802221013,
      311.5914046253532,
      311.49484968529345,
      300.0,
      300.00000463294015,
      300.0000330656193,
      300.0001282278754,
      300.00035938943563,
      300.0008203312623,
      300.0016264838438,
      300.0029106426124,
      300.00481575042784,
      300.00748511947967,
      300.011056006027,
      300.01565937581205,
      300.02142214783623,
      300.02846723771694,
      300.03690973682654,
      300.04685446155213,
      300.0583977900934,
      300.07163091941857,
      300.086640537593,
      300.1035056077123,
      300.122295405099,
      300.14307159829866,
      300.1658916405357,
      300.1908096126892,
      300.21787332684295,
      300.24712348952306,
      300.27859781830847,
      300.31233621511245,
      300.3483821103511,
      300.38677856684046,
      300.42756585615564,
      300.4707841844713,
      300.516477750386,
      300.56469505326623,
      300.61548393194266,
      300.668886866454,
      300.724940139661,
      300.7836748852336,
      300.84511655419186,
      300.90928160136866,
      300.9761740805885,
      301.04578430764764,
      301.118089096418,
      301.1930522348647,
      301.270624427951,
      301.3507434654082,
      301.4333352623493,
      301.51831549807065,
      301.6055913938985,
      301.69506322315755,
      301.78662560298585,
      301.8801687901019,
      301.97557992874744,
      302.072744395411,
      302.17154701215475,
      302.2718718403594,
      302.3736003688097,
      302.4766096593096,
      302.5807723515803,
      302.6859586483667,
      302.7920362947118,
      302.8988670032948,
      303.00630259490123,
      303.1141849672564,
      303.2223505778913,
      303.33063348359326,
      303.438863865019,
      303.5468653675486,
      303.6544561557342,
      303.76145466867234,
      303.867684399694,
      303.9729743043003,
      304.0771573272825,
      304.1800713523208,
      304.2815635961605,
      304.38149335232856,
      304.47973029689484,
      304.57615112573023,
      304.67063888150955,
      304.76308601108514,
      304.8533951030929,
      304.94147441818166,
      305.027232159687,
      305.11057501974153,
      305.1914122607744,
      305.26965827777144,
      305.3452298884175,
      305.41804201399907,
      305.48800743596325,
      305.55504195773125,
      305.61906964407086,
      305.68002457079274,
      305.7378503621469,
      305.79250093232645,
      305.8439433692234,
      305.89216133876255,
      305.93715740401694,
      305.9789535581047,
      306.0175906774199,
      306.05312720990185,
      306.0856374265882,
      306.1152095305995,
      306.141943322988,
      306.16594774855344,
      306.1873382844377,
      306.20623330956977,
      306.2227496476268,
      306.2369984831556,
      306.2490832928897,
      306.259099940454,
      306.2671364096864,
      306.27327119006276,
      306.27757151958997,
      306.280093624544,
      306.2808852681456,
      306.27998862648747,
      306.2774422951658,
      306.2732823766401,
      306.26754376131055,
      306.2602618236282,
      306.2514741604202
    ],
    "status": "success"
  }
}