{
  "final_status": "weak_pass",
  "final_lambda": 1.8361570120077933e-10,
  "final_reg_order": 1,
  "final_residual_norm": 13.456168393126783,
  "final_reg_norm": 133177.20318296412,
  "n_iterations": 9,
  "summary_notes": [
    "Completed in 9 iteration(s)"
  ],
  "final_config": {
    "parameterization_type": "piecewise_constant",
    "num_parameters": 24,
    "reg_order": 1,
    "lambda_strategy": "fixed",
    "lambda_value": 1.8361570120077933e-10,
    "lambda_grid": null,
    "max_retries": 8,
    "physical_bounds": [
      -500000.0,
      500000.0
    ],
    "planner_notes": [
      "num_parameters=24 (\u2248 N_t/5)",
      "reg_order=0 (default first-difference smoothness)",
      "noise_std provided \u2192 using discrepancy principle for lambda",
      "physical_bounds=(-500000.0, 500000.0) applied",
      "iter0: lambda decreased to 1.175e-08 (factor=2.0)",
      "iter1: lambda decreased to 5.876e-09 (factor=2.0)",
      "iter2: lambda decreased to 2.938e-09 (factor=2.0)",
      "iter3: lambda decreased to 1.469e-09 (factor=2.0)",
      "iter4: lambda decreased to 7.345e-10 (factor=2.0)",
      "iter5: oscillatory solution \u2192 increase reg_order to 1",
      "iter6: lambda decreased to 3.672e-10 (factor=2.0)",
      "iter7: lambda decreased to 1.836e-10 (factor=2.0)"
    ],
    "stop_tolerance": 0.001,
    "iteration_budget": 12,
    "skip_verifier": false
  },
  "final_result": {
    "estimated_x": [
      -11939.303693474092,
      41507.81754946109,
      9287.145831168978,
      22374.241707052886,
      43397.518218484205,
      45837.205573389496,
      34979.17692659239,
      60905.769366336586,
      67303.6240807168,
      46453.4263987367,
      53145.10736858208,
      63433.94488942431,
      56007.62269438005,
      20812.343122071085,
      56989.80813150775,
      17193.703611215362,
      27037.817649678334,
      17521.208051123045,
      -20887.729976245144,
      38020.592689570396,
      -6361.130584221924,
      -942.2444248764158,
      14135.395936325722,
      -1991.2404675255
    ],
    "fitted_y": [
      300.0,
      299.98265364362925,
      299.9434083960292,
      299.88682504808924,
      299.8189973737509,
      299.8223290791389,
      299.9203395598465,
      300.0945580068773,
      300.31888091691013,
      300.5727390279187,
      300.7956771644497,
      300.9669342447114,
      301.0936824511632,
      301.18928700419497,
      301.2647422218019,
      301.34647067646995,
      301.4441205264371,
      301.55556458707235,
      301.67589809283237,
      301.801022176733,
      301.9587435185121,
      302.1553989376821,
      302.38196531659685,
      302.62714009715523,
      302.88223619185027,
      303.14510052640094,
      303.41315882442,
      303.683385942673,
      303.95331212097176,
      304.22127063648543,
      304.47047138220034,
      304.6962013036796,
      304.9023147804351,
      305.09423238433817,
      305.27625883604173,
      305.48896442171423,
      305.74408908872755,
      306.03290390426605,
      306.34293095022093,
      306.6643491621968,
      306.99997334452576,
      307.3482541779896,
      307.7043666943123,
      308.063652072438,
      308.42276967897175,
      308.7493137499809,
      309.0340831642325,
      309.2843413246405,
      309.5103670185705,
      309.72030113119206,
      309.92931707480443,
      310.1434086732903,
      310.3621621093287,
      310.5835020567738,
      310.8056150019045,
      311.04223740731993,
      311.29656123591576,
      311.5642373233828,
      311.8397845132506,
      312.1189901573199,
      312.3883069693889,
      312.6432130505518,
      312.8855416457458,
      313.1185016954223,
      313.3447238888383,
      313.5148582101405,
      313.6166221918682,
      313.6641778604849,
      313.6759473384284,
      313.66623820322263,
      313.6970709500633,
      313.7881198274019,
      313.9291356881935,
      314.10380084347827,
      314.29899626763836,
      314.4481363150275,
      314.5305683268904,
      314.5581452571146,
      314.54913894140725,
      314.51814248333403,
      314.4891637819981,
      314.47198243327114,
      314.4664837286656,
      314.4698259933881,
      314.4793864266183,
      314.4795043633795,
      314.4653694331048,
      314.43986488804507,
      314.4073589745358,
      314.3713084626994,
      314.27817793423304,
      314.114698106961,
      313.89634166785066,
      313.64316014163495,
      313.3706741648336,
      313.1746772965313,
      313.0839210038083,
      313.0796675188623,
      313.13406170208793,
      313.2249255364677,
      313.2729761109909,
      313.2520247903731,
      313.1733415764371,
      313.05610088944854,
      312.9158310674757,
      312.7707637080778,
      312.6293950218873,
      312.4935407636423,
      312.36275963643016,
      312.236274658788,
      312.1353729515056,
      312.06537558254604,
      312.0202273395171,
      311.9920172566231,
      311.9745762484233,
      311.9403685349981,
      311.88066410158575,
      311.8000268639787,
      311.70569900355065,
      311.60348158567984,
      311.49722735950814,
      300.0,
      299.9999932316156,
      299.9999516935668,
      299.9998126685237,
      299.99947495852,
      299.9988368571469,
      299.99787577737624,
      299.9967248044033,
      299.9957029095954,
      299.9952892165872,
      299.99604212202286,
      299.9984880394182,
      300.0030232946681,
      300.00986212321175,
      300.01903581173855,
      300.0304350086686,
      300.0438750092456,
      300.05915831975983,
      300.07611644547455,
      300.09462673389544,
      300.1146224162618,
      300.1361065481859,
      300.15916201230664,
      300.18394652792665,
      300.21067106097524,
      300.239570438614,
      300.27087586317873,
      300.3047940422979,
      300.34149375966535,
      300.3810986444251,
      300.4236788682809,
      300.46923962789344,
      300.51771314907387,
      300.56896113563715,
      300.6227881849449,
      300.6789764382545,
      300.7373376198017,
      300.79775960915305,
      300.86022677992116,
      300.9248104410625,
      300.99164324809504,
      301.06089200175205,
      301.132734491122,
      301.2073405565694,
      301.2848567489972,
      301.3653832678316,
      301.4489420567649,
      301.5354512276901,
      301.62472029310845,
      301.7164680270379,
      301.81035807723975,
      301.906041803547,
      302.00319520901576,
      302.101541689393,
      302.2008593419718,
      302.3009829485759,
      302.40180693375993,
      302.50328608791307,
      302.60542931418934,
      302.7082855958515,
      302.81192183256184,
      302.9163966191363,
      303.0217383726775,
      303.12793458485385,
      303.23493263170076,
      303.3426285604349,
      303.45083631466906,
      303.55925911769543,
      303.6674870795427,
      303.7750255146222,
      303.8813623705504,
      303.9860612142981,
      304.0888412981671,
      304.1896137528507,
      304.2884689957636,
      304.38560898629675,
      304.4812428919308,
      304.57549104721494,
      304.66833446393184,
      304.7596167639709,
      304.8490877732644,
      304.93646674045215,
      305.02150039218134,
      305.1040002073797,
      305.1838558073487,
      305.26102495930434,
      305.3355080317141,
      305.4073204180811,
      305.47647435396897,
      305.542972968701,
      305.60679166813327,
      305.66783888164827,
      305.7259197398173,
      305.7807288430045,
      305.8318771151004,
      305.87897289142603,
      305.92174391369275,
      305.9601442757687,
      305.9943980928299,
      306.02497182111637,
      306.05247450035984,
      306.07751561928893,
      306.100577025458,
      306.1219431960757,
      306.14169737736285,
      306.1597666954956,
      306.1759893859278,
      306.19017865508806,
      306.2021686037629,
      306.21183881945706,
      306.219130204879,
      306.2240598924763,
      306.22672972828195,
