{
  "final_status": "weak_pass",
  "final_lambda": 2.6422094577264397e-09,
  "final_reg_order": 0,
  "final_residual_norm": 7.836279457906124,
  "final_reg_norm": 209855.82437551057,
  "n_iterations": 1,
  "summary_notes": [
    "Completed in 1 iteration(s)"
  ],
  "final_config": {
    "parameterization_type": "piecewise_constant",
    "num_parameters": 24,
    "reg_order": 0,
    "lambda_strategy": "discrepancy",
    "lambda_value": 2.6422094577264397e-09,
    "lambda_grid": null,
    "max_retries": 8,
    "physical_bounds": [
      -500000.0,
      500000.0
    ],
    "planner_notes": [
      "num_parameters=24 (\u2248 N_t/5)",
      "reg_order=0 (default first-difference smoothness)",
      "noise_std provided \u2192 using discrepancy principle for lambda",
      "physical_bounds=(-500000.0, 500000.0) applied"
    ],
    "stop_tolerance": 0.001,
    "iteration_budget": 12,
    "skip_verifier": false
  },
  "final_result": {
    "estimated_x": [
      4930.689892578468,
      3611.8835911142814,
      10457.1170749223,
      12748.75824265324,
      17531.845440649464,
      11948.232313272858,
      25036.63465031298,
      24428.99489409261,
      25814.67447380036,
      30267.391851964876,
      30034.65346884048,
      38963.848138743466,
      44049.80447852487,
      49351.520539886726,
      47628.39667091881,
      48333.81137860475,
      52555.522185628375,
      60559.85591045809,
      58560.22518713783,
      65786.21821436992,
      70711.8368477691,
      67034.07214962781,
      62944.221724735224,
      37824.96298308088
    ],
    "fitted_y": [
      300.0,
      300.0071636928105,
      300.0233711828486,
      300.0467389561243,
      300.0747504077872,
      300.10352718261026,
      300.1312698010538,
      300.15767842771385,
      300.1829406377672,
      300.2072916447126,
      300.24085323017727,
      300.28635308332406,
      300.3412537432817,
      300.4021143223071,
      300.46624894474945,
      300.53521666420164,
      300.6087999155711,
      300.6854700058819,
      300.7636735592949,
      300.842278718692,
      300.9275121263972,
      301.0207653608958,
      301.1199646288998,
      301.22253630868437,
      301.32651418787134,
      301.4225079040256,
      301.5076143098756,
      301.5835162878886,
      301.6528127594174,
      301.71759573217025,
      301.79829249364246,
      301.9007913394332,
      302.02065683536205,
      302.1515672406355,
      302.2885463956377,
      302.42742479009826,
      302.5659441241686,
      302.7031232624687,
      302.8385589341659,
      302.97208290565663,
      303.1056426334318,
      303.23975292250634,
      303.37390126371935,
      303.5074159912089,
      303.6397928114229,
      303.77719059437936,
      303.9211389413136,
      304.0698594670791,
      304.2210570389532,
      304.3729695956572,
      304.52411692613776,
      304.6737239995207,
      304.8214862716215,
      304.9673085195938,
      305.11117777408356,
      305.2660880650675,
      305.4354812871063,
      305.6159922397262,
      305.80311388656133,
      305.99334525394283,
      306.19178078911864,
      306.3989573192316,
      306.61210441702525,
      306.8281517953982,
      307.04481516107666,
      307.26832967799004,
      307.499837147526,
      307.73680907853475,
      307.9762677440223,
      308.21597210490324,
      308.4519787587041,
      308.6827725496377,
      308.90852670465245,
      309.12986464794517,
      309.34735468713836,
      309.56244104811077,
      309.77569010963674,
      309.98704863630786,
      310.19632175976164,
      310.4033617614817,
      310.6142289334559,
      310.8305160396024,
      311.05062869936023,
      311.27245074665007,
      311.4943514954817,
      311.7269048330342,
      311.97253153469325,
      312.22781505347496,
      312.48847780146264,
      312.7512425502772,
      313.0110679549558,
      313.26589206542275,
      313.5157173039936,
      313.76113354269773,
      314.0027066674053,
      314.25135310602025,
      314.5101205520256,
      314.7764573800963,
      315.04683209154643,
      315.3184933196567,
      315.59680113006476,
      315.8825463232806,
      316.1732165347587,
      316.46594689746394,
      316.7585955214149,
      317.0444443981674,
      317.32127086724614,
      317.59001463792725,
      317.85230564211287,
      318.10949250784904,
      318.35656522875996,
      318.59257692024136,
      318.8194941320289,
      319.0396792960658,
      319.25495544499313,
      319.4300484972117,
      319.5561607411699,
      319.6433832784825,
      319.70485562793476,
      319.75078422616417,
      319.78791625868064,
      300.0,
      300.0000027952051,
      300.00001994957546,
      300.0000773640941,
      300.0002168314655,
      300.00049211966984,
      300.00096123291945,
      300.00167822485304,
      300.00268727646653,
      300.0040199858327,
      300.0056992438174,
      300.0077491804427,
      300.0102051883267,
      300.0131183994821,
      300.0165532591836,
      300.020581864053,
      300.02527859316854,
      300.0307158667147,
      300.0369605051625,
      300.0440703439721,
      300.05209414217177,
      300.0610755701747,
      300.0710580201618,
      300.08208666119685,
      300.09420672934385,
      300.1074562499684,
      300.12185479369805,
      300.1373937960471,
      300.1540331326787,
      300.17170464982314,
      300.19032765461344,
      300.20983418416085,
      300.2301921109499,
      300.25141540470383,
      300.27355948564735,
      300.29670639234854,
      300.3209466760541,
      300.34636364686224,
      300.3730228316204,
      300.4009669037819,
      300.43021573091875,
      300.46077006832195,
      300.49261648787086,
      300.5257316025675,
      300.5600847713818,
      300.59564204866956,
      300.6323723236774,
      300.67025287874134,
      300.7092714379094,
      300.74942406513844,
      300.7907103469223,
      300.83312795881847,
      300.8766682484364,
      300.9213137091771,
      300.9670372509874,
      301.0138078985565,
      301.0616030600055,
      301.1104203348844,
      301.16028210702564,
      301.2112313380509,
      301.26332462894004,
      301.3166273050903,
      301.3712099571521,
      301.4271442255806,
      301.48449695695643,
      301.5433268844303,
      301.60368585548247,
      301.66562165503973,
      301.729178893326,
      301.794396625734,
      301.8613030754694,
      301.92990931073973,
      302.00020444501325,
      302.0721542425313,
      302.1457030333336,
      302.22077826890995,
      302.297296414538,
      302.3751684795401,
      302.45430424591655,
      302.5346147836251,
      302.6160160303458,
      302.6984343440179,
      302.78181126266594,
      302.86610480826056,
      302.95128670758385,
      303.0373416347039,
      303.12427126166045,
      303.21209858594733,
      303.30086750859897,
      303.39063628411884,
      303.48146626638,
      303.5734093505579,
      303.66649782880137,
      303.7607392991163,
      303.85611647160914,
      303.95259456429216,
      304.0501350907228,
      304.14870911657897,
      304.24830412002456,
      304.3489228608532,
      304.4505797261628,
      304.55329872337444,
      304.6571120584509,
      304.762057262831,
      304.86817197607706,
      304.9754856602157,
      305.0840097845398,
      305.19373005740545,
      305.30460395121816,
      305.4165635054195,
      305.5295192623437,
      305.64336280899505,
      305.7579688297056,
      305.87319908499353,
      305.9889085217482,
      306.1049380939536,
      306.2210909287375,
      306.3371086727888,
      306.45266637003476,
      306.5673895143653,
      306.6808848383634
    ],
    "status": "success"
  }
}