{
  "final_status": "weak_pass",
  "final_lambda": 7.578693811968019e-10,
  "final_reg_order": 1,
  "final_residual_norm": 7.392354446045756,
  "final_reg_norm": 40527.2187606734,
  "n_iterations": 1,
  "summary_notes": [
    "Completed in 1 iteration(s)"
  ],
  "final_config": {
    "parameterization_type": "piecewise_constant",
    "num_parameters": 24,
    "reg_order": 1,
    "lambda_strategy": "discrepancy",
    "lambda_value": 7.578693811968019e-10,
    "lambda_grid": null,
    "max_retries": 8,
    "physical_bounds": [
      -500000.0,
      500000.0
    ],
    "planner_notes": [
      "num_parameters=24 (\u2248 N_t/5)",
      "reg_order=1 (default first-difference smoothness)",
      "noise_std provided \u2192 using discrepancy principle for lambda",
      "physical_bounds=(-500000.0, 500000.0) applied"
    ],
    "stop_tolerance": 0.001,
    "iteration_budget": 12,
    "skip_verifier": false
  },
  "final_result": {
    "estimated_x": [
      2559.3249538272194,
      -1888.2688854083099,
      2431.1066356075835,
      2541.2876071443175,
      1160.0662222397573,
      -8844.147070059691,
      11142.247855917136,
      33994.55957738037,
      48181.73014703653,
      50256.39240149098,
      44923.39104111756,
      50532.938761161706,
      53971.72503692253,
      55907.75512230632,
      49612.231050239214,
      45914.37358592086,
      48025.61716893542,
      53063.55818457826,
      47480.92625280778,
      51901.27200696492,
      53610.93325345168,
      45119.180709762244,
      45412.65970547235,
      54915.15777970873
    ],
    "fitted_y": [
      300.0,
      300.0037183879277,
      300.0121310511852,
      300.0242603325967,
      300.03879996270854,
      300.0482695820494,
      300.05030027435595,
      300.0461738871789,
      300.03790843114837,
      300.027123596297,
      300.0211760799361,
      300.0223872188966,
      300.02951775609745,
      300.0406116032955,
      300.0540996467042,
      300.0690958266237,
      300.0849908079304,
      300.10134670268565,
      300.1178685772135,
      300.1343692528857,
      300.14872778430157,
      300.16035005932076,
      300.16972558069,
      300.17753949547205,
      300.1843331017843,
      300.1759334527821,
      300.1487541608839,
      300.10675869849626,
      300.0551417732402,
      299.9979408482262,
      299.96686051950417,
      299.97117576847654,
      300.00425259078105,
      300.05648820609,
      300.12028130385676,
      300.2237803502823,
      300.37255163277155,
      300.5559499123811,
      300.7611538961467,
      300.9783726771567,
      301.22179463617067,
      301.4928642914402,
      301.78377956465033,
      302.08589275330144,
      302.3927470424939,
      302.70318022289115,
      303.0154504293673,
      303.32728684150766,
      303.6368023188202,
      303.94273940456844,
      304.2366143443981,
      304.51601312555835,
      304.7828161321088,
      305.03972485023525,
      305.28892278346507,
      305.54007117716804,
      305.7963138173369,
      306.0561824862444,
      306.31728252195137,
      306.577721455627,
      306.84127889983296,
      307.1085574051452,
      307.3778608576249,
      307.6472495490526,
      307.91528803878305,
      308.1838873197525,
      308.4532681001678,
      308.72241830778216,
      308.99022654213,
      309.25588849380426,
      309.50976773767815,
      309.749198699011,
      309.9764639104693,
      310.1947407300047,
      310.40655010899445,
      310.60822050590457,
      310.79943045971277,
      310.98228409437377,
      311.1591144695459,
      311.3316878478121,
      311.50424497979,
      311.67833552626195,
      311.85362112542055,
      312.0293205326834,
      312.2047836683683,
      312.3868988899624,
      312.57732546537864,
      312.773986717751,
      312.9742257565026,
      313.1759918672158,
      313.3698274100316,
      313.5527749922731,
      313.726472145178,
      313.893478627838,
      314.05585168929804,
      314.2213935316466,
      314.3926584776131,
      314.56849572528745,
      314.74698310461304,
      314.92657133606446,
      315.1087159718366,
      315.29343552155046,
      315.47969914862875,
      315.66641331076454,
      315.8527715031611,
      316.025918050067,
      316.18230285996754,
      316.3249895271255,
      316.4582132310624,
      316.58530406238526,
      316.70890233744393,
      316.83050339085514,
      316.95084204767284,
      317.0702848762647,
      317.1890298944696,
      317.32099730789264,
      317.4698777527659,
      317.63207977239813,
      317.80277338002486,
      317.97818488624796,
      318.15581577424206,
      300.0,
      300.0000014508797,
      300.0000103550309,
      300.00004015662324,
      300.00011254858697,
      300.0002533064683,
      300.000483712018,
      300.00081205580983,
      300.0012293746607,
      300.00171046324016,
      300.0022210096445,
      300.00272879465274,
      300.0032139657466,
      300.0036743150789,
      300.0041247850188,
      300.00459307141784,
      300.00511385541864,
      300.00572349570274,
      300.00645606181365,
      300.0073408614528,
      300.00840046961497,
      300.00964881017245,
      300.0110899614968,
      300.01271841968713,
      300.01452082243964,
      300.01647284113426,
      300.01852971510175,
      300.020617181967,
      300.0226298789974,
      300.024438702967,
      300.02591499839764,
      300.0269684185456,
      300.02758049722,
      300.02781790370346,
      300.02782261899654,
      300.0277999964491,
      300.02801733259196,
      300.0288043560262,
      300.03054270158754,
      300.033641297667,
      300.0385124444957,
      300.0455588198686,
      300.0551673839563,
      300.06770199601397,
      300.0834915143455,
      300.102817225118,
      300.12590398668056,
      300.1529164004285,
      300.1839592033823,
      300.21908045020206,
      300.25827360162464,
      300.3014774488754,
      300.34857718943016,
      300.3994100755823,
      300.4537759090207,
      300.51145329660443,
      300.5722193436406,
      300.6358666829006,
      300.7022129600669,
      300.7711020522037,
      300.8424014923513,
      300.91599985391633,
      300.9918041260126,
      301.06973594129323,
      301.14972638396006,
      301.23171142881193,
      301.31562942636947,
      301.401419884583,
      301.4890224421767,
      301.57837534437164,
      301.66941019012665,
      301.76204298244045,
      301.85616632942,
      301.95164760540786,
      302.0483336639655,
      302.14605764459225,
      302.2446442920088,
      302.3439139903312,
      302.4436873039508,
      302.54379034900586,
      302.64406151685796,
      302.74435859694245,
      302.8445639304318,
      302.9445861135446,
      303.0443580665406,
      303.1438356625164,
      303.2429988980535,
      303.34185286886026,
      303.4404256626355,
      303.53876235583533,
      303.6369137346038,
      303.73492163258436,
      303.83280632089446,
      303.9305608695512,
      304.0281529127539,
      304.1255339197689,
      304.22265309000454,
      304.31946995963256,
      304.4159615362093,
      304.51212288967406,
      304.60796420121403,
      304.7035071995639,
      304.79878156991504,
      304.89382145357786,
      304.98866175005367,
      305.0833299229349,
      305.1778332275114,
      305.2721475106935,
      305.36621403638753,
      305.459945134467,
      305.5532356024315,
      305.6459756748036,
      305.7380618372764,
      305.8294041181654,
      305.91992963645197,
      306.0095885780154,
      306.098364609286,
      306.1862833790397,
      306.2734130886104,
      306.35985595116745,
      306.445734127688
    ],
    "status": "success"
  }
}