{
  "final_status": "fail",
  "final_lambda": 4.388400196433951e-08,
  "final_reg_order": 1,
  "final_residual_norm": 15.542077347034919,
  "final_reg_norm": 18891.440268751398,
  "n_iterations": 1,
  "summary_notes": [
    "Completed in 1 iteration(s)"
  ],
  "final_config": {
    "parameterization_type": "piecewise_constant",
    "num_parameters": 24,
    "reg_order": 1,
    "lambda_strategy": "fixed",
    "lambda_value": 2.1942000982169754e-08,
    "lambda_grid": null,
    "max_retries": 1,
    "physical_bounds": null,
    "planner_notes": [
      "num_parameters=24 (\u2248 N_t/5)",
      "reg_order=1 (default first-difference smoothness)",
      "noise_std provided \u2192 using discrepancy principle for lambda",
      "iter0: lambda decreased to 2.194e-08 (factor=2.0)"
    ],
    "stop_tolerance": 0.001,
    "iteration_budget": 1,
    "skip_verifier": false
  },
  "final_result": {
    "estimated_x": [
      7453.40561923745,
      10020.577152073936,
      15977.708568689723,
      23534.92850370111,
      30885.152091367698,
      36062.099899718516,
      39186.34164297934,
      39136.18041754254,
      37964.15268411928,
      37811.21370826625,
      39252.241560869676,
      41903.6738008683,
      43482.21129046435,
      43026.009563959946,
      41106.25667130682,
      39822.928356634344,
      39870.9996595249,
      39772.59576587579,
      37148.91989408066,
      32101.295866691817,
      25102.514366104064,
      18076.084074017268,
      13945.194473359878,
      13062.521618315988
    ],
    "fitted_y": [
      300.0,
      300.01082889198295,
      300.03532870842963,
      300.0706522628279,
      300.1129953660803,
      300.1631215387892,
      300.2200496596466,
      300.2815842973346,
      300.3456812207316,
      300.4108809336336,
      300.4849058886549,
      300.5694619641126,
      300.66194144835265,
      300.75911589284397,
      300.8585149547717,
      300.96950656544885,
      301.09398959852007,
      301.22849927237036,
      301.3688495886883,
      301.5118556263926,
      301.66612389164413,
      301.8331964251037,
      302.00952662778917,
      302.1909451281277,
      302.3743040211566,
      302.5650878807676,
      302.7640410400688,
      302.96847444021466,
      303.175352875395,
      303.38241660222735,
      303.5927613390284,
      303.80672378388107,
      304.0226328821243,
      304.2386476810109,
      304.4534183918001,
      304.6660284831454,
      304.8759780925395,
      305.0830370795983,
      305.28712297423806,
      305.4882323944855,
      305.6847026896281,
      305.8761515063177,
      306.0631045104416,
      306.2462446106921,
      306.4261256080103,
      306.6029209531546,
      306.77684927697777,
      306.94816785869153,
      307.11710397541793,
      307.2838359792443,
      307.45059438954627,
      307.61803608056755,
      307.78569803782227,
      307.95291864838373,
      308.1191888025255,
      308.2880392301512,
      308.46029828266325,
      308.6348592408389,
      308.8103287591881,
      308.9856435244633,
      309.1624103965018,
      309.3408207192427,
      309.52003810639434,
      309.69913206699823,
      309.8774151988184,
      310.05379001125357,
      310.22782957397953,
      310.39957130461215,
      310.56918231983747,
      310.73682136758487,
      310.8998222301123,
      311.0575455935408,
      311.2107970561582,
      311.36061561943944,
      311.50781598965074,
      311.651083462836,
      311.7902824937478,
      311.92613015236816,
      312.05942949501025,
      312.1907907041771,
      312.3206903020747,
      312.4494058474883,
      312.5770830582442,
      312.7038023328584,
      312.82961290338653,
      312.95440476306504,
      313.0781638174772,
      313.20094500881953,
      313.3228118766289,
      313.4438141542627,
      313.56017454564454,
      313.67091612980454,
      313.77705743759316,
      313.8799493676061,
      313.98064506453625,
      314.07250814258083,
      314.1540477225838,
      314.2274558670252,
      314.2954680665225,
      314.3601885696183,
      314.4128327987741,
      314.4515871992208,
      314.4796398909397,
      314.5008677803776,
      314.51823302716366,
      314.52346614048065,
      314.5150790994426,
      314.4964659537072,
      314.47162646014016,
      314.443589806526,
      314.4083245869678,
      314.3654557953472,
      314.3172666921542,
      314.26626628042686,
      314.2143137634152,
      314.1613153147733,
      314.10764107921784,
      314.05402649313896,
      314.001130862331,
      313.94939943657477,
      313.89908890753816,
      300.0,
      300.00000422533117,
      300.0000301564855,
      300.00011694630706,
      300.0003277701293,
      300.00074649101,
      300.0014714869732,
      300.0026084239354,
      300.0042627443323,
      300.0065326391139,
      300.00950673404026,
      300.01326761468897,
      300.01789692432334,
      300.02347745686075,
      300.03009078913124,
      300.0378163775162,
      300.0467351333161,
      300.05693378665757,
      300.0685052759074,
      300.08154386156957,
      300.09614136708916,
      300.11238814420597,
      300.130375606858,
      300.1501957759328,
      300.17193646962494,
      300.1956769601598,
      300.2214872783474,
      300.24942930770953,
      300.27955658312726,
      300.31191165706855,
      300.3465239150656,
      300.38340981925273,
      300.42257445205234,
      300.4640124809626,
      300.5077077309361,
      300.55363193575033,
      300.6017436082373,
      300.6519877477895,
      300.70429660096465,
      300.758591290453,
      300.8147833125517,
      300.87277548406735,
      300.93246288688755,
      300.99373455336064,
      301.05647593626463,
      301.1205716549049,
      301.18590798487986,
      301.25237477367597,
      301.31986682633,
      301.38828477213264,
      301.4575363182222,
      301.527538147662,
      301.5982173964078,
      301.66951186182126,
      301.7413686659849,
      301.8137435228814,
      301.88660157674315,
      301.95991832753043,
      302.03367909670766,
      302.1078764539795,
      302.1825074486884,
      302.25757191682953,
      302.3330714131719,
      302.40900808353035,
      302.48538299138187,
      302.56219402978,
      302.6394339038183,
      302.7170886828296,
      302.79513751154633,
      302.8735532253361,
      302.9523025386587,
      303.0313452965189,
      303.1106337150574,
      303.1901130454223,
      303.26972371254726,
      303.3494036143874,
      303.42908966324217,
      303.5087187089475,
      303.5882287190192,
      303.66756029183,
      303.7466583169952,
      303.825473484143,
      303.9039631524224,
      303.9820916725296,
      304.0598301095967,
      304.1371555129694,
      304.21405004756036,
      304.2904999677092,
      304.3664948236831,
      304.4420267890735,
      304.5170886376477,
      304.5916702724821,
      304.6657554068082,
      304.7393205459087,
      304.81233643914345,
      304.8847682471686,
      304.95657289662705,
      305.02769611280263,
      305.098072656514,
      305.16763032975086,
      305.23629224379886,
      305.30397476925253,
      305.3705844422293,
      305.4360185942198,
      305.500170681174,
      305.5629343586448,
      305.6242030544019,
      305.6838678805065,
      305.7418184988231,
      305.7979480826615,
      305.85215820076087,
      305.90436085792254,
      305.9544785549082,
      306.0024450065904,
      306.0482072798462,
      306.09172809497375,
      306.1329872061553,
      306.17198134787026,
      306.2087234857604,
      306.24324158526105,
      306.27557705990614
    ],
    "status": "success"
  }
}