{
  "final_status": "weak_pass",
  "solver_name": "tsvd",
  "final_lambda": 0.03125,
  "final_reg_order": 2,
  "final_residual_norm": 13.622395047452597,
  "final_reg_norm": 190033.28533126877,
  "n_iterations": 7,
  "summary_notes": [
    "Completed in 7 iteration(s)"
  ],
  "final_config": {
    "parameterization_type": "piecewise_constant",
    "num_parameters": 24,
    "reg_order": 2,
    "lambda_strategy": "fixed",
    "lambda_value": 0.03125,
    "lambda_grid": null,
    "max_retries": 6,
    "physical_bounds": null,
    "planner_notes": [
      "num_parameters=24 (\u2248 N_t/5)",
      "reg_order=1 (default first-difference smoothness)",
      "noise_std provided \u2192 using discrepancy principle for lambda",
      "lambda_strategy overridden to 'fixed' from config",
      "lambda_value=0.01 supplied \u2192 strategy forced to 'fixed'",
      "solver_name='tsvd' from config overrides",
      "iter0: oscillatory solution \u2192 increase reg_order to 2",
      "iter1: lambda increased to 5.000e-02 (factor=5.0)",
      "iter2: lambda decreased to 2.500e-02 (factor=2.0)",
      "iter3: lambda increased to 1.250e-01 (factor=5.0)",
      "iter4: lambda decreased to 6.250e-02 (factor=2.0)",
      "iter5: lambda decreased to 3.125e-02 (factor=2.0)"
    ],
    "stop_tolerance": 0.001,
    "iteration_budget": 10,
    "skip_verifier": false,
    "solver_name": "tsvd"
  },
  "final_result": {
    "estimated_x": [
      -11917.703562787956,
      36909.48438679823,
      23655.586589524653,
      3566.903858101621,
      53438.121936431926,
      51455.66944078318,
      21975.027855598277,
      65743.01717485413,
      76184.92407574975,
      34563.69961033549,
      54468.836158585,
      74389.59560992983,
      40561.26710261596,
      35433.18510363954,
      43588.963133380224,
      27440.178291287946,
      24317.046338688626,
      11240.749253793605,
      -6787.211119661484,
      16779.89965965816,
      17092.775570268393,
      -14355.66692741027,
      7161.715735875834,
      22173.924248810068
    ],
    "fitted_y": [
      300.0,
      299.98268502599245,
      299.94351077939035,
      299.88702979987494,
      299.8193248367657,
      299.81607879888116,
      299.8990437897519,
      300.05151028655536,
      300.2497306545812,
      300.47497297928425,
      300.6955526487354,
      300.89869327671767,
      301.0847764833297,
      301.2577581975364,
      301.42124398650185,
      301.5485596725338,
      301.63366121836555,
      301.6852499020545,
      301.71424641996015,
      301.72909658755503,
      301.8078596571525,
      301.97306439603204,
      302.2078248703471,
      302.4880193737391,
      302.7946231067992,
      303.1121500456958,
      303.4320292908559,
      303.7502970011552,
      304.0651466830131,
      304.3757053779736,
      304.63870575984595,
      304.84270629822083,
      304.99890897006253,
      305.1223895816848,
      305.2249658966739,
      305.37810009289115,
      305.60342682146637,
      305.8872816562407,
      306.2092137256696,
      306.55297943307573,
      306.922976438561,
      307.3165163136866,
      307.72559159236016,
      308.1424830721397,
      308.5616337083758,
      308.9190268752586,
      309.19665883110054,
      309.40919707013006,
      309.57720960749435,
      309.7169258668185,
      309.86808422907694,
      310.04505922523265,
      310.2444241382858,
      310.45858894766167,
      310.6812205155747,
      310.93701368920995,
      311.2309334861589,
      311.55378862158426,
      311.89447149600267,
      312.24449987288295,
      312.54916502137195,
      312.79214082979473,
      312.9842944032212,
      313.1416815921915,
      313.27707073905134,
      313.39152807539216,
      313.4884269230182,
      313.57299289541135,
      313.6498405615549,
      313.7222351228957,
      313.80412607615693,
      313.8999183767411,
      314.0072778671691,
      314.1225037039554,
      314.2426140146109,
      314.3421427166603,
      314.413666900717,
      314.4625681511504,
      314.49659566681265,
      314.5218622469732,
      314.53787282981415,
      314.5459328307823,
      314.5487332074928,
      314.5487523959511,
      314.5477454336786,
      314.5278210525638,
      314.4846493845238,
      314.4235949323186,
      314.3515244479644,
      314.2737267842133,
      314.1674673301467,
      314.0279826576272,
      313.8634029842668,
      313.68364016244584,
      313.49625557495597,
      313.3404202052606,
      313.22812886717753,
      313.1521514926429,
      313.1014716102634,
      313.06725976422535,
      313.04404138401986,
      313.0281912676596,
      313.01726082868777,
      313.00963413481,
      313.0042631732888,
      312.95477869107935,
      312.8487459444273,
      312.6978842406751,
      312.51804637133677,
      312.3216116187761,
      312.1480163882407,
      312.0105224751021,
      311.9039570265296,
      311.8191474811456,
      311.7485879294746,
      311.70902932675347,
      311.7030052058259,
      311.72280355747876,
      311.7595311299424,
      311.8064359246075,
      311.8590698407647,
      300.0,
      299.9999932438607,
      299.99995178096094,
      299.99981300743667,
      299.9994759084049,
      299.99883639723896,
      299.997861318896,
      299.9966597581904,
      299.9955117702842,
      299.99484560029714,
      299.99517330634126,
      299.9970087544489,
      300.0007960924076,
      300.0068670759248,
      300.01542956103646,
      300.0265675332103,
      300.0402396548808,
      300.05628193094674,
      300.07442388986055,
      300.09431902268534,
      300.11561063189004,
      300.1380278944436,
      300.16146977652534,
      300.18603829104865,
      300.21201468674775,
      300.23979747503967,
      300.2698290151724,
      300.3025318481068,
      300.3382655137387,
      300.3773045740462,
      300.4198168732452,
      300.465833681611,
      300.5152279300987,
      300.5677184224301,
      300.6229019477716,
      300.6803265805375,
      300.7395946570749,
      300.80045316554583,
      300.86283517662656,
      300.9268463983683,
      300.99272114848907,
      301.0607732864457,
      301.13135297672557,
      301.2048105741767,
      301.28146715027196,
      301.3615689612159,
      301.4452234552698,
      301.5323469341464,
      301.6226529153405,
      301.715685128865,
      301.8108895312184,
      301.9077049483628,
      302.0056417475861,
      302.1043270951991,
      302.20351363430825,
      302.30307355505164,
      302.4029937924621,
      302.50336874932594,
      302.60438229266265,
      302.70627767850704,
      302.8093029423541,
      302.9136373513306,
      303.0193288596727,
      303.12626914990955,
      303.23420985733054,
      303.34280279026655,
      303.451644816725,
      303.560316862877,
      303.6684143949447,
      303.7755692372611,
      303.88146803548744,
      303.9858689760841,
      304.088611825454,
      304.1896172545572,
      304.288875633557,
      304.38642044489205,
      304.4822902789355,
      304.57649443153537,
      304.66899575469745,
      304.75971299640435,
      304.8485345167599,
      304.9353343689318,
      305.01998625630347,
      305.1023746886057,
      305.1824032388175,
      305.25999254474266,
      305.33506716914417,
      305.4075407980458,
      305.47731025304495,
      305.5442606964618,
      305.6082678092112,
      305.6691899126301,
      305.72685850094945,
      305.78107880263053,
      305.83164299290945,
      305.87836415771307,
      305.9211254285714,
      305.9599217790079,
      305.99487540987013,
      306.02622184803255,
      306.05427709799903,
      306.0793995960413,
      306.10195642223727,
      306.122298622403,
      306.140745943912,
      306.1575615618867,
      306.17291246302807,
      306.1868358086802,
      306.1992329483077,
      306.20989432688094,
      306.2185555565746,
      306.2249706785592,
      306.22897541938585,
      306.2305199849197,
