{
  "final_status": "weak_pass",
  "final_lambda": 7.578693811968019e-10,
  "final_reg_order": 0,
  "final_residual_norm": 1.7852122846312741,
  "final_reg_norm": 217408.85146503052,
  "n_iterations": 1,
  "summary_notes": [
    "Completed in 1 iteration(s)"
  ],
  "final_config": {
    "parameterization_type": "piecewise_constant",
    "num_parameters": 24,
    "reg_order": 0,
    "lambda_strategy": "discrepancy",
    "lambda_value": 7.578693811968019e-10,
    "lambda_grid": null,
    "max_retries": 8,
    "physical_bounds": [
      -500000.0,
      500000.0
    ],
    "planner_notes": [
      "num_parameters=24 (\u2248 N_t/5)",
      "reg_order=0 (default first-difference smoothness)",
      "noise_std provided \u2192 using discrepancy principle for lambda",
      "physical_bounds=(-500000.0, 500000.0) applied"
    ],
    "stop_tolerance": 0.001,
    "iteration_budget": 12,
    "skip_verifier": false
  },
  "final_result": {
    "estimated_x": [
      2832.5876181356716,
      3648.863218488754,
      8962.777163684277,
      11272.8017049032,
      16286.544126536464,
      15049.18724540129,
      23384.100991674644,
      24341.79106537591,
      27277.512411077692,
      31633.286555826926,
      32924.307053229786,
      38588.85695684014,
      41728.998357691926,
      46167.35584433321,
      47693.055726166516,
      50506.89744179828,
      53868.069229074776,
      59431.522012809444,
      59883.39465539198,
      65038.91366323545,
      69062.78453803787,
      70398.65191606984,
      75437.0119376799,
      52194.944115870756
    ],
    "fitted_y": [
      300.0,
      300.0041154053484,
      300.01342630029484,
      300.02685064185476,
      300.04294268837873,
      300.0617610906288,
      300.0828722223845,
      300.1055026049806,
      300.1289566820462,
      300.1527432050799,
      300.18427014908065,
      300.2253747595279,
      300.273916612756,
      300.32712143913847,
      300.38284210444266,
      300.44302335471326,
      300.5076771396163,
      300.5754018506535,
      300.6447145661709,
      300.7145230921327,
      300.79141138630814,
      300.8768708141898,
      300.9687449625943,
      301.06434403139843,
      301.16160910293746,
      301.257401317481,
      301.3504338581632,
      301.4407027847595,
      301.5285710489969,
      301.6143887904348,
      301.71052538989,
      301.8203416859509,
      301.94078495430466,
      302.0677001464915,
      302.1978492536557,
      302.3304981588799,
      302.4647112708081,
      302.59935354628266,
      302.733493493535,
      302.8665052946909,
      303.0022778659936,
      303.14172330994205,
      303.2836194401263,
      303.42643241664683,
      303.5689979304817,
      303.71690002496575,
      303.8713625179951,
      304.03048150002843,
      304.1919142577653,
      304.3538802323085,
      304.51710596372476,
      304.6813957964755,
      304.8458646304403,
      305.0096430651241,
      305.1721165697387,
      305.3411410146047,
      305.51867124430777,
      305.70244543288925,
      305.8895396628711,
      306.077705851688,
      306.270045926813,
      306.46687652889335,
      306.6664900660661,
      306.86700433025,
      307.06702842382435,
      307.27212735590786,
      307.4834745973551,
      307.699088786422,
      307.9165614772747,
      308.1340695058819,
      308.35265751819014,
      308.57221006608194,
      308.79175169384496,
      309.01029771351944,
      309.22714774832,
      309.44596351187954,
      309.6675848095098,
      309.8908262746568,
      310.1142158711917,
      310.33664246349343,
      310.56228441567697,
      310.7920147502308,
      311.02433061566194,
      311.25741335091203,
      311.48989158917817,
      311.72897211222886,
      311.976260495233,
      312.22934657627997,
      312.4852470975284,
      312.7416893593346,
      312.9978593424879,
      313.2530455308896,
      313.5065682883637,
      313.7579211581935,
      314.0067884728032,
      314.26049056300036,
      314.520919606602,
      314.7860924639616,
      315.0534001639202,
      315.3208345808446,
      315.5929419059614,
      315.8704783390036,
      316.15146408106693,
      316.43360814155164,
      316.71519593145666,
      316.9970716662398,
      317.2790953479167,
      317.5603937228007,
      317.84009758795696,
      318.1175940927189,
      318.3998348523628,
      318.6885445042544,
      318.9817108457525,
      319.2767409434612,
      319.5716477118757,
      319.8313794634942,
      320.0463069506326,
      320.22487372978134,
      320.37871097884425,
      320.51695977862266,
      320.6456973130694,
      300.0,
      300.00000160579214,
      300.0000114606518,
      300.0000444442014,
      300.0001245655552,
      300.00028360564147,
      300.00055857823946,
      300.000988803523,
      300.0016130031076,
      300.0024667315418,
      300.003583424614,
      300.00499965069594,
      300.0067606692193,
      300.00892230470066,
      300.0115481383048,
      300.0147050533347,
      300.0184597421985,
      300.0228762798283,
      300.0280138449369,
      300.0339241577168,
      300.0406518751815,
      300.048238888077,
      300.0567292230799,
      300.0661709078265,
      300.07661382131425,
      300.0881043153087,
      300.1006786762049,
      300.11435788482595,
      300.1291452307104,
      300.1450268353147,
      300.16197892924924,
      300.1799814167778,
      300.19903076811687,
      300.21914567700975,
      300.24036406394373,
      300.26273496817305,
      300.28630957544357,
      300.31113377282435,
      300.3372429277707,
      300.3646587660913,
      300.39338972919415,
      300.4234346821052,
      300.45478742029263,
      300.48743947301244,
      300.5213803810743,
      300.5565987145714,
      300.59308543236114,
      300.63083732508494,
      300.6698578180727,
      300.71015442365797,
      300.7517349248955,
      300.79460426486855,
      300.83876247144025,
      300.88420325022776,
      300.93091285321316,
      300.9788725255962,
      301.0280651518544,
      301.07848199383585,
      301.130125399152,
      301.18300637315303,
      301.23714069385915,
      301.2925464321123,
      301.3492424311821,
      301.4072463585146,
      301.4665717041687,
      301.5272269360042,
      301.5892181488193,
      301.6525524990426,
      301.7172394390525,
      301.78328872328365,
      301.8507073294734,
      301.9194972361409,
      301.98965414179105,
      302.061166637422,
      302.1340153418271,
      302.208173792109,
      302.2836116358074,
      302.3602981138777,
      302.4382039022201,
      302.51730058070996,
      302.5975605088021,
      302.67895862294284,
      302.7614744519043,
      302.8450924172568,
      302.9297997285724,
      303.01558604232605,
      303.1024467725591,
      303.19038679264446,
      303.27942101210755,
      303.3695707228625,
      303.46085769617343,
      303.5532985123066,
      303.64690027909455,
      303.7416582802512,
      303.8375551236078,
      303.934564021018,
      304.03265632693666,
      304.13180903285894,
      304.2320084076902,
      304.333248599428,
      304.4355292568344,
      304.53885503849193,
      304.6432356462254,
      304.7486845062658,
      304.85521525165706,
      304.962837887207,
      305.07155631978134,
      305.18136702365416,
      305.29225843408386,
      305.40421041337976,
      305.51719674809294,
      305.63119142401086,
      305.74617482836385,
      305.862136464419,
      305.9790730337599,
      306.0969704013379,
      306.2157701355229,
      306.3353388847726,
      306.45545862676886,
      306.5758408475783,
      306.6961560012335
    ],
    "status": "success"
  }
}