{
  "final_status": "fail",
  "final_lambda": 1.0,
  "final_reg_order": 1,
  "final_residual_norm": 35.1174763068092,
  "final_reg_norm": 0.0859247137283906,
  "n_iterations": 1,
  "summary_notes": [
    "Completed in 1 iteration(s)"
  ],
  "final_config": {
    "parameterization_type": "piecewise_constant",
    "num_parameters": 24,
    "reg_order": 1,
    "lambda_strategy": "fixed",
    "lambda_value": 5.0,
    "lambda_grid": null,
    "max_retries": 1,
    "physical_bounds": null,
    "planner_notes": [
      "num_parameters=24 (\u2248 N_t/5)",
      "reg_order=1 (default first-difference smoothness)",
      "noise_std provided \u2192 using discrepancy principle for lambda",
      "lambda_value=1.0 supplied \u2192 strategy forced to 'fixed'",
      "iter0: lambda increased to 5.000e+00 (factor=5.0)"
    ],
    "stop_tolerance": 0.001,
    "iteration_budget": 1
  },
  "final_result": {
    "estimated_x": [
      31907.47607906902,
      31907.479120632608,
      31907.485986291587,
      31907.49661216063,
      31907.510782882873,
      31907.528166883072,
      31907.54836075694,
      31907.57089966411,
      31907.595242579446,
      31907.620824878933,
      31907.647077338614,
      31907.67339934166,
      31907.699188576404,
      31907.72388219466,
      31907.746970618533,
      31907.767961851823,
      31907.786477820715,
      31907.80221656199,
      31907.814997451296,
      31907.824772135926,
      31907.83158994126,
      31907.835740314877,
      31907.837712062905,
      31907.838234604867
    ],
    "fitted_y": [
      300.0,
      300.0463576825894,
      300.1512395778127,
      300.30245709159965,
      300.48372477286614,
      300.68234425593073,
      300.889924922139,
      301.1012664036922,
      301.31322668382455,
      301.52393145634267,
      301.7322785956056,
      301.9376379051002,
      302.1396698915452,
      302.3382155125266,
      302.53322818136485,
      302.7247312216909,
      302.91279089921795,
      303.0974991272197,
      303.2789623241019,
      303.45729416274395,
      303.6326109009545,
      303.80502828189486,
      303.9746596553946,
      304.14161474789165,
      304.3059990054731,
      304.4679132312075,
      304.62745338834594,
      304.7847106015117,
      304.93977126348966,
      305.09271717702103,
      305.2436257911573,
      305.3925703164494,
      305.53961997898455,
      305.6848402304403,
      305.82829296123583,
      305.97003675664723,
      306.1101270186535,
      306.2486161589172,
      306.385553799368,
      306.52098694596833,
      306.6549601731097,
      306.7875157117853,
      306.9186936031306,
      307.0485318220968,
      307.1770664316595,
      307.3043317091785,
      307.43036020597134,
      307.5551828648882,
      307.6788290884963,
      307.80132685546715,
      307.92270284973256,
      308.04298246752705,
      308.1621899006572,
      308.28034819419435,
      308.3974793357951,
      308.51360435049946,
      308.62874330937973,
      308.7429153602046,
      308.85613880510726,
      308.9684311463809,
      309.07980917505574,
      309.19028895367995,
      309.29988586676546,
      309.40861463826116,
      309.5164893953553,
      309.62352374093774,
      309.72973071921365,
      309.8351228531334,
      309.9397121902034,
      310.04351028804217,
      310.1465283370886,
      310.2487770904075,
      310.3502669133615,
      310.4510077921563,
      310.55100936437117,
      310.650280958791,
      310.7488315922352,
      310.84666998055644,
      310.94380454952335,
      311.04024344129465,
      311.1359945832705,
      311.2310656549789,
      311.32546410201894,
      311.4191971508693,
      311.5122717984773,
      311.6046948842954,
      311.69647306246486,
      311.7876127932336,
      311.87812037239104,
      311.96800192929857,
      312.0572634401795,
      312.1459107604803,
      312.2339495973471,
      312.32138551186495,
      312.4082239454428,
      312.4944702196285,
      312.5801295526013,
      312.6652070544159,
      312.74970771834404,
      312.8336364338896,
      312.91699800403444,
      312.9997971493689,
      313.0820385097962,
      313.16372661412817,
      313.2448659232718,
      313.32546081998606,
      313.40551562168184,
      313.48503458867594,
      313.56402188310426,
      313.64248161514433,
      313.7204178295771,
      313.7978345187575,
      313.87473562848885,
      313.95112502288134,
      314.0270065319089,
      314.1023839050112,
      314.1772608785997,
      314.2516411380442,
      314.32552829618044,
      314.39892594418416,
      314.4718376007759,
      300.0,
      300.00001808832945,
      300.00012909767577,
      300.0005006384582,
      300.00140315958856,
      300.00318944244134,
      300.00625486021863,
      300.0109940334334,
      300.01776520281163,
      300.0268672058012,
      300.0385288100257,
      300.0529078227474,
      300.0700964105416,
      300.0901299212796,
      300.11299682517716,
      300.1386485724151,
      300.1670085039987,
      300.1979794857527,
      300.23145028358135,
      300.26730059837524,
      300.30540508523234,
      300.3456363823915,
      300.3878674056079,
      300.4319730276664,
      300.4778313044528,
      300.52532427661663,
      300.5743385209506,
      300.62476546780164,
      300.67650158062975,
      300.72944841403597,
      300.7835125484609,
      300.8386055158284,
      300.89464363087797,
      300.9515478515082,
      301.0092435719986,
      301.06766044525574,
      301.1267321452225,
      301.18639620546634,
      301.24659380516044,
      301.30726957318643,
      301.3683714067534,
      301.4298502972869,
      301.49166014725466,
      301.5537576196277,
      301.6161019818851,
      301.6786549518381,
      301.74138056523566,
      301.80424503249225,
      301.86721662623825,
      301.9302655779224,
      301.99336392726303,
      302.0564854624028,
      302.1196055730097,
      302.1827012067495,
      302.24575075500576,
      302.3087339621837,
      302.3716318767478,
      302.43442672790115,
      302.4971019292148,
      302.55964195890743,
      302.6220322945411,
      302.68425939307843,
      302.74631059476764,
      302.8081741086349,
      302.8698389508037,
      302.9312948719363,
      302.9925323590551,
      303.0535425412409,
      303.11431721865506,
      303.1748487790947,
      303.2351301453862,
      303.29515480259766,
      303.35491671099174,
      303.4144103241653,
      303.4736305364395,
      303.53257264294945,
      303.5912323469056,
      303.649605707006,
      303.7076891501347,
      303.7654794368908,
      303.82297361079657,
      303.8801690182538,
      303.9370632777201,
      303.9936542724559,
      304.04994014507486,
      304.10591922498827,
      304.16159008644894,
      304.2169514850785,
      304.2720023832621,
      304.3267419392589,
      304.38116942920647,
      304.4352843323697,
      304.4890862386469,
      304.5425749029844,
      304.59575022179223,
      304.64861217671444,
      304.70116089267145,
      304.75339657438434,
      304.8053195571613,
      304.8569302724334,
      304.90822920603523,
      304.95921696168784,
      305.0098941830116,
      305.06026162245,
      305.11032009773777,
      305.1600704628794,
      305.20951365168,
      305.2586506360317,
      305.30748244768,
      305.35601019273304,
      305.4042349772974,
      305.45215797640105,
      305.4997803741414,
      305.5471034162846,
      305.5941284011975,
      305.64085660185685,
      305.6872893692327,
      305.7334280325339,
      305.7792739790132,
      305.82482863038973,
      305.8700933848095
    ],
    "status": "success"
  }
}