{
  "final_status": "weak_pass",
  "final_lambda": 5.333987437795182e-07,
  "final_reg_order": 2,
  "final_residual_norm": 7.786359306514366,
  "final_reg_norm": 3670.1176526492677,
  "n_iterations": 3,
  "summary_notes": [
    "Completed in 3 iteration(s)"
  ],
  "final_config": {
    "parameterization_type": "piecewise_constant",
    "num_parameters": 24,
    "reg_order": 2,
    "lambda_strategy": "discrepancy",
    "lambda_value": 5.333987437795182e-07,
    "lambda_grid": null,
    "max_retries": 8,
    "physical_bounds": [
      -500000.0,
      500000.0
    ],
    "planner_notes": [
      "num_parameters=24 (\u2248 N_t/5)",
      "reg_order=0 (default first-difference smoothness)",
      "noise_std provided \u2192 using discrepancy principle for lambda",
      "physical_bounds=(-500000.0, 500000.0) applied",
      "iter0: oscillatory solution \u2192 increase reg_order to 1",
      "iter1: oscillatory solution \u2192 increase reg_order to 2"
    ],
    "stop_tolerance": 0.001,
    "iteration_budget": 12
  },
  "final_result": {
    "estimated_x": [
      826.9243794363952,
      8738.018498469726,
      16474.743144334974,
      23709.999644279236,
      30000.11550452638,
      34933.34218811249,
      38317.87894125686,
      40269.52747359822,
      41142.74690223968,
      41386.4758219633,
      41365.993373699675,
      41253.264901064904,
      41080.768202234685,
      40848.30888403937,
      40538.22605830939,
      40030.144460395284,
      39095.137347148,
      37412.31307618373,
      34716.705120024446,
      30933.115788949523,
      26199.240316568354,
      20851.556742240446,
      15227.573566651963,
      9534.429034697983
    ],
    "fitted_y": [
      300.0,
      300.0012014205641,
      300.0039195733853,
      300.0078385749523,
      300.0125363662936,
      300.0291777096441,
      300.0605617049194,
      300.10353155331876,
      300.15396803429974,
      300.20867415789786,
      300.27678152033906,
      300.3599344833991,
      300.4543898085735,
      300.5557298653991,
      300.6606011668815,
      300.7773255054971,
      300.9073183274545,
      301.0470168738351,
      301.19226503293856,
      301.3399248434673,
      301.4970990795624,
      301.66495045278793,
      301.8403544414632,
      302.01969531222284,
      302.2002570436272,
      302.3874573983031,
      302.5821281623755,
      302.7817847637247,
      302.98358519053926,
      303.1854094472765,
      303.39082224013725,
      303.6003159728047,
      303.81215458260374,
      304.02438496886606,
      304.2355659536096,
      304.4476278404539,
      304.6607952154321,
      304.87404908529,
      305.08627011161127,
      305.29664855509964,
      305.50596049874656,
      305.7142729110496,
      305.9211300726756,
      306.1260512745064,
      306.32870562184195,
      306.5292642840515,
      306.7277415352755,
      306.92403095448105,
      307.11803362762737,
      307.3097002814694,
      307.4989969810619,
      307.68594221546084,
      307.87058826780174,
      308.05299993370136,
      308.2332444725177,
      308.41122429388605,
      308.58696041950054,
      308.7605573806457,
      308.93213153528586,
      309.1017839060518,
      309.26934706243685,
      309.4348245998964,
      309.59834203362135,
      309.7600401720793,
      309.92003542339825,
      310.0780793542138,
      310.2341523187286,
      310.38839839970694,
      310.5409824427515,
      310.692036987901,
      310.84120834831384,
      310.9884486754125,
      311.13392933167165,
      311.2778502460652,
      311.4203691639324,
      311.56085889708174,
      311.69920231483894,
      311.8356476378931,
      311.97049412929465,
      312.10397493371767,
      312.2348903598868,
      312.36298801038976,
      312.48869377260763,
      312.6125315167064,
      312.7349062980497,
      312.85364342577276,
      312.96827253421793,
      313.07954388482153,
      313.18838428309965,
      313.29550708353764,
      313.39746709192156,
      313.4935300872456,
      313.58490497123677,
      313.6730761439561,
      313.75918181319497,
      313.838472725885,
      313.9099681959331,
      313.975391528941,
      314.0368384090625,
      314.09590999384505,
      314.1467766093584,
      314.18827701437334,
      314.222603248106,
      314.25239495832216,
      314.27966201744846,
      314.29794611217056,
      314.3060095923171,
      314.30636894575593,
      314.30202551441187,
      314.2952566636379,
      314.2793720226798,
      314.2531273782516,
      314.21919844401975,
      314.1807536404325,
      314.140189697086,
      314.0907878324059,
      314.0313159840855,
      313.96449353689496,
      313.8935285652991,
      313.8208420393107,
      313.7479970742628,
      300.0,
      300.00000046878284,
      300.0000033457366,
      300.0000129747067,
      300.00003636473366,
      300.0000871434073,
      300.0001941121553,
      300.0004090533786,
      300.00080830607544,
      300.0014870849214,
      300.00255373114254,
      300.0041283247027,
      300.0063427130223,
      300.00933748269387,
      300.01325459634666,
      300.01823189058535,
      300.02440289092715,
      300.03189870435955,
      300.0408473803628,
      300.05136923108677,
      300.06357348187856,
      300.07755934233796,
      300.09341877307986,
      300.11123699061244,
      300.13108940788624,
      300.1530393214609,
      300.1771390054276,
      300.20343219033686,
      300.23195490120395,
      300.26273358274557,
      300.29578358016335,
      300.33110997221235,
      300.36870948083305,
      300.40857141843253,
      300.45067688822667,
      300.49499807808127,
      300.54149892420236,
      300.5901365116142,
      300.6408620381159,
      300.69362085678324,
      300.74835245683886,
      300.8049910709614,
      300.8634666501855,
      300.9237057477066,
      300.9856320144163,
      301.0491665899173,
      301.1142286544246,
      301.18073607980557,
      301.24860611783953,
      301.31775596116927,
      301.3881031930633,
      301.4595662092546,
      301.5320645742693,
      301.6055194520654,
      301.67985396066496,
      301.7549934492941,
      301.8308656795718,
      301.90740088754666,
      301.98453195653076,
      302.0621945444326,
      302.1403271464019,
      302.21887105530936,
      302.2977702013758,
      302.3769711508609,
      302.4564231338798,
      302.53607800101247,
      302.6158900821953,
      302.69581592245413,
      302.77581422870935,
      302.8558458932316,
      302.9358739428851,
      303.01586335436264,
      303.09578073533584,
      303.17559427051344,
      303.25527380266914,
      303.3347907554974,
      303.41411781058156,
      303.49322843804015,
      303.5720968274608,
      303.65069811769973,
      303.72900831932134,
      303.8070037374392,
      303.884660225533,
      303.96195310502094,
      304.03885772683105,
      304.115349490428,
      304.1914029082616,
      304.26699043366233,
      304.3420823904859,
      304.4166481056899,
      304.4906562418056,
      304.564073544985,
      304.6368632149282,
      304.7089848986313,
      304.7803965789164,
      304.8510554436937,
      304.9209164598355,
      304.989930355771,
      305.05804370278537,
      305.1252015634607,
      305.1913489581449,
      305.2564293969805,
      305.3203825596567,
      305.38314441864253,
      305.4446504533464,
      305.50483762807863,
      305.5636429964608,
      305.62100121686495,
      305.67684463957164,
      305.73110676523936,
      305.78372444794985,
      305.8346365086544,
      305.8837810958841,
      305.9310956285724,
      305.97652019265826,
      306.01999968614575,
      306.06148231935094,
      306.10091679516563,
      306.13825205499865,
      306.17344049142207,
      306.2064431426187
    ],
    "status": "success"
  }
}