{
  "final_status": "fail",
  "final_lambda": 0.18168751927032273,
  "final_reg_order": 1,
  "final_residual_norm": 8.110428376019996,
  "final_reg_norm": 0.006444452879712205,
  "n_iterations": 9,
  "summary_notes": [
    "Completed in 9 iteration(s)"
  ],
  "final_config": {
    "parameterization_type": "piecewise_constant",
    "num_parameters": 24,
    "reg_order": 1,
    "lambda_strategy": "fixed",
    "lambda_value": 0.18168751927032273,
    "lambda_grid": null,
    "max_retries": 8,
    "physical_bounds": [
      -500000.0,
      500000.0
    ],
    "planner_notes": [
      "num_parameters=24 (\u2248 N_t/5)",
      "reg_order=1 (default first-difference smoothness)",
      "noise_std provided \u2192 using discrepancy principle for lambda",
      "physical_bounds=(-500000.0, 500000.0) applied",
      "iter0: lambda increased to 2.326e-06 (factor=5.0)",
      "iter1: lambda increased to 1.163e-05 (factor=5.0)",
      "iter2: lambda increased to 5.814e-05 (factor=5.0)",
      "iter3: lambda increased to 2.907e-04 (factor=5.0)",
      "iter4: lambda increased to 1.454e-03 (factor=5.0)",
      "iter5: lambda increased to 7.268e-03 (factor=5.0)",
      "iter6: lambda increased to 3.634e-02 (factor=5.0)",
      "iter7: lambda increased to 1.817e-01 (factor=5.0)"
    ],
    "stop_tolerance": 0.001,
    "iteration_budget": 12,
    "skip_verifier": false
  },
  "final_result": {
    "estimated_x": [
      22893.452488075865,
      22893.45286038945,
      22893.45367156786,
      22893.454880556164,
      22893.456434561314,
      22893.458269200535,
      22893.46030993127,
      22893.46247569984,
      22893.464682860656,
      22893.466850129313,
      22893.468904313922,
      22893.470783638422,
      22893.472439392706,
      22893.473838639533,
      22893.474966600425,
      22893.475826486538,
      22893.476438739744,
      22893.47683873027,
      22893.47707215054,
      22893.47718929548,
      22893.47723651458,
      22893.477249749463,
      22893.477251640914,
      22893.477251704433
    ],
    "fitted_y": [
      300.0,
      300.00000025636433,
      300.0000023254982,
      300.0000112422943,
      300.0000385704786,
      300.00010550370865,
      300.0002450765539,
      300.00050283728956,
      300.00093585887674,
      300.00161035750637,
      300.0025984587639,
      300.0039746540752,
      300.00581242112094,
      300.00818133095294,
      300.01114477585145,
      300.01475837908447,
      300.01906905794203,
      300.02411460210106,
      300.0299237126658,
      300.0365163496259,
      300.0439043109543,
      300.05209196916616,
      300.06107706643917,
      300.0708515461712,
      300.0814023754284,
      300.09271231143583,
      300.10476066156093,
      300.1175239300809,
      300.1309764128955,
      300.14509076361145,
      300.1598384138754,
      300.1751900223371,
      300.19111580519035,
      300.2075858250706,
      300.2245702617345,
      300.2420395786314,
      300.25996474022725,
      300.27831731871504,
      300.2970696072312,
      300.3161947187577,
      300.3356666238609,
      300.3554602157586,
      300.37555133764835,
      300.39591679051495,
      300.41653435915805,
      300.43738278876737,
      300.45844179142944,
      300.47969202790904,
      300.50111508292343,
      300.5226934547317,
      300.54441051609456,
      300.5662504973566,
      300.5881984408995,
      300.61024020374464,
      300.6323623872807,
      300.65455232815407,
      300.6767980735435,
      300.6990883239009,
      300.72141243945816,
      300.7437603816665,
      300.7661226845674,
      300.7884904560934,
      300.8108553090974,
      300.83320936785907,
      300.85554524075667,
      300.87785596691236,
      300.90013503050653,
      300.92237630612175,
      300.94457406264667,
      300.966722937249,
      300.9888178976371,
      301.0108542485661,
      301.03282758368874,
      301.05473381288317,
      301.0765691167063,
      301.0983299190655,
      301.1200129106428,
      301.14161499033435,
      301.1631332912776,
      301.18456516133074,
      301.20590813053974,
      301.2271599228499,
      301.2483184222713,
      301.2693816780842,
      301.2903479191535,
      301.31121548756056,
      301.33198289456124,
      301.3526487464087,
      301.373211793805,
      301.3936709071754,
      301.4140250428337,
      301.43427328852886,
      301.45441479707677,
      301.4744488319075,
      301.49437474103814,
      301.51419194275803,
      301.53389994384804,
      301.55349830444374,
      301.5729866640627,
      301.5923647298924,
      301.6116322507631,
      301.63078904968177,
      301.64983498479177,
      301.6687699714954,
      301.6875939798518,
      301.70630700074145,
      301.7249090901122,
      301.7434003221309,
      301.76178081260764,
      301.78005072159823,
      301.7982102208708,
      301.8162595303435,
      301.83419887774266,
      301.85202853243794,
      301.869748782018,
      301.8873599348933,
      301.9048623268027,
      301.9222562947867,
      301.9395422110224,
      301.9567204685086,
      301.9737914563404,
      300.0,
      300.00000003253365,
      300.0000003513625,
      300.0000018661247,
      300.0000069738925,
      300.00002061456047,
      300.00005142513623,
      300.0001126428717,
      300.0002226075814,
      300.00040468356144,
      300.00068667789026,
      300.00109982017597,
      300.00167747162516,
      300.00245376644193,
      300.00346227665057,
      300.00473486170944,
      300.0063007263391,
      300.0081857112911,
      300.0104118547956,
      300.0129971492103,
      300.0159554915696,
      300.01929679550017,
      300.0230271734083,
      300.02714924880263,
      300.0316624673146,
      300.03656347018364,
      300.0418464677424,
      300.0475035582456,
      300.0535251000536,
      300.0599000226536,
      300.06661609083164,
      300.0736602222004,
      300.0810186524692,
      300.0886771683848,
      300.09662128731605,
      300.1048363925937,
      300.11330789878093,
      300.12202129852136,
      300.13096230698824,
      300.14011688921255,
      300.1494713550809,
      300.1590124061839,
      300.1687271306106,
      300.17860306281057,
      300.1886281874975,
      300.19879096047094,
      300.20908032553365,
      300.2194856806565,
      300.2299969066083,
      300.240604330518,
      300.2512987558057,
      300.2620714439635,
      300.27291407031043,
      300.2838187461147,
      300.2947779730469,
      300.305784661399,
      300.31683211446796,
      300.32791397650203,
      300.33902426002925,
      300.350157288598,
      300.36130771759866,
      300.3724705238528,
      300.38364095486105,
      300.3948145431175,
      300.4059870761791,
      300.4171545901587,
      300.4283133840403,
      300.43945995721396,
      300.45059104070856,
      300.46170355034315,
      300.47279459583655,
      300.48386149902603,
      300.49490171838954,
      300.5059129010993,
      300.5168928283655,
      300.5278394336552,
      300.5387508052947,
      300.54962513832027,
      300.560460776121,
      300.5712561531795,
      300.58200982240027,
      300.59272045771263,
      300.6033868059207,
      300.6140077270451,
      300.62458214877614,
      300.63510909250056,
      300.6455876667948,
      300.65601703619296,
      300.6663964498162,
      300.67672520233236,
      300.68700266128445,
      300.69722826188524,
      300.7074014770861,
      300.71752184490555,
      300.72758893459434,
      300.7376023739633,
      300.7475618363704,
      300.7574670212003,
      300.7673176824941,
      300.7771136003196,
      300.7868545807716,
      300.79654048460117,
      300.8061711764634,
      300.81574657176594,
      300.82526659112165,
      300.8347311876771,
      300.8441403510165,
      300.8534940707241,
      300.8627923754246,
      300.872035298948,
      300.8812228894393,
      300.89035523928925,
      300.8994324213685,
