{
  "final_status": "fail",
  "final_lambda": 1.6541596096830655e-05,
  "final_reg_order": 1,
  "final_residual_norm": 77.797897539425,
  "final_reg_norm": 1580.4681199282318,
  "n_iterations": 9,
  "summary_notes": [
    "Completed in 9 iteration(s)"
  ],
  "final_config": {
    "parameterization_type": "piecewise_constant",
    "num_parameters": 24,
    "reg_order": 1,
    "lambda_strategy": "fixed",
    "lambda_value": 1.6541596096830655e-05,
    "lambda_grid": null,
    "max_retries": 8,
    "physical_bounds": [
      -500000.0,
      500000.0
    ],
    "planner_notes": [
      "num_parameters=24 (\u2248 N_t/5)",
      "reg_order=1 (default first-difference smoothness)",
      "noise_std provided \u2192 using discrepancy principle for lambda",
      "physical_bounds=(-500000.0, 500000.0) applied",
      "iter0: lambda decreased to 3.308e-06 (factor=5.0)",
      "iter1: lambda increased to 1.654e-05 (factor=5.0)",
      "iter2: lambda decreased to 3.308e-06 (factor=5.0)",
      "iter3: lambda increased to 1.654e-05 (factor=5.0)",
      "iter4: lambda decreased to 3.308e-06 (factor=5.0)",
      "iter5: lambda increased to 1.654e-05 (factor=5.0)",
      "iter6: lambda decreased to 3.308e-06 (factor=5.0)",
      "iter7: lambda increased to 1.654e-05 (factor=5.0)"
    ],
    "stop_tolerance": 0.001,
    "iteration_budget": 12,
    "skip_verifier": false
  },
  "final_result": {
    "estimated_x": [
      37667.15744557423,
      37674.32769206689,
      37694.09110215406,
      37709.16588417348,
      37708.15485713215,
      37678.089076034106,
      37622.83125858625,
      37510.591593488374,
      37337.26563990504,
      37101.87965729726,
      36800.2176851802,
      36435.30465846249,
      35993.7812383812,
      35476.36665381174,
      34899.83497134422,
      34307.80552407778,
      33741.983526345,
      33229.09983384638,
      32781.299578776205,
      32422.506111908326,
      32153.25300844803,
      31972.528525742968,
      31885.629651787884,
      31867.63742202392
    ],
    "fitted_y": [
      300.0,
      300.0547257992008,
      300.1785401319539,
      300.35705421706126,
      300.57104288458044,
      300.8055259741033,
      301.05060099256684,
      301.3001261058855,
      301.55038846782463,
      301.7991725853398,
      302.0452042033787,
      302.2877457322015,
      302.52638814371875,
      302.76093318244085,
      302.99131774257756,
      303.21758590500514,
      303.4398183445003,
      303.6581158309597,
      303.87259513394577,
      304.0833837741207,
      304.29061316583966,
      304.4944169089676,
      304.6949276491588,
      304.89227455624825,
      305.0865820398903,
      305.27792542737666,
      305.46640662198445,
      305.65214480700456,
      305.8352574585314,
      306.01585326036974,
      306.1939513810498,
      306.3696222157558,
      306.54297170959194,
      306.7141072507476,
      306.8831250754318,
      307.0499464948849,
      307.2146035565261,
      307.3772067287055,
      307.5378752929414,
      307.6967114119201,
      307.8535464940261,
      308.00838318515906,
      308.1613462947779,
      308.31257578472315,
      308.46218702597986,
      308.6099261075361,
      308.75577094426836,
      308.8998654028635,
      309.0423744634611,
      309.1834305148516,
      309.32269159822414,
      309.4601123184206,
      309.59585993174113,
      309.73012909705324,
      309.8630732320086,
      309.99426996391406,
      310.1236544273219,
      310.2514183801248,
      310.37778660912414,
      310.5029341240482,
      310.62633954949837,
      310.7479144182798,
      310.86788119072116,
      310.98650267265697,
      311.10398186139184,
      311.21970398613956,
      311.3335604427289,
      311.4458063640161,
      311.5567439370859,
      311.6666051646685,
      311.77470714346344,
      311.8809283203859,
      311.9855508344438,
      312.08890831584824,
      312.1912557540119,
      312.29190161388954,
      312.3907258341228,
      312.4880197336477,
      312.58412561960375,
      312.6793039252158,
      312.77290371727884,
      312.8648154151108,
      312.955319562261,
      313.0447436076229,
      313.1333356653471,
      313.22051273735036,
      313.30617899539436,
      313.39058999195527,
      313.47404246858235,
      313.55676049664726,
      313.63823916016054,
      313.7183966074828,
      313.79745634121633,
      313.8756769538644,
      313.9532531202763,
      314.0297895351979,
      314.1052256487325,
      314.17974291986496,
      314.25354931936766,
      314.3268006550111,
      314.3992059747592,
      314.4707227193518,
      314.54148818336535,
      314.6116584857919,
      314.68135001607095,
      314.75037455369136,
      314.8187072551736,
      314.88644190443995,
      314.9536836544609,
      315.02051027664356,
      315.0868446717571,
      315.15268232994646,
      315.21807201851095,
      315.28306569580843,
      315.34770084949946,
      315.4119742852205,
      315.47589185174337,
      315.53946665038774,
      315.6027101794149,
      315.6656296816308,
      315.72822865946466,
      300.0,
      300.00002135348944,
      300.0001524013516,
      300.0005910096926,
      300.0016564466902,
      300.0037651790426,
      300.00738396635626,
      300.0129787005153,
      300.0209723497297,
      300.03171777442265,
      300.04548513751377,
      300.0624608673366,
      300.0827539518683,
      300.1064063542637,
      300.1334047332791,
      300.1636920640494,
      300.19717815007624,
      300.23374863215173,
      300.27327250719895,
      300.3156080579544,
      300.3606075797979,
      300.40812093978457,
      300.4579982740348,
      300.5100919665766,
      300.56425809934706,
      300.62035738854456,
      300.6782558082831,
      300.73782494090256,
      300.7989421883285,
      300.861490867558,
      300.92536014592787,
      300.99044493217406,
      301.05664565229677,
      301.1238680917622,
      301.19202319907157,
      301.26102688344065,
      301.3307996693437,
      301.40126643338766,
      301.4723561470063,
      301.54400172680187,
      301.61613985518005,
      301.6887107007255,
      301.7616576104069,
      301.8349269357393,
      301.90846797661567,
      301.9822328664327,
      302.05617633150837,
      302.1302554062366,
      302.20442930556015,
      302.27865946969405,
      302.3529094762064,
      302.4271448630046,
      302.5013328042187,
      302.57544205862587,
      302.6494430383564,
      302.72330781736747,
      302.7970099513631,
      302.87052415211747,
      302.9438262881541,
      303.0168934818803,
      303.08970416153744,
      303.1622378777543,
      303.23447496058657,
      303.30639648736997,
      303.37798448949735,
      303.4492220251472,
      303.5200930025509,
      303.59058180575363,
      303.66067331276963,
      303.73035312249067,
      303.79960769008756,
      303.86842417903125,
      303.93679007720414,
      304.00469320225835,
      304.0721219962062,
      304.13906571552434,
      304.2055142857821,
      304.27145796871577,
      304.33688736127283,
      304.40179370815144,
      304.46616908685434,
      304.5300062969697,
      304.59329856592245,
      304.6560395113012,
      304.7182234479642,
      304.77984552188803,
      304.84090165119187,
      304.90138820541847,
      304.96130198803223,
      305.02064048203556,
      305.07940193827596,
      305.13758535257045,
      305.19519012788726,
      305.25221607807464,
      305.3086636056386,
      305.36453379058423,
      305.41982836980645,
      305.47454948235253,
      305.52869967143255,
      305.5822819917991,
      305.6353000730245,
      305.68775811973074,
      305.7396606735819,
      305.7910126318666,
      305.8418192864469,
      305.8920863639329,
      305.941820023855,
      305.99102670600087,
      306.0397130980018,
      306.0878861948056,
      306.135553259391,
      306.18272188664497,
      306.22939988409496,
