{
  "final_status": "weak_pass",
  "final_lambda": 1.6911663487255873e-08,
  "final_reg_order": 1,
  "final_residual_norm": 3.8429262391103367,
  "final_reg_norm": 32470.40982236252,
  "n_iterations": 1,
  "summary_notes": [
    "Completed in 1 iteration(s)"
  ],
  "final_config": {
    "parameterization_type": "piecewise_constant",
    "num_parameters": 6,
    "reg_order": 1,
    "lambda_strategy": "discrepancy",
    "lambda_value": 1.6911663487255873e-08,
    "lambda_grid": null,
    "max_retries": 8,
    "physical_bounds": [
      -500000.0,
      500000.0
    ],
    "planner_notes": [
      "num_parameters=6 (\u2248 N_t/5)",
      "reg_order=1 (default first-difference smoothness)",
      "noise_std provided \u2192 using discrepancy principle for lambda",
      "physical_bounds=(-500000.0, 500000.0) applied"
    ],
    "stop_tolerance": 0.001,
    "iteration_budget": 12,
    "skip_verifier": false
  },
  "final_result": {
    "estimated_x": [
      -1331.8747841046345,
      16848.226089954143,
      42409.26190343124,
      50508.210525401664,
      51723.25828855984,
      53560.534679115364
    ],
    "fitted_y": [
      300.0,
      299.97723821258415,
      299.9456174307029,
      299.91288159592057,
      299.88142037037574,
      300.1624289715214,
      300.56608862211044,
      300.9865201818224,
      301.3909200275402,
      301.77234466961704,
      302.5681162756457,
      303.51367956779717,
      304.4628408143851,
      305.37190121369235,
      306.2331552661097,
      307.1874033641296,
      308.15470131950735,
      309.0925411058966,
      309.9904062568955,
      310.84865857295335,
      311.69115614832515,
      312.50861784334023,
      313.297057793529,
      314.0569368449588,
      314.7900332523739,
      315.5296703496496,
      316.25842368714154,
      316.96713963037166,
      317.6538409640054,
      318.3189828580041,
      318.96361994708514,
      300.0,
      299.99955894500226,
      299.9980800822227,
      299.9951746827693,
      299.9907457420306,
      299.99092322113745,
      300.00406126262385,
      300.0356994849595,
      300.08738226342973,
      300.15780605142885,
      300.25275042497077,
      300.3806124095254,
      300.5459515471894,
      300.7480942035675,
      300.98281460694454,
      301.2470572973101,
      301.5385692721239,
      301.8543667383054,
      302.19046614437394,
      302.54241911788756,
      302.9062928627471,
      303.2787545226704,
      303.65686759147354,
      304.03801501048946,
      304.419917714128,
      304.8012636297964,
      305.1813049498987,
      305.559322966034,
      305.93446866267175,
      306.3058353442496,
      306.67256608995694
    ],
    "status": "success"
  }
}