{
  "final_status": "weak_pass",
  "final_lambda": 3.30276182215805e-07,
  "final_reg_order": 2,
  "final_residual_norm": 3.6124048783689844,
  "final_reg_norm": 4454.609544381539,
  "n_iterations": 4,
  "summary_notes": [
    "Completed in 4 iteration(s)"
  ],
  "final_config": {
    "parameterization_type": "piecewise_constant",
    "num_parameters": 24,
    "reg_order": 2,
    "lambda_strategy": "fixed",
    "lambda_value": 3.30276182215805e-07,
    "lambda_grid": null,
    "max_retries": 8,
    "physical_bounds": [
      -500000.0,
      500000.0
    ],
    "planner_notes": [
      "num_parameters=24 (\u2248 N_t/5)",
      "reg_order=2 (default first-difference smoothness)",
      "noise_std provided \u2192 using discrepancy principle for lambda",
      "physical_bounds=(-500000.0, 500000.0) applied",
      "iter0: lambda increased to 1.321e-08 (factor=5.0)",
      "iter1: lambda increased to 6.606e-08 (factor=5.0)",
      "iter2: lambda increased to 3.303e-07 (factor=5.0)"
    ],
    "stop_tolerance": 0.001,
    "iteration_budget": 12
  },
  "final_result": {
    "estimated_x": [
      -1216.762090191443,
      7407.099374503765,
      15857.623191007471,
      23752.398032308185,
      30554.895014813537,
      35759.242145774864,
      39130.544863471245,
      40840.50992987601,
      41390.41129614153,
      41372.78192097531,
      41219.79122882261,
      41103.709106326285,
      41033.83567181822,
      41002.04670314134,
      41004.32890481488,
      40920.479566272195,
      40420.22784935821,
      39002.07513174295,
      36213.71448650313,
      31890.201492900065,
      26233.76414422538,
      19710.784173205786,
      12798.528461651798,
      5794.125629947656
    ],
    "fitted_y": [
      300.0,
      299.9982321926491,
      299.9942326185763,
      299.9884660785438,
      299.98155360316684,
      299.986508854546,
      300.0069401381453,
      300.0397514647974,
      300.0806610676507,
      300.126308343385,
      300.1867451091503,
      300.26381209891775,
      300.3534449606917,
      300.4508300607027,
      300.5523082017862,
      300.6669560994722,
      300.79631251412314,
      300.9364830223567,
      301.0829251095348,
      301.232206926708,
      301.391982180734,
      301.5634885127103,
      301.7433322871686,
      301.927591980471,
      302.1133212392676,
      302.30618157895924,
      302.5070160812253,
      302.71318185905125,
      302.92166682492507,
      303.13022547893576,
      303.3423230283499,
      303.55839897306197,
      303.7766952046902,
      303.9952510460962,
      304.2126240169351,
      304.43039489800583,
      304.64869924792777,
      304.8666143628724,
      305.0831486792738,
      305.2975932747754,
      305.5103227344918,
      305.72132477481796,
      305.9302955090868,
      306.13693781681667,
      306.34106201439937,
      306.5425533443555,
      306.741385492248,
      306.9375885239729,
      307.1312196822139,
      307.32234792898663,
      307.51082447619336,
      307.6966655111518,
      307.8800032002546,
      308.06098750691103,
      308.2397487655857,
      308.4162252676708,
      308.5904615115607,
      308.7625778005109,
      308.9327003561157,
      309.10093581249026,
      309.2672686278257,
      309.43174253412326,
      309.5944437493005,
      309.75545994593506,
      309.9148655432813,
      310.0726753075968,
      310.22892791509685,
      310.38367917977314,
      310.536983995912,
      310.68889002967586,
      310.8394412069642,
      310.98867362959265,
      311.1366177693732,
      311.28330095809486,
      311.4287486061108,
      311.57286289074733,
      311.7156346555189,
      311.857117667904,
      311.99737546459596,
      312.13646121710735,
      312.27368912098035,
      312.4089002575022,
      312.5423114003099,
      312.67419951307556,
      312.80478261235953,
      312.93214891223784,
      313.05585492626824,
      313.1765063530895,
      313.2948702792931,
      313.41154155552374,
      313.52286443911345,
      313.6280242743688,
      313.7282399994453,
      313.8250300447722,
      313.9195635482589,
      314.006329651904,
      314.084158023275,
      314.15499004930217,
      314.22120605083165,
      314.2846293742978,
      314.3382381306623,
      314.3806126909593,
      314.41435550715164,
      314.4426132125591,
      314.4677855357408,
      314.48196362759717,
      314.4836213053035,
      314.47582084233096,
      314.4622215158949,
      314.44560280682583,
      314.41773154282936,
      314.37707468127803,
      314.32692102564977,
      314.2711672951148,
      314.2127630570629,
      314.1434446092744,
      314.061699750764,
      313.9708784035759,
      313.8749319835149,
      313.7768435522991,
      313.67854066182855,
      300.0,
      299.9999993102182,
      299.9999950769794,
      299.9999809086153,
      299.9999464918067,
      299.9998832624243,
      299.9997963698222,
      299.99971606481716,
      299.9997017823905,
      299.9998374773561,
      300.0002260748474,
      300.0009880368704,
      300.00226105936116,
      300.0041961907006,
      300.0069491344721,
      300.01067358076585,
      300.01552039940367,
      300.021639186151,
      300.02917713328844,
      300.0382735834019,
      300.0490560705005,
      300.0616412130953,
      300.0761375126389,
      300.09264577496714,
      300.11125573136286,
      300.1320434379557,
      300.1550723007106,
      300.1803956270567,
      300.2080575169464,
      300.23809094941464,
      300.27051617159543,
      300.3053414556918,
      300.3425650138164,
      300.38217604914473,
      300.4241541451263,
      300.46846865785943,
      300.51507934022663,
      300.56393770552734,
      300.614988127235,
      300.6681682131321,
      300.72340904426494,
      300.780635829585,
      300.8397688689051,
      300.900724570742,
      300.9634162796615,
      301.02775495851404,
      301.0936498417885,
      301.161009096922,
      301.2297405938237,
      301.29975266676234,
      301.37095475541247,
      301.44325790262116,
      301.5165751111567,
      301.59082177410374,
      301.6659160638636,
      301.7417792587131,
      301.81833595253863,
      301.89551410467317,
      301.97324515606306,
      302.0514640686856,
      302.1301093386904,
      302.2091229676424,
      302.28845030801926,
      302.3680399955604,
      302.44784382322916,
      302.52781661161947,
      302.6079161126331,
      302.6881028108551,
      302.7683398226076,
      302.8485927298597,
      302.92882943356113,
      303.0090200770887,
      303.0891368747416,
      303.1691540377705,
      303.2490476154607,
      303.3287952896267,
      303.4083762009843,
      303.4877706847018,
      303.5669601916797,
      303.6459272175395,
      303.7246550020548,
      303.8031270145264,
      303.8813263559037,
      303.9592356483611,
      304.036837300877,
      304.1141132362165,
      304.19104384941653,
      304.26760684090715,
      304.343777109288,
      304.4195277451769,
      304.4948301232826,
      304.5696523779505,
      304.6439575971451,
      304.7177038118813,
      304.79084605254104,
      304.86333718696176,
      304.93512614895536,
      305.0061555978418,
      305.0763620636907,
      305.14567912133634,
      305.2140391282952,
      305.2813714543263,
      305.3475997735042,
      305.41264231173454,
      305.47641584902425,
      305.5388381961406,
      305.5998265360492,
      305.65929448633426,
      305.7171523040526,
      305.7733112297284,
      305.8276862895543,
      305.88019464951697,
      305.93075246297184,
      305.979274869354,
      306.025680249769,
      306.0698929494431,
      306.1118414711664,
      306.15145507340156,
      306.1886634867032,
      306.2234009013195,
      306.2556123988234
    ],
    "status": "success"
  }
}