{
  "final_status": "weak_pass",
  "final_lambda": 2.5410785501915726e-06,
  "final_reg_order": 2,
  "final_residual_norm": 7.796435833739057,
  "final_reg_norm": 3736.2485351212613,
  "n_iterations": 1,
  "summary_notes": [
    "Completed in 1 iteration(s)"
  ],
  "final_config": {
    "parameterization_type": "piecewise_constant",
    "num_parameters": 24,
    "reg_order": 2,
    "lambda_strategy": "discrepancy",
    "lambda_value": 2.5410785501915726e-06,
    "lambda_grid": null,
    "max_retries": 8,
    "physical_bounds": [
      -500000.0,
      500000.0
    ],
    "planner_notes": [
      "num_parameters=24 (\u2248 N_t/5)",
      "reg_order=2 (default first-difference smoothness)",
      "noise_std provided \u2192 using discrepancy principle for lambda",
      "physical_bounds=(-500000.0, 500000.0) applied"
    ],
    "stop_tolerance": 0.001,
    "iteration_budget": 12
  },
  "final_result": {
    "estimated_x": [
      10673.882206689415,
      17385.209600563463,
      24037.8079638852,
      30510.61430321665,
      36619.110001461784,
      42131.363309447224,
      46796.36012728466,
      50372.77622951499,
      52656.90202019358,
      53516.69843284046,
      52912.21088263196,
      50896.839186369456,
      47614.0511870931,
      43284.50512134671,
      38176.61329257687,
      32566.368673345904,
      26712.853295907837,
      20823.979254997696,
      15038.974142048726,
      9419.9779250223,
      3956.889841153881,
      -1394.0986575022926,
      -6688.770966634041,
      -11969.326365429728
    ],
    "fitted_y": [
      300.0,
      300.01550785283393,
      300.05059357984203,
      300.10117977869254,
      300.16181854162465,
      300.23801267512175,
      300.3295143729189,
      300.4320202612694,
      300.54105381931873,
      300.65331710506985,
      300.7763419812106,
      300.91136048055637,
      301.0550568729156,
      301.20358825762327,
      301.35405966772134,
      301.51400112868663,
      301.68474726749037,
      301.86316768331346,
      302.045593695331,
      302.22926243085055,
      302.4212680849044,
      302.6228721795051,
      302.83113103638806,
      303.0425975820633,
      303.254681792667,
      303.4737300032668,
      303.7008547288764,
      303.93339227706724,
      304.16823572243015,
      304.4030578568515,
      304.64314982988134,
      304.8894129725302,
      305.1395778214641,
      305.3910148131892,
      305.64176303626493,
      305.89577414323463,
      306.15368556585315,
      306.41373622936646,
      306.6739085013377,
      306.9327088278021,
      307.1925180433557,
      307.45367022417213,
      307.715011822011,
      307.97525205519355,
      308.2334504916068,
      308.49027982236464,
      308.74575232060056,
      308.9993898383393,
      309.2507044267782,
      309.49936457582095,
      309.7443115776097,
      309.98524036315496,
      310.22237351075273,
      310.4560505084287,
      310.6865653791277,
      310.91121472839467,
      311.1294004402753,
      311.3420260949919,
      311.55023010574047,
      311.7549083998796,
      311.9519043057202,
      312.1403693574591,
      312.3218246596017,
      312.4981277474318,
      312.67071412835725,
      312.8342523792604,
      312.9877007074489,
      313.1330960160568,
      313.27289094648535,
      313.4089650892041,
      313.5351388667965,
      313.6502396735952,
      313.7566930521248,
      313.8573945099819,
      313.95455145798326,
      314.0414606613537,
      314.11687653168127,
      314.18347912300413,
      314.2444488143494,
      314.3022009181637,
      314.3498066655419,
      314.3859982397618,
      314.4135826772838,
      314.4358764359408,
      314.4553903913933,
      314.4651994126836,
      314.46404849116,
      314.4547663715851,
      314.4406849466282,
      314.42432027820854,
      314.39889501992246,
      314.36318526872805,
      314.3199684670251,
      314.2725102318856,
      314.2232713201976,
      314.1656741410314,
      314.09852721092915,
      314.02452075121226,
      313.94681644459223,
      313.8677928261823,
      313.7810411059319,
      313.6853896396296,
      313.58344133519716,
      313.47825803351753,
      313.3721407303834,
      313.2587900947408,
      313.1370414726109,
      313.0094306893738,
      312.87894533002503,
      312.7478292887637,
      312.60982599110946,
      312.463766300113,
      312.3121470856218,
      312.1579150874792,
      312.0032830473431,
      311.84199347017955,
      311.67286819584916,
      311.49838884614064,
      311.3214879621106,
      311.1443674897217,
      310.9684341995628,
      300.0,
      300.00000605101746,
      300.0000431865366,
      300.00016747661005,
      300.0004693934464,
      300.0010707562554,
      300.00211956853013,
      300.00378309428106,
      300.0062380598093,
      300.00965863856953,
      300.01420829077614,
      300.0200384158026,
      300.0272901398447,
      300.0360945323029,
      300.04656940891647,
      300.05881782378816,
      300.0729309818695,
      300.0889925087581,
      300.1070799426403,
      300.1272620926621,
      300.149597471945,
      300.1741366487339,
      300.20092583293314,
      300.2300078599485,
      300.2614193973342,
      300.2951890391771,
      300.3313390430013,
      300.3698882769522,
      300.41085296862894,
      300.4542441354974,
      300.50006571948154,
      300.5483158575727,
      300.5989892743698,
      300.6520779510223,
      300.7075690673016,
      300.76544341263735,
      300.8256761992049,
      300.88823889923003,
      300.95309986190284,
      301.02022296762334,
      301.0895664353042,
      301.16108322326926,
      301.23472219242774,
      301.310428715675,
      301.3881441527909,
      301.4678051645337,
      301.54934369017354,
      301.6326874214937,
      301.7177603834481,
      301.8044832887986,
      301.8927734051014,
      301.982544154359,
      302.07370487450845,
      302.16616137000017,
      302.25981708913133,
      302.35457358580635,
      302.4503297558412,
      302.54698091883967,
      302.6444192980806,
      302.7425359477881,
      302.84122175505877,
      302.94036637746063,
      303.0398567132223,
      303.1395772517011,
      303.2394126484207,
      303.3392491770409,
      303.4389734354678,
      303.5384702926812,
      303.6376231147395,
      303.73631677827643,
      303.8344394819482,
      303.931881284822,
      304.02853164295385,
      304.1242794787914,
      304.21901646602356,
      304.31263906071916,
      304.4050469118149,
      304.49614010904133,
      304.58581909002316,
      304.6739880200988,
      304.7605569148336,
      304.84543998627106,
      304.92855271665195,
      305.0098116076933,
      305.089137523279,
      305.16645778923146,
      305.24170451722034,
      305.31481157728354,
      305.3857142270644,
      305.4543523151727,
      305.5206722853462,
      305.5846254942913,
      305.6461651534803,
      305.7052458691868,
      305.7618266666478,
      305.8158728719676,
      305.8673544079965,
      305.9162427657734,
      305.96251048124026,
      306.00613399870997,
      306.0470954249026,
      306.0853808131662,
      306.1209771605472,
      306.15387186575293,
      306.18405549101413,
      306.2115234361607,
      306.2362742182381,
      306.2583065300068,
      306.2776186931118,
      306.2942114142569,
      306.30808941171387,
      306.31925971765514,
      306.3277287775378,
      306.33350194970285,
      306.3365862803581,
      306.3369921436215,
      306.33473158502215,
      306.32981545443346,
      306.32225295896245,
      306.31205448751825,
      306.2992362934718
    ],
    "status": "success"
  }
}