{
  "final_status": "fail",
  "final_lambda": 1.0,
  "final_reg_order": 1,
  "final_residual_norm": 35.02441318745478,
  "final_reg_norm": 0.08742720253663443,
  "n_iterations": 1,
  "summary_notes": [
    "Completed in 1 iteration(s)"
  ],
  "final_config": {
    "parameterization_type": "piecewise_constant",
    "num_parameters": 24,
    "reg_order": 1,
    "lambda_strategy": "fixed",
    "lambda_value": 5.0,
    "lambda_grid": null,
    "max_retries": 1,
    "physical_bounds": null,
    "planner_notes": [
      "num_parameters=24 (\u2248 N_t/5)",
      "reg_order=1 (default first-difference smoothness)",
      "noise_std provided \u2192 using discrepancy principle for lambda",
      "lambda_value=1.0 supplied \u2192 strategy forced to 'fixed'",
      "iter0: lambda increased to 5.000e+00 (factor=5.0)"
    ],
    "stop_tolerance": 0.001,
    "iteration_budget": 1,
    "skip_verifier": false
  },
  "final_result": {
    "estimated_x": [
      32112.90048494813,
      32112.90356762263,
      32112.91056304701,
      32112.921390520612,
      32112.935837263587,
      32112.953577848624,
      32112.974200714583,
      32112.997209415615,
      32113.02206084513,
      32113.048173518633,
      32113.07494140313,
      32113.101753170773,
      32113.12800025848,
      32113.153103094977,
      32113.17652832278,
      32113.19780948923,
      32113.216555364637,
      32113.232464387635,
      32113.245344819574,
      32113.255145234343,
      32113.26196707677,
      32113.266099357836,
      32113.268052238105,
      32113.26857220652
    ],
    "fitted_y": [
      300.0,
      300.0466561392702,
      300.15221327752937,
      300.30440434898196,
      300.48683905473,
      300.6867372754234,
      300.8956543725415,
      301.1083564976452,
      301.3216814052527,
      301.5337427221392,
      301.743431227157,
      301.95011266653626,
      302.1534453612599,
      302.3532692449336,
      302.5495374309119,
      302.74227339315706,
      302.93154382404583,
      303.117441228542,
      303.30007271011357,
      303.4795526734245,
      303.6559981249978,
      303.829525553212,
      304.0002490375732,
      304.16827901085014,
      304.33372159792714,
      304.4966782511603,
      304.65724555168646,
      304.8155152106889,
      304.9715741770248,
      305.1255047799885,
      305.27738496762544,
      305.42728842189837,
      305.5752848144425,
      305.721440018155,
      305.8658163217874,
      306.0084726881843,
      306.1494648760837,
      306.2888456344277,
      306.4266649044361,
      306.5629699945637,
      306.6978057665992,
      306.83121472350433,
      306.9632371640387,
      307.0939113074441,
      307.2232734487251,
      307.3513580863584,
      307.47819798131246,
      307.60382427547836,
      307.72826656051575,
      307.85155299507164,
      307.97371043527585,
      308.0947644409393,
      308.2147393594519,
      308.3336583840568,
      308.451543643823,
      308.5684162995235,
      308.6842965515165,
      308.79920367069246,
      308.9131560768356,
      309.02617138478604,
      309.13826649401426,
      309.24945757054127,
      309.35976009778636,
      309.46918889432953,
      309.57775817818924,
      309.68548164011804,
      309.79237240835084,
      309.8984430863417,
      310.00370579902,
      310.1081721783091,
      310.2118534869005,
      310.31476054712186,
      310.41690379097673,
      310.5182932688572,
      310.61893868031217,
      310.71884941436247,
      310.81803454591,
      310.91650284684766,
      311.01426279710506,
      311.11132259119825,
      311.20769020768677,
      311.3033733755607,
      311.3983795883017,
      311.49271611885246,
      311.58639000916327,
      311.679408142793,
      311.7717772167348,
      311.86350373279515,
      311.9545940272595,
      312.04505426892416,
      312.1348904724978,
      312.2241085311235,
      312.3127141886813,
      312.40071304205065,
      312.4881105676679,
      312.574912121286,
      312.66112295466587,
      312.7467482107774,
      312.83179291506167,
      312.9162619885194,
      313.00016026501015,
      313.08349249551003,
      313.16626334981703,
      313.24847738592564,
      313.3301390934832,
      313.4112528834146,
      313.4918231009195,
      313.5718540337671,
      313.6513498709178,
      313.7303147490326,
      313.8087527389025,
      313.88666785858345,
      313.96406407930135,
      314.0409452900647,
      314.11731534552143,
      314.1931780192527,
      314.2685370717306,
      314.3433962120587,
      314.41775907633934,
      314.4916292788733,
      314.5650103610387,
      300.0,
      300.00001820478445,
      300.0001299288231,
      300.0005038616325,
      300.0014121933092,
      300.0032099764791,
      300.0062951298076,
      300.011064814425,
      300.01787957745705,
      300.02704018030545,
      300.0387768634294,
      300.0532484500748,
      300.070547700198,
      300.0907101892451,
      300.11372431320297,
      300.13954120968356,
      300.1680837261533,
      300.1992541030763,
      300.23294039021954,
      300.26902151397456,
      300.3073713224549,
      300.3478616339305,
      300.3903645459744,
      300.4347541257892,
      300.48090764417157,
      300.52870638233657,
      300.57803618684676,
      300.6287877890668,
      300.6808569858786,
      300.7341446980827,
      300.7885569046759,
      300.8440045680166,
      300.9004034640718,
      300.9576740418607,
      301.01574121534543,
      301.074534184533,
      301.13398619635416,
      301.1940343822135,
      301.2546195425919,
      301.3156859498888,
      301.37718116587234,
      301.43905586644814,
      301.5012636573057,
      301.5637609224102,
      301.6265066670033,
      301.6894623624338,
      301.75259181291113,
      301.8158610113114,
      301.8792380260032,
      301.9426928967846,
      302.0061974833646,
      302.0697254051331,
      302.13325189331607,
      302.1967537471677,
      302.26020921895446,
      302.3235979226754,
      302.3869007847838,
      302.4500999200734,
      302.513178635331,
      302.5761213088448,
      302.6389133246803,
      302.7015410526085,
      302.76399175137266,
      302.82625355408726,
      302.88831540616,
      302.9501669922662,
      303.0117987381817,
      303.0732017158744,
      303.134367672713,
      303.19528894748515,
      303.255958417452,
      303.31636952573604,
      303.3765161937134,
      303.43639283927047,
      303.495994323855,
      303.5553159123092,
      303.61435328017745,
      303.6731024607803,
      303.7315598579948,
      303.78972221156135,
      303.8475865459649,
      303.9051501905198,
      303.96241074834757,
      304.0193660890775,
      304.07601434336175,
      304.1323538298526,
      304.18838311362015,
      304.2441009422708,
      304.29950627150583,
      304.3545982541615,
      304.4093761617112,
      304.4638394700634,
      304.5179877664724,
      304.5718208043027,
      304.6253384792935,
      304.67854077296664,
      304.73142781104275,
      304.7839997995566,
      304.83625707597105,
      304.8882000744903,
      304.9398292840727,
      304.99114531232186,
      305.04214880699766,
      305.09284052538374,
      305.14322129047565,
      305.1932919617722,
      305.24305347908694,
      305.2925068205654,
      305.34165302459235,
      305.3904932043939,
      305.439028473195,
      305.4872600135856,
      305.53518901728387,
      305.5828167380739,
      305.6301444826793,
      305.67717353227033,
      305.72390524651286,
      305.7703409631717,
      305.81648207842954,
      305.86233002315737,
      305.90788620450166
    ],
    "status": "success"
  }
}