{
  "final_status": "fail",
  "final_lambda": 1.0,
  "final_reg_order": 1,
  "final_residual_norm": 16.616428077508907,
  "final_reg_norm": 0.022096678856934514,
  "n_iterations": 1,
  "summary_notes": [
    "Completed in 1 iteration(s)"
  ],
  "final_config": {
    "parameterization_type": "piecewise_constant",
    "num_parameters": 24,
    "reg_order": 1,
    "lambda_strategy": "fixed",
    "lambda_value": 0.5,
    "lambda_grid": null,
    "max_retries": 1,
    "physical_bounds": null,
    "planner_notes": [
      "num_parameters=24 (\u2248 N_t/5)",
      "reg_order=1 (default first-difference smoothness)",
      "noise_std provided \u2192 using discrepancy principle for lambda",
      "lambda_value=1.0 supplied \u2192 strategy forced to 'fixed'",
      "iter0: lambda decreased to 5.000e-01 (factor=2.0)"
    ],
    "stop_tolerance": 0.001,
    "iteration_budget": 1
  },
  "final_result": {
    "estimated_x": [
      32856.420635368675,
      32856.42210870946,
      32856.42539109268,
      32856.430256892374,
      32856.436356168946,
      32856.443271613505,
      32856.45063585776,
      32856.45810911707,
      32856.465488620786,
      32856.47261715286,
      32856.47931627805,
      32856.48539436116,
      32856.49065116364,
      32856.49497994782,
      32856.49837904975,
      32856.50092833609,
      32856.50269550488,
      32856.50371397466,
      32856.50403395051,
      32856.503821342165,
      32856.503304959224,
      32856.502753550034,
      32856.502397597214,
      32856.50229028856
    ],
    "fitted_y": [
      300.0,
      300.047736383632,
      300.15573751972784,
      300.3114523192346,
      300.49811099347545,
      300.7026375185094,
      300.9163917337862,
      301.134018610559,
      301.3522826877332,
      301.5692539169564,
      301.7837973897447,
      301.9952641660462,
      302.2033046574872,
      302.4077550936819,
      302.60856750400393,
      302.80576589794174,
      302.99941851030263,
      303.1896199906101,
      303.3764799255334,
      303.56011537118894,
      303.74064603228163,
      303.91819109202083,
      304.0928672751735,
      304.2647875761889,
      304.43406058075533,
      304.6007900762546,
      304.7650748771769,
      304.92700882328285,
      305.0866808828185,
      305.24417529602187,
      305.3995717988314,
      305.55294577584124,
      305.70436851817425,
      305.85390743154795,
      306.0016262527144,
      306.1475852901367,
      306.29184158972197,
      306.4344491292078,
      306.5754590150785,
      306.7149196579337,
      306.8528769364523,
      306.98937433347174,
      307.1244530892517,
      307.2581523180166,
      307.39050916275534,
      307.52155889718335,
      307.65133503631085,
      307.77986945227843,
      307.90719243284445,
      308.0333327969042,
      308.15831799769114,
      308.28217418214393,
      308.40492627113224,
      308.5265980064728,
      308.6472120383336,
      308.7667899920399,
      308.8853525308934,
      309.0029193820602,
      309.11950940374817,
      309.2351406276445,
      309.34983031891596,
      309.46359501311,
      309.57645056235845,
      309.6884121404159,
      309.7994943035869,
      309.90971103442416,
      310.0190757604606,
      310.1276013870845,
      310.2353003318934,
      310.34218450510184,
      310.4482654060381,
      310.5535541031724,
      310.65806127981506,
      310.7617972305517,
      310.86477188813404,
      310.9669948365536,
      311.068475356754,
      311.1692224328824,
      311.2692447519461,
      311.36855070623443,
      311.46714843886485,
      311.56504585415166,
      311.66225062738573,
      311.7587702096202,
      311.8546118131104,
      311.94978246323313,
      312.04428900891145,
      312.1381381097818,
      312.23133625733533,
      312.32388976952916,
      312.4158047856519,
      312.50708733270517,
      312.59774329370885,
      312.6877784022714,
      312.7771982669287,
      312.8660083558892,
      312.95421404050995,
      313.0418205877443,
      313.12883314505547,
      313.21525675156465,
      313.30109634476315,
      313.3863567842328,
      313.47104285149305,
      313.5551592141919,
      313.6387104689407,
      313.72170112369406,
      313.80413562344086,
      313.88601835752405,
      313.96735361447963,
      314.0481456286038,
      314.12839856261974,
      314.20811652727537,
      314.28730358685783,
      314.3659637216293,
      314.44410087630985,
      314.5217189113599,
      314.5988216742387,
      314.67541296016475,
      314.75149648964594,
      314.82707596075494,
      314.9021549968358,
      300.0,
      300.00001862628557,
      300.0001329371063,
      300.00051552770043,
      300.0014448902679,
      300.00328429807973,
      300.006440882934,
      300.0113210015497,
      300.0182935488999,
      300.0276662499918,
      300.0396746760917,
      300.05448132770067,
      300.07218111243634,
      300.09281042938585,
      300.11635740580965,
      300.1427720479338,
      300.1719754168201,
      300.20386748939717,
      300.23833372332456,
      300.2752502416443,
      300.31448797153837,
      300.35591576334116,
      300.39940275314666,
      300.4448200922714,
      300.49204220979607,
      300.54094763807336,
      300.59141958050196,
      300.643346238372,
      300.69662099576436,
      300.75114247931174,
      300.8068144909596,
      300.8635459313933,
      300.9212506263484,
      300.97984718280014,
      301.0392587760442,
      301.09941296666216,
      301.16024145585857,
      301.22167991924175,
      301.2836677864392,
      301.34614803938433,
      301.4090670255472,
      301.4723742786396,
      301.5360223299846,
      301.59996655349977,
      301.66416500507387,
      301.72857826381204,
      301.79316929569814,
      301.8579033060519,
      301.92274762373467,
      301.98767159468775,
      302.05264642691367,
      302.11764512884486,
      302.1826423580658,
      302.2476143764893,
      302.31253893269036,
      302.3773951685198,
      302.4421635686791,
      302.50682583372196,
      302.5713648837899,
      302.63576473534357,
      302.70001043392404,
      302.76408803361005,
      302.8279844980341,
      302.89168768544147,
      302.9551862851875,
      303.0184697430285,
      303.0815282629908,
      303.14435271025417,
      303.2069346410349,
      303.26926621667155,
      303.33134014946086,
      303.39314973067366,
      303.4546887409089,
      303.51595146877065,
      303.5769326567045,
      303.63762745990795,
      303.69803145380166,
      303.7581405798685,
      303.817951158728,
      303.87745985464977,
      303.93666362325763,
      303.9955597320751,
      304.0541457287756,
      304.1124194337126,
      304.17037893431575,
      304.2280225103838,
      304.2853486938506,
      304.34235620341644,
      304.39904397069665,
      304.45541112901486,
      304.5114569330933,
      304.56718084683314,
      304.62258244806327,
      304.67766148457133,
      304.73241784982355,
      304.78685152506733,
      304.84096263909663,
      304.89475140288346,
      304.9482181618727,
      305.00136336049724,
      305.05418749922126,
      305.1066911999092,
      305.15887512551546,
      305.21074005105606,
      305.26228681878524,
      305.31351630831296,
      305.36442948142906,
      305.4150273391467,
      305.46531094411455,
      305.51528143555845,
      305.5649399527072,
      305.61428770576447,
      305.663325914275,
      305.71205586128764,
      305.7604788840167,
      305.80859629353245,
      305.85640948121824,
      305.90391981604853,
      305.95112872676634,
      305.99803767760335,
      306.04464810851425
    ],
    "status": "success"
  }
}