{
  "final_status": "weak_pass",
  "final_lambda": 6.099283134889794e-08,
  "final_reg_order": 2,
  "final_residual_norm": 15.331421515121539,
  "final_reg_norm": 8374.082248128272,
  "n_iterations": 9,
  "summary_notes": [
    "Completed in 9 iteration(s)"
  ],
  "final_config": {
    "parameterization_type": "piecewise_constant",
    "num_parameters": 24,
    "reg_order": 2,
    "lambda_strategy": "fixed",
    "lambda_value": 6.099283134889794e-08,
    "lambda_grid": null,
    "max_retries": 8,
    "physical_bounds": [
      -500000.0,
      500000.0
    ],
    "planner_notes": [
      "num_parameters=24 (\u2248 N_t/5)",
      "reg_order=0 (default first-difference smoothness)",
      "noise_std provided \u2192 using discrepancy principle for lambda",
      "physical_bounds=(-500000.0, 500000.0) applied",
      "iter0: oscillatory solution \u2192 increase reg_order to 1",
      "iter1: oscillatory solution \u2192 increase reg_order to 2",
      "iter2: lambda decreased to 1.952e-07 (factor=2.0)",
      "iter3: lambda decreased to 9.759e-08 (factor=2.0)",
      "iter4: lambda increased to 4.879e-07 (factor=5.0)",
      "iter5: lambda decreased to 2.440e-07 (factor=2.0)",
      "iter6: lambda decreased to 1.220e-07 (factor=2.0)",
      "iter7: lambda decreased to 6.099e-08 (factor=2.0)"
    ],
    "stop_tolerance": 0.001,
    "iteration_budget": 12
  },
  "final_result": {
    "estimated_x": [
      -3063.333546116206,
      7086.996076217067,
      17217.945191913434,
      26603.953953746804,
      34159.67965502852,
      38859.52334740054,
      40562.8892489694,
      39677.133338224754,
      37991.38139498975,
      37383.422609393696,
      38519.971856904776,
      40676.54327197507,
      42192.88281860611,
      42200.87944400871,
      41270.57514460422,
      40819.11848748599,
      41335.85407427422,
      41624.24493226216,
      39699.56259901521,
      34490.341161480894,
      25968.34827101642,
      15273.854137645461,
      4025.7078259338687,
      -7063.523794057107
    ],
    "fitted_y": [
      300.0,
      299.9955493488785,
      299.98547997744913,
      299.97096207319396,
      299.95355914958225,
      299.9492375300626,
      299.9626731605084,
      299.9904879027289,
      300.0278027234483,
      300.0707579947935,
      300.13150935953894,
      300.21232599257615,
      300.30837095457946,
      300.4138924652285,
      300.5245125304147,
      300.6510010516607,
      300.7951714508026,
      300.9523812521295,
      301.1172197213464,
      301.2855980281086,
      301.46583533666734,
      301.6591932734013,
      301.861833781159,
      302.0693599270473,
      302.27847476750185,
      302.49388250357487,
      302.716099926597,
      302.94260084488764,
      303.1705902749716,
      303.3980047761207,
      303.6260133415946,
      303.85450407464486,
      304.08241282189454,
      304.3086697421152,
      304.53252498884416,
      304.7522487954597,
      304.96727654046293,
      305.1778561306212,
      305.38443157260417,
      305.5873958308559,
      305.7846009888113,
      305.97563228980425,
      306.1613122338957,
      306.34264750893624,
      306.5204338924146,
      306.6943414695772,
      306.8645124040107,
      307.03143579662424,
      307.1956050223577,
      307.35739856460276,
      307.5187341695817,
      307.68023109692797,
      307.841588298798,
      308.00232501290407,
      308.1620664484889,
      308.3237100991631,
      308.48794636610137,
      308.65388591696035,
      308.8204025952424,
      308.9866363341215,
      309.15423506024837,
      309.3234453659441,
      309.49349989506544,
      309.6635245180299,
      309.8328686913265,
      310.0011302618304,
      310.16806944929124,
      310.3335497565916,
      310.4975007147292,
      310.6598932743856,
      310.81937225901794,
      310.975594804408,
      311.1289372990375,
      311.2799008249459,
      311.4288846734978,
      311.5755079162416,
      311.7197807157015,
      311.8619975472969,
      312.0024732399307,
      312.14144846592814,
      312.27983895119837,
      312.4179520406046,
      312.55566519781246,
      312.69276724294923,
      312.829091059432,
      312.96494934696955,
      313.10039161851165,
      313.23527669030943,
      313.36944418501906,
      313.50277672925614,
      313.63240580642264,
      313.757557852524,
      313.8789491350109,
      313.9975556718757,
      314.1141446605897,
      314.22165959389804,
      314.31843625284984,
      314.4066639972808,
      314.48912538678053,
      314.5679711510427,
      314.63223896131217,
      314.6795600120237,
      314.7137232853319,
      314.73939799282346,
      314.7601647495239,
      314.7628359124429,
      314.74478242507007,
      314.71095801501167,
      314.66733188689875,
      314.6184528841002,
      314.5509505161819,
      314.46235629202926,
      314.3580469955508,
      314.2443875396368,
      314.12620047744457,
      313.99050896036687,
      313.83499062919975,
      313.6649983015442,
      313.4868228754016,
      313.3052131328963,
      313.1232409406966,
      300.0,
      299.9999982633979,
      299.9999876057497,
      299.99995193532123,
      299.9998652871875,
      299.9996995461662,
      299.99944056050464,
      299.9991037614816,
      299.99874079012443,
      299.9984351842905,
      299.9982964968363,
      299.9984588776818,
      299.99908065371915,
      300.0003393676249,
      300.00242091417977,
      300.0055110105428,
      300.0097936539231,
      300.01545245086766,
      300.022668858519,
      300.0316153950213,
      300.04245039659804,
      300.05531827127425,
      300.0703521122615,
      300.0876739559419,
      300.1073910576845,
      300.12959259181395,
      300.15434977517407,
      300.1817178107048,
      300.2117368604946,
      300.2444309101739,
      300.2798064243144,
      300.317852394184,
      300.3585415408552,
      300.40183175241015,
      300.4476671860066,
      300.4959786662157,
      300.5466836571145,
      300.59968665888067,
      300.6548807148706,
      300.7121499893365,
      300.7713719703191,
      300.8324186040504,
      300.89515711373286,
      300.95945160207833,
      301.0251656128768,
      301.09216482164277,
      301.1603191284211,
      301.2295040638214,
      301.2996018703204,
      301.3705023471187,
      301.4421041097636,
      301.51431630504976,
      301.5870598411745,
      301.66026745436955,
      301.7338823854233,
      301.8078574883669,
      301.88215558482614,
      301.95674987018,
      302.0316231635648,
      302.10676551162516,
      302.18217180442065,
      302.2578404649684,
      302.3337726479856,
      302.4099712575861,
      302.48643930850704,
      302.5631780526436,
      302.6401854175131,
      302.71745493313796,
      302.7949754075254,
      302.87273107332805,
      302.95070158886165,
      303.02886170623236,
      303.1071809848712,
      303.18562432952945,
      303.26415325822865,
      303.34272735939993,
      303.42130553931645,
      303.4998468684304,
      303.57831144007446,
      303.6566611489565,
      303.73486067532406,
      303.8128787160877,
      303.89068881188007,
      303.96826961657257,
      304.0456044061777,
      304.1226802943196,
      304.19948761304744,
      304.27601926193853,
      304.3522701435544,
      304.4282364878447,
      304.5039140790496,
      304.5792954611391,
      304.65436734596113,
      304.72910985449886,
      304.8034976760474,
      304.8774994965796,
      304.9510744592785,
      305.0241684904502,
      305.0967142098194,
      305.16863501597584,
      305.2398468331352,
      305.31025468670003,
      305.37974837060005,
      305.4482030020687,
      305.51548566409633,
      305.5814595268089,
      305.64598121775015,
      305.70889639679933,
      305.77004063573656,
      305.82924727804755,
      305.8863529213464,
      305.94119556596024,
      305.9936103131922,
      306.04342999275946,
