{
  "final_status": "weak_pass",
  "final_lambda": 1.3609170326555636e-06,
  "final_reg_order": 1,
  "final_residual_norm": 15.332633246256396,
  "final_reg_norm": 11082.542131580787,
  "n_iterations": 1,
  "summary_notes": [
    "Completed in 1 iteration(s)"
  ],
  "final_config": {
    "parameterization_type": "piecewise_constant",
    "num_parameters": 24,
    "reg_order": 1,
    "lambda_strategy": "discrepancy",
    "lambda_value": 1.3609170326555636e-06,
    "lambda_grid": null,
    "max_retries": 8,
    "physical_bounds": null,
    "planner_notes": [
      "num_parameters=24 (\u2248 N_t/5)",
      "reg_order=1 (default first-difference smoothness)",
      "noise_std provided \u2192 using discrepancy principle for lambda"
    ],
    "stop_tolerance": 0.001,
    "iteration_budget": 12,
    "skip_verifier": false
  },
  "final_result": {
    "estimated_x": [
      11845.737181868628,
      12290.353233270558,
      13237.823000843286,
      14676.52331370303,
      16547.858418024905,
      18774.14767778272,
      21299.593975929358,
      24081.815710632207,
      27046.80229623826,
      30142.985992984202,
      33346.01215606694,
      36596.17258758881,
      39818.7013749848,
      42960.73464073299,
      45987.9199139149,
      48808.09233106657,
      51388.69613242948,
      53676.68291984173,
      55639.81999624141,
      57256.54684568042,
      58437.212432818196,
      59202.98588908996,
      59593.07167552937,
      59699.078790571926
    ],
    "fitted_y": [
      300.0,
      300.0172104156078,
      300.0561481041568,
      300.1122880169841,
      300.1795841361297,
      300.25396813022354,
      300.33249449398323,
      300.4130627345947,
      300.4942794401039,
      300.57527182377845,
      300.65689035388914,
      300.73918987926885,
      300.8216386490953,
      300.9036679172055,
      300.98486796260283,
      301.067079760575,
      301.15071734559615,
      301.23516974585,
      301.3196858590155,
      301.4037029195164,
      301.48958678322253,
      301.5778506876907,
      301.66767695858545,
      301.75806690118685,
      301.84826753759694,
      301.941033876335,
      302.0369344471754,
      302.1349658887307,
      302.23391680679856,
      302.332872834504,
      302.43491724351605,
      302.54066620333407,
      302.6489614084299,
      302.75841407167525,
      302.86797588884474,
      302.9810157249045,
      303.0981939061788,
      303.21822197587886,
      303.3395614387193,
      303.4610513641257,
      303.5862532275896,
      303.7158529060458,
      303.848466484021,
      303.9824479243398,
      304.11655624190104,
      304.25449236846777,
      304.39696190258235,
      304.54251386727077,
      304.6894265141971,
      304.8364028594181,
      304.9872637849181,
      305.1427352696997,
      305.3013146941991,
      305.4612207795462,
      305.621112530752,
      305.7848518151279,
      305.9531670136797,
      306.1245295284915,
      306.29713069106106,
      306.46961018574393,
      306.6457784211808,
      306.82634759634004,
      307.0097976120159,
      307.19433399384184,
      307.37860878099,
      307.56632478159037,
      307.75817048143057,
      307.95266191991266,
      308.1480500825796,
      308.3430227327184,
      308.5411402273474,
      308.74306329138034,
      308.94736243262946,
      309.1523544504382,
      309.35677791243205,
      309.56392636640976,
      309.77440323073375,
      309.986871745738,
      310.1997630789179,
      310.41190384011804,
      310.62629772493506,
      310.84349312476064,
      311.0622670032514,
      311.28118629791953,
      311.4991811212804,
      311.7188979181084,
      311.9408154112145,
      312.16384752562857,
      312.3867254213207,
      312.60850424674226,
      312.8314401450823,
      313.05593801974226,
      313.28106559726956,
      313.5057370150839,
      313.72914625229316,
      313.9531364831601,
      314.1780355142051,
      314.40307569529,
      314.6273662989023,
      314.8502489969061,
      315.07302918302685,
      315.2959263707535,
      315.5183732043208,
      315.73972031924643,
      315.9594926764812,
      316.1785118012505,
      316.3969109912786,
      316.6143232197789,
      316.83033419553783,
      317.04464606786433,
      317.257648890905,
      317.4694014498756,
      317.67971970429335,
      317.8884026149814,
      318.0953124538009,
      318.3005293405794,
      318.50406500146045,
      318.70587854363714,
      318.90593221742716,
      319.1042097685267,
      319.30071445982844,
      300.0,
      300.0000067153414,
      300.0000479278628,
      300.0001858633877,
      300.0005209268093,
      300.0011843412234,
      300.00232393281243,
      300.00408854098134,
      300.0066149321449,
      300.0100189664529,
      300.0143916208548,
      300.01979920292393,
      300.0262858983759,
      300.0338770252041,
      300.04258196626506,
      300.05239745219694,
      300.0633114001336,
      300.075306435493,
      300.08836217011384,
      300.1024559661517,
      300.117563794576,
      300.13366193863163,
      300.1507286989362,
      300.16874493922995,
      300.18769320481744,
      300.20755721706,
      300.2283227350844,
      300.2499787018494,
      300.27251728472015,
      300.295932412945,
      300.32021885782575,
      300.3453729739223,
      300.371393850761,
      300.3982833072836,
      300.4260442273212,
      300.4546795351533,
      300.4841929829371,
      300.51459047025963,
      300.54588007357694,
      300.57807029350346,
      300.6111689477858,
      300.6451840226867,
      300.6801250749722,
      300.7160033207629,
      300.75282983532793,
      300.79061441246387,
      300.8293664801118,
      300.86909660245254,
      300.90981662862276,
      300.95153788325274,
      300.9942700150362,
      301.0380219998275,
      301.0828037226248,
      301.128626194482,
      301.17549971080126,
      301.2234326820733,
      301.2724326315234,
      301.32250779441114,
      301.3736673637784,
      301.4259196386074,
      301.47927083350993,
      301.5337260465164,
      301.589290838143,
      301.6459714821727,
      301.70377318014954,
      301.7626988892914,
      301.8227502758315,
      301.88392926393294,
      301.94623832794696,
      302.0096787794908,
      302.07424965353425,
      302.13994865041883,
      302.20677364343953,
      302.27472298684745,
      302.343793904715,
      302.4139813978743,
      302.4852790631421,
      302.55768047210483,
      302.6311794630513,
      302.70576867144916,
      302.78143852418714,
      302.858178011025,
      302.9359759727399,
      303.0148214067195,
      303.0947021769018,
      303.1756040892948,
      303.2575115783397,
      303.34040882647344,
      303.424280074257,
      303.5091085094404,
      303.59487544954317,
      303.6815609433398,
      303.769144718087,
      303.85760649601144,
      303.94692507741433,
      304.037077652759,
      304.1280402947525,
      304.219788741897,
      304.312298701826,
      304.4055451326184,
      304.4995016403942,
      304.5941407752361,
      304.6894345375292,
      304.785354644995,
      304.88187206198876,
      304.9789565929832,
      305.0765771067342,
      305.17470189478547,
      305.2732989367732,
      305.37233570898246,
      305.4717789421241,
      305.57159478801475,
      305.67174900148194,
      305.772207198674,
      305.8729348531318,
      305.9738972095263,
      306.0750594359871,
      306.17638666933465,
      306.2778442586408,
      306.37939787692443,
      306.48101358350567
    ],
    "status": "success"
  }
}