{
  "final_status": "weak_pass",
  "final_lambda": 2.090606650064445e-07,
  "final_reg_order": 2,
  "final_residual_norm": 7.8463639902323905,
  "final_reg_norm": 7830.012702716095,
  "n_iterations": 1,
  "summary_notes": [
    "Completed in 1 iteration(s)"
  ],
  "final_config": {
    "parameterization_type": "piecewise_constant",
    "num_parameters": 24,
    "reg_order": 2,
    "lambda_strategy": "discrepancy",
    "lambda_value": 2.090606650064445e-07,
    "lambda_grid": null,
    "max_retries": 8,
    "physical_bounds": [
      -500000.0,
      500000.0
    ],
    "planner_notes": [
      "num_parameters=24 (\u2248 N_t/5)",
      "reg_order=2 (default first-difference smoothness)",
      "noise_std provided \u2192 using discrepancy principle for lambda",
      "physical_bounds=(-500000.0, 500000.0) applied"
    ],
    "stop_tolerance": 0.001,
    "iteration_budget": 12
  },
  "final_result": {
    "estimated_x": [
      59357.455933113895,
      57405.19279500396,
      55029.73177281575,
      51695.5160330128,
      47079.94504731255,
      41380.00821128104,
      35409.08202878999,
      30366.60866660676,
      27411.08877127873,
      27326.158026019675,
      30238.50102931092,
      35458.851068719785,
      41666.564120787676,
      47317.80495892066,
      51050.84025047043,
      51973.34227438788,
      49972.479332584444,
      45610.8267152901,
      39887.72116652988,
      33825.35607945679,
      28060.177066074022,
      22856.035441463682,
      18074.966856266135,
      13428.569496160952
    ],
    "fitted_y": [
      300.0,
      300.0862391652239,
      300.28135088319465,
      300.5626607206972,
      300.8998728642152,
      301.26652814371215,
      301.6462730836934,
      302.03017920684175,
      302.41339785176893,
      302.7932192014263,
      303.16465508088777,
      303.52594553788396,
      303.87755868472294,
      304.2205257679603,
      304.5557729347216,
      304.8791625667858,
      305.1899545045436,
      305.4898370555217,
      305.7808523616256,
      306.0646194560486,
      306.3355683690609,
      306.5927175337077,
      306.8383746223292,
      307.07529191519234,
      307.3056087874845,
      307.5224989895653,
      307.72474156634274,
      307.9151399042811,
      308.097025045392,
      308.27295978605093,
      308.4359817722383,
      308.58490491712666,
      308.72269861533687,
      308.85284901579445,
      308.9780166753309,
      309.09263385868945,
      309.1958785356978,
      309.29035352366884,
      309.3790465426026,
      309.46421722400277,
      309.5430509091702,
      309.6153338562313,
      309.68274405621185,
      309.7471139942739,
      309.8098062986175,
      309.8715767625593,
      309.93292467704174,
      309.99419135920255,
      310.05559173848525,
      310.1172476089013,
      310.1834497485137,
      310.25532879081754,
      310.3317682689532,
      310.41126335972524,
      310.4926283646225,
      310.5826508282669,
      310.6828134725283,
      310.79080159512876,
      310.9037463096215,
      311.01943704324486,
      311.14543143971764,
      311.2831851285254,
      311.42977020809457,
      311.58168096219674,
      311.73624387155587,
      311.89991675927024,
      312.073773808113,
      312.2550083254541,
      312.4403550747101,
      312.6273472548228,
      312.8198047229473,
      313.01817380415764,
      313.22045419118507,
      313.42441444263613,
      313.62839408246464,
      313.83266918379013,
      314.03695703144444,
      314.2405461357341,
      314.4427757918615,
      314.64319171003757,
      314.8386193437969,
      315.0281579858313,
      315.212516146865,
      315.3927089495584,
      315.56955605393466,
      315.7372871977562,
      315.8946154544573,
      316.04345897459984,
      316.1862184574625,
      316.3247560566034,
      316.4519995868618,
      316.56655377066454,
      316.67109719552394,
      316.7688607939072,
      316.8623199709815,
      316.94430013345624,
      317.01350721595213,
      317.07287769568904,
      317.1258811741911,
      317.17515554480923,
      317.21405178366945,
      317.2414352902732,
      317.2601451951806,
      317.27349749773936,
      317.2839993074256,
      317.285719993717,
      317.2776686054618,
      317.26241730837177,
      317.2429544089445,
      317.2215297367623,
      317.1926507425357,
      317.1553707772741,
      317.11202214541396,
      317.06532328781645,
      317.0173169549233,
      316.96256593617665,
      316.90008327268845,
      316.83208966268666,
      316.76119439468704,
      316.6893585438039,
      316.61783987210197,
      300.0,
      300.000033649707,
      300.00024016031807,
      300.0009313373816,
      300.00261029682326,
      300.0059322108529,
      300.0116280130849,
      300.0204215609382,
      300.03296274189006,
      300.049785897559,
      300.071291066957,
      300.09774210170787,
      300.1292760628585,
      300.1659202888096,
      300.2076130691674,
      300.2542231061611,
      300.3055649511654,
      300.3614115604915,
      300.4215062005008,
      300.48557415294596,
      300.55333124948464,
      300.624487575553,
      300.69874921454584,
      300.77582126077846,
      300.8554132070924,
      300.93724220011893,
      301.02103215753317,
      301.1065115933514,
      301.1934139783332,
      301.28148168187175,
      301.37046850754115,
      301.460138294687,
      301.55026217039625,
      301.64061843843206,
      301.7309960417257,
      301.8211973344526,
      301.911037318837,
      302.00034166621856,
      302.08894638691686,
      302.17670029967604,
      302.2634674063702,
      302.34912711678686,
      302.4335732047663,
      302.516713288851,
      302.5984694877762,
      302.6787796644332,
      302.7575983869926,
      302.83489702648535,
      302.9106629291692,
      302.984897870007,
      303.0576176069318,
      303.1288532704944,
      303.1986523956037,
      303.2670779048845,
      303.3342044369183,
      303.4001161955832,
      303.4649081553893,
      303.528687674662,
      303.5915734207294,
      303.6536904016773,
      303.7151665039665,
      303.77613318646377,
      303.8367272153773,
      303.89708969987396,
      303.9573611849596,
      304.01767772995385,
      304.07817097505944,
      304.13896955647914,
      304.2001986560141,
      304.261976255159,
      304.3244098094703,
      304.3875957565999,
      304.45162030369687,
      304.51655953945715,
      304.58247782922706,
      304.6494258570964,
      304.71743961424664,
      304.786540380662,
      304.85673537279575,
      304.92801860497605,
      305.00037075500074,
      305.07375804920105,
      305.1481315115339,
      305.22342799014154,
      305.2995732104826,
      305.37648336785827,
      305.45406417785875,
      305.53220943830223,
      305.61080222724195,
      305.6897192652333,
      305.76883372713684,
      305.8480145366347,
      305.9271244596852,
      306.00602114857776,
      306.0845617911842,
      306.1626063795195,
      306.24001702954007,
      306.3166558410555,
      306.39238546439947,
      306.4670731993053,
      306.5405939154234,
      306.6128291458545,
      306.68366460562066,
      306.75299020140636,
      306.8207032309903,
      306.8867106322474,
      306.9509277346463,
      307.01327564948497,
      307.0736807479293,
      307.1320771824809,
      307.1884083433581,
      307.2426252790288,
      307.29468386283486,
      307.3445440672108,
      307.3921720280386,
      307.4375410941612,
      307.48063006735345,
      307.52142020643754,
      307.5598945329261,
      307.59603988685865,
      307.6298506927812
    ],
    "status": "success"
  }
}