{
  "final_status": "fail",
  "final_lambda": 1.0,
  "final_reg_order": 1,
  "final_residual_norm": 35.51159705598829,
  "final_reg_norm": 0.08675903138409022,
  "n_iterations": 1,
  "summary_notes": [
    "Completed in 1 iteration(s)"
  ],
  "final_config": {
    "parameterization_type": "piecewise_constant",
    "num_parameters": 24,
    "reg_order": 1,
    "lambda_strategy": "fixed",
    "lambda_value": 5.0,
    "lambda_grid": null,
    "max_retries": 1,
    "physical_bounds": null,
    "planner_notes": [
      "num_parameters=24 (\u2248 N_t/5)",
      "reg_order=1 (default first-difference smoothness)",
      "noise_std provided \u2192 using discrepancy principle for lambda",
      "lambda_value=1.0 supplied \u2192 strategy forced to 'fixed'",
      "iter0: lambda increased to 5.000e+00 (factor=5.0)"
    ],
    "stop_tolerance": 0.001,
    "iteration_budget": 1
  },
  "final_result": {
    "estimated_x": [
      32172.92613586638,
      32172.92917021175,
      32172.93606676462,
      32172.94673810525,
      32172.96098155238,
      32172.978485423144,
      32172.99887627361,
      32173.021647009078,
      32173.04627546766,
      32173.072197297646,
      32173.098809295152,
      32173.125501554838,
      32173.151634475387,
      32173.176606639932,
      32173.19987692729,
      32173.221002389993,
      32173.239611722795,
      32173.25540562911,
      32173.268180456154,
      32173.277896163174,
      32173.284644520845,
      32173.288714537233,
      32173.290637976308,
      32173.29115721208
    ],
    "fitted_y": [
      300.0,
      300.0467433492415,
      300.1524977956179,
      300.3049733436512,
      300.4877490575859,
      300.6880209293077,
      300.89732853549987,
      301.11042824459895,
      301.3241519002602,
      301.5366096032587,
      301.7466900589346,
      301.95375782793286,
      302.1574705926157,
      302.3576679874519,
      302.55430303820174,
      302.7473992624792,
      302.9370234772746,
      303.12326836054126,
      303.30624121604234,
      303.4860566623619,
      303.662831924446,
      303.83668370835625,
      304.0077263069426,
      304.1760703595232,
      304.34182218944926,
      304.50508343838385,
      304.66595086792995,
      304.8245163608241,
      304.9808670285998,
      305.13508535455645,
      305.287249432122,
      305.4374330809284,
      305.58570610297124,
      305.73213449443114,
      305.87678066060573,
      306.0197036742201,
      306.160959398175,
      306.3006006801447,
      306.4386775548574,
      306.57523741931635,
      306.71032521885166,
      306.84398353581554,
      306.9762527444237,
      307.1071711355095,
      307.23677507203473,
      307.36509911668617,
      307.4921760916218,
      307.61803719705966,
      307.74271208010805,
      307.86622895214975,
      307.98861471928,
      308.1098949890462,
      308.23009415444864,
      308.34923545219954,
      308.4673410528183,
      308.58443215644047,
      308.70052900115047,
      308.8156508939424,
      308.92981628912617,
      309.0430428345384,
      309.1553474610457,
      309.2667463648503,
      309.3772550583892,
      309.4868883880311,
      309.59566059843775,
      309.7035854057367,
      309.810675962659,
      309.9169448962979,
      310.0224043543433,
      310.12706599053354,
      310.2309410883698,
      310.3340404903597,
      310.4363746480969,
      310.53795363086806,
      310.63878715643426,
      310.73888463113406,
      310.83825514678847,
      310.9369074917783,
      311.034850161992,
      311.1320913673441,
      311.22863910111005,
      311.32450110669197,
      311.41968489166055,
      311.5141977426492,
      311.6080467148423,
      311.7012387045008,
      311.7937804211067,
      311.88567837868965,
      311.97693892545954,
      312.06756824180366,
      312.1575723535226,
      312.24695716474747,
      312.33572843015577,
      312.4238917571601,
      312.51145263248645,
      312.5984164217825,
      312.6847883866054,
      312.77057367958787,
      312.85577733562116,
      312.9404042849467,
      313.0244593703602,
      313.10794735170026,
      313.1908729075338,
      313.2732406044223,
      313.3550549404396,
      313.4363203346752,
      313.51704114043605,
      313.5972216535386,
      313.676866070811,
      313.7559785366744,
      313.8345631294976,
      313.91262387484403,
      313.99016475137944,
      314.0671896553999,
      314.1437024487712,
      314.21970691213295,
      314.29520681298885,
      314.3702058673773,
      314.4447077181973,
      314.51871598650484,
      314.59223422029606,
      300.0,
      300.0000182388129,
      300.0001301716869,
      300.00050480345413,
      300.00141483299046,
      300.0032159765888,
      300.00630689670663,
      300.0110854968502,
      300.0179129980819,
      300.02709072398807,
      300.0388493453943,
      300.053347982419,
      300.0706795684048,
      300.0908797452943,
      300.11393688738235,
      300.13980204094537,
      300.1683979092337,
      300.1996265499764,
      300.23337580367985,
      300.26952437042127,
      300.3079458625076,
      300.3485118586076,
      300.39109421721525,
      300.43556677013515,
      300.48180655875456,
      300.529694642375,
      300.5791166541792,
      300.6299631212826,
      300.68212964578623,
      300.7355169632873,
      300.79003087703444,
      300.8455821829528,
      300.9020864995737,
      300.9594641272157,
      301.01763983948626,
      301.07654270404953,
      301.1361058430581,
      301.1962662703993,
      301.25696467589523,
      301.31814522777603,
      301.37975538978975,
      301.441745745643,
      301.5040698143024,
      301.566683898204,
      301.6295469259598,
      301.69262029689907,
      301.75586774757267,
      301.8192552072891,
      301.8827506847291,
      301.94632416368825,
      302.0099474512751,
      302.0735941175684,
      302.13723934749623,
      302.2008598969457,
      302.26443397753275,
      302.3279411651511,
      302.3913623506027,
      302.45467961525094,
      302.51787623468056,
      302.5809365579808,
      302.6438459418984,
      302.7065907307282,
      302.76915815939896,
      302.83153633884507,
      302.89371419381257,
      302.95568138969696,
      303.01742833437964,
      303.0789460831416,
      303.1402263679272,
      303.2012615132051,
      303.26204438292393,
      303.3225684079512,
      303.3828274983021,
      303.4428160614296,
      303.5025289491774,
      303.5619614175374,
      303.62110913397146,
      303.67996812438616,
      303.7385347859372,
      303.79680585227123,
      303.854778342312,
      303.9124495803824,
      303.9698171651241,
      304.026878962185,
      304.0836330987237,
      304.14007789025044,
      304.19621189915404,
      304.252033870701,
      304.30754275864143,
      304.3627377142292,
      304.41761800757723,
      304.47218311361564,
      304.52643261882855,
      304.58036627612086,
      304.6339839810382,
      304.68728571506955,
      304.74027160417194,
      304.7929418547669,
      304.8452968049498,
      304.897336889738,
      304.94906259900563,
      305.0004745414939,
      305.0515733661751,
      305.1023598317504,
      305.15283476275545,
      305.2029990202975,
      305.25285354594865,
      305.30239931968475,
      305.35163738183337,
      305.4005688477032,
      305.44919483260196,
      305.49751652133216,
      305.54553510784126,
      305.5932518482592,
      305.6406680517539,
      305.68778500189256,
      305.73460406088486,
      305.7811265689982,
      305.8273539250275,
      305.8732875625205,
      305.9189288912563
    ],
    "status": "success"
  }
}