{
  "final_status": "weak_pass",
  "final_lambda": 1.0,
  "final_reg_order": 1,
  "final_residual_norm": 14.1877692929912,
  "final_reg_norm": 0.015681706451690904,
  "n_iterations": 1,
  "summary_notes": [
    "Completed in 1 iteration(s)"
  ],
  "final_config": {
    "parameterization_type": "piecewise_constant",
    "num_parameters": 24,
    "reg_order": 1,
    "lambda_strategy": "fixed",
    "lambda_value": 1.0,
    "lambda_grid": null,
    "max_retries": 1,
    "physical_bounds": null,
    "planner_notes": [
      "num_parameters=24 (\u2248 N_t/5)",
      "reg_order=1 (default first-difference smoothness)",
      "noise_std provided \u2192 using discrepancy principle for lambda",
      "lambda_value=1.0 supplied \u2192 strategy forced to 'fixed'"
    ],
    "stop_tolerance": 0.001,
    "iteration_budget": 1
  },
  "final_result": {
    "estimated_x": [
      41775.01285123669,
      41775.012004977456,
      41775.01002993063,
      41775.00696367261,
      41775.00292977656,
      41774.99815601122,
      41774.992969798994,
      41774.98773607128,
      41774.98276065285,
      41774.97826869726,
      41774.97437247973,
      41774.9710255972,
      41774.96806658075,
      41774.965298825,
      41774.96255326498,
      41774.9596940989,
      41774.956733353705,
      41774.953778339295,
      41774.95102786964,
      41774.948707258765,
      41774.94694469731,
      41774.94582805931,
      41774.94529734557,
      41774.94515667003
    ],
    "fitted_y": [
      300.0,
      300.0606940135637,
      300.19801112726947,
      300.3959933671096,
      300.6333189297977,
      300.89336241343557,
      301.16513835931784,
      301.44183816333424,
      301.7193481277482,
      301.99521431029814,
      302.2679937331552,
      302.53686130518224,
      302.80137254787064,
      303.06131924007263,
      303.3166403924897,
      303.56736652000626,
      303.81358437668285,
      304.05541430799394,
      304.29299565205355,
      304.5264772427448,
      304.75601126300444,
      304.9817492443674,
      305.2038396009684,
      305.4224260051863,
      305.6376465223553,
      305.8496330955975,
      306.05851135856426,
      306.26440062937,
      306.46741403352377,
      306.6676586833187,
      306.8652359409386,
      307.0602416502085,
      307.25276646050526,
      307.4428960824274,
      307.6307115597096,
      307.81628955362964,
      307.99970259152116,
      308.18101930994936,
      308.36030469611507,
      308.537620307523,
      308.7130244594081,
      308.8865724346059,
      309.0583166745696,
      309.2283069188311,
      309.3965903986117,
      309.5632119465948,
      309.72821417232205,
      309.89163760585853,
      310.0535207639401,
      310.2139002938299,
      310.37281108633937,
      310.53028638321274,
      310.6863578758393,
      310.8410557575191,
      310.9944088318352,
      311.1464445813637,
      311.2971892760221,
      311.44666800306356,
      311.59490474579684,
      311.7419224350894,
      311.8877430115231,
      312.0323874971217,
      312.17587605156336,
      312.31822797276897,
      312.45946177223567,
      312.59959521847657,
      312.73864538212683,
      312.8766286755774,
      313.0135608916676,
      313.1494571769487,
      313.2843321440203,
      313.4181998643295,
      313.55107392442505,
      313.68296741716614,
      313.8138929743532,
      313.9438627744141,
      314.0728886162249,
      314.2009819254607,
      314.3281537504803,
      314.45441476405836,
      314.57977531366504,
      314.704245448054,
      314.8278349283349,
      314.9505532309201,
      315.0724095278633,
      315.1934127466433,
      315.3135715943683,
      315.43289454035795,
      315.5513898404684,
      315.66906552930703,
      315.78592940907566,
      315.9019891421233,
      316.0172522098452,
      316.13172590389274,
      316.2454173564319,
      316.3583335177425,
      316.4704812168081,
      316.58186715121093,
      316.6924978667364,
      316.8023797711093,
      316.9115191409075,
      317.01992215460564,
      317.1275948921249,
      317.2345432886595,
      317.3407731889094,
      317.4462903240704,
      317.5511003456,
      317.655208834443,
      317.7586212433808,
      317.8613429561591,
      317.9633792653385,
      318.06473539743115,
      318.1654165199076,
      318.2654276933989,
      318.3647739333297,
      318.4634601479729,
      318.56149122906737,
      318.6588720019302,
      318.75560719688787,
      318.85170151574204,
      318.94715956528245,
      300.0,
      300.0000236822303,
      300.00016902173815,
      300.00065546325175,
      300.0018370932787,
      300.00417579248693,
      300.0081892050862,
      300.01439398981023,
      300.0232591749704,
      300.0351760148449,
      300.05044402445304,
      300.06926981360823,
      300.09177405172005,
      300.1180030180167,
      300.1479416169184,
      300.18152628417704,
      300.21865665345445,
      300.259205551158,
      300.303027343281,
      300.3499645273905,
      300.3998529948193,
      300.4525259963038,
      300.5078171458953,
      300.56556261987157,
      300.6256027619928,
      300.68778313309184,
      300.7519552329616,
      300.8179769159143,
      300.88571262586987,
      300.95503347234796,
      301.0258171449828,
      301.097947816162,
      301.17131592018313,
      301.2458179704069,
      301.32135628855195,
      301.39783877198295,
      301.47517858263217,
      301.55329393565455,
      301.6321078192206,
      301.71154773805915,
      301.79154547599575,
      301.87203686798665,
      301.9529615602782,
      302.03426281331207,
      302.11588729750923,
      302.1977848914278,
      302.2799085084136,
      302.3622139090021,
      302.4446595536901,
      302.5272064675841,
      302.6098180433072,
      302.6924599626349,
      302.7751000041478,
      302.8577079862398,
      302.9402556175178,
      303.0227163780712,
      303.1050654553558,
      303.18727958271677,
      303.269337044137,
      303.351217517513,
      303.4329019891689,
      303.5143727277342,
      303.5956131582865,
      303.6766078433537,
      303.75734240217804,
      303.837803415731,
      303.9179784290872,
      303.9978558279414,
      304.07742487660255,
      304.1566756087615,
      304.23559875862753,
      304.31418579654684,
      304.3924288150183,
      304.4703205524396,
      304.54785432424416,
      304.62502397066004,
      304.70182386620723,
      304.7782488508321,
      304.854294246529,
      304.9299558122242,
      305.00522967728705,
      305.0801123676498,
      305.1546007654376,
      305.2286920994696,
      305.3023839381368,
      305.37567409441806,
      305.44856070186705,
      305.5210421314993,
      305.5931170250365,
      305.6647842806606,
      305.73604295090587,
      305.8068923542657,
      305.87733195408543,
      305.9473614298012,
      306.0169806460711,
      306.0861895791626,
      306.15498839294077,
      306.2233773557548,
      306.2913569069277,
      306.3589276116395,
      306.42609010631134,
      306.4928451817177,
      306.55919368087604,
      306.6251365892828,
      306.69067497792304,
      306.7558099652766,
      306.82054277430944,
      306.88487467785643,
      306.94880702711663,
      307.0123412706507,
      307.0754788570213,
      307.1382213250288,
      307.20057022534814,
      307.26252718939304,
      307.3240939174426,
      307.38527207653203,
      307.4460634358066,
      307.5064697359165,
      307.5664927935006,
      307.62613447031566,
      307.6853965972481
    ],
    "status": "success"
  }
}