{
  "final_status": "weak_pass",
  "final_lambda": 1.5299565849983015e-07,
  "final_reg_order": 1,
  "final_residual_norm": 7.85057172377707,
  "final_reg_norm": 17100.326650187224,
  "n_iterations": 1,
  "summary_notes": [
    "Completed in 1 iteration(s)"
  ],
  "final_config": {
    "parameterization_type": "piecewise_constant",
    "num_parameters": 24,
    "reg_order": 1,
    "lambda_strategy": "discrepancy",
    "lambda_value": 1.5299565849983015e-07,
    "lambda_grid": null,
    "max_retries": 8,
    "physical_bounds": [
      -500000.0,
      500000.0
    ],
    "planner_notes": [
      "num_parameters=24 (\u2248 N_t/5)",
      "reg_order=1 (default first-difference smoothness)",
      "noise_std provided \u2192 using discrepancy principle for lambda",
      "physical_bounds=(-500000.0, 500000.0) applied"
    ],
    "stop_tolerance": 0.001,
    "iteration_budget": 1
  },
  "final_result": {
    "estimated_x": [
      -2361.9597859348064,
      -1631.5900106677727,
      -64.7139328903011,
      2670.423711405612,
      6807.908296172405,
      12436.32469257415,
      19452.661583473026,
      27267.461871916264,
      34628.43297901769,
      40631.34132384963,
      45091.645213503725,
      48074.79853372999,
      49777.9308825131,
      50552.857652119055,
      50811.08847869182,
      50647.44697713254,
      50350.27593594201,
      50045.43442001146,
      49881.19417285073,
      49976.13308090535,
      50046.30990624089,
      50159.62330609985,
      50266.1271222051,
      50286.850571205825
    ],
    "fitted_y": [
      300.0,
      299.99656835966056,
      299.98880444821316,
      299.9776105297219,
      299.9641921392301,
      299.9505504155383,
      299.9375849715656,
      299.92540176589205,
      299.91386060922997,
      299.9028095788745,
      299.8944146776019,
      299.88920097865326,
      299.8865231478772,
      299.8855503271884,
      299.88563716,
      299.8903292803893,
      299.900401564729,
      299.9146444567756,
      299.9315609667859,
      299.95000057537925,
      299.9752172580431,
      300.00831974961187,
      300.0474444384292,
      300.09031109178994,
      300.1351746185085,
      300.1890688226051,
      300.25343642118804,
      300.3257073011533,
      300.4027633024593,
      300.48222549890687,
      300.572733797642,
      300.6760123289175,
      300.7888173641477,
      300.9072430754164,
      301.0283178480533,
      301.1614599737265,
      301.30846945395484,
      301.46566714920937,
      301.6286695832788,
      301.79415379114835,
      301.97065724595313,
      302.1596786014299,
      302.35764326385964,
      302.5603669624236,
      302.7646968372686,
      302.97731920441913,
      303.1992991923944,
      303.4276404918385,
      303.65889590143917,
      303.89048715567986,
      304.12724428139074,
      304.369889110453,
      304.6161689382088,
      304.8635220939503,
      305.1100478721868,
      305.35887804029267,
      305.6104513087477,
      305.8632512105874,
      306.11557505454226,
      306.3661739897422,
      306.6167471711489,
      306.8675088731732,
      307.11759003077196,
      307.36603474557535,
      307.61215732776776,
      307.8566743486423,
      308.0996691346175,
      308.3407582984247,
      308.5795341916814,
      308.81572053446075,
      309.04954627138056,
      309.28105513690303,
      309.51015083948266,
      309.73673757211486,
      309.9607675713881,
      310.1820003504379,
      310.4004014162428,
      310.61607944000815,
      310.82917402086076,
      311.0398111093281,
      311.2476644768854,
      311.45270981010043,
      311.6551378247645,
      311.85516902996403,
      312.0529843685589,
      312.24827701055676,
      312.4410332066481,
      312.63144942525497,
      312.8197465694613,
      313.0061014659779,
      313.19040441055813,
      313.3726863446785,
      313.5530802104921,
      313.73172499435617,
      313.9087314105287,
      314.0843193829635,
      314.2585861345125,
      314.4315425128301,
      314.60317813518293,
      314.77348731531396,
      314.94257509624833,
      315.11047796935003,
      315.277182871321,
      315.4426698680969,
      315.60692788646566,
      315.7701202831799,
      315.9322959715895,
      316.0934216301542,
      316.2534517838747,
      316.4123549282109,
      316.5702701598384,
      316.72723396366155,
      316.8832087661887,
      317.03814759839844,
      317.19201789550556,
      317.3448329192564,
      317.4965950743096,
      317.6472981014669,
      317.7969373400254,
      317.9455129186148,
      318.09302914064097,
      300.0,
      299.99999866100626,
      299.9999904435085,
      299.99996294009884,
      299.9998961307213,
      299.9997643146829,
      299.9995399373943,
      299.9991976234399,
      299.9987170445928,
      299.9980841547467,
      299.9972919575999,
      299.99634147961353,
      299.99524232861006,
      299.99401200945437,
      299.9926739361688,
      299.99125628106486,
      299.989792622862,
      299.9883229191775,
      299.98689299882915,
      299.9855521307577,
      299.9843518252938,
      299.9833473461002,
      299.9825997301038,
      299.9821756066758,
      299.98214410607676,
      299.9825752663435,
      299.98354208048045,
      299.98512330348257,
      299.987403370644,
      299.99046844815,
      299.9944042117592,
      299.99929818082217,
      300.00524312675935,
      300.0123370376448,
      300.0206783966721,
      300.03036316432235,
      300.0414868835198,
      300.0541481877465,
      300.06844875544294,
      300.0844882699471,
      300.10236067100476,
      300.1221553188969,
      300.14395984478534,
      300.16786010234387,
      300.1939357886307,
      300.22225700436366,
      300.25288496294075,
      300.2858743738239,
      300.3212738079134,
      300.35912277949296,
      300.399449494287,
      300.4422717414383,
      300.4875991415652,
      300.535434022654,
      300.5857699171929,
      300.6385903743847,
      300.69386986729586,
      300.7515756483146,
      300.81166878051675,
      300.8741036130249,
      300.93882730764545,
      301.0057805620477,
      301.0748989177147,
      301.146113712684,
      301.2193521764093,
      301.294537463966,
      301.37158924343186,
      301.4504245615121,
      301.53095863896755,
      301.613105272876,
      301.69677715754204,
      301.78188638966054,
      301.86834502316145,
      301.95606566020643,
      302.04496184955786,
      302.1349482950093,
      302.22594096124413,
      302.31785711551225,
      302.4106156038973,
      302.5041371981068,
      302.59834485828566,
      302.6931638415817,
      302.78852165898445,
      302.8843482650299,
      302.98057632559784,
      303.0771414085295,
      303.1739820081687,
      303.2710393802016,
      303.36825759019706,
      303.46558362913635,
      303.56296752886146,
      303.6603624245566,
      303.7577244235908,
      303.85501259598055,
      303.95218891931137,
      304.0492182966934,
      304.14606870803175,
      304.2427111795218,
      304.339119740358,
      304.43527115112965,
      304.53114457609865,
      304.62672139221036,
      304.72198489040096,
      304.81692009766647,
      304.9115134999057,
      305.00575281347585,
      305.099626986694,
      305.19312609167787,
      305.28624130587747,
      305.3789647319557,
      305.47128921478594,
      305.56320836756623,
      305.65471647686934,
      305.74580850520766,
      305.83647995103763,
      305.9267266541289,
      306.01654476661884,
      306.1059306045703,
      306.1948806602885,
      306.283391553444,
      306.37145994944274
    ],
    "status": "success"
  }
}