{
  "final_status": "weak_pass",
  "final_lambda": 0.00390625,
  "final_reg_order": 1,
  "final_residual_norm": 20.926473867246624,
  "final_reg_norm": 5.437507818329101,
  "n_iterations": 9,
  "summary_notes": [
    "Completed in 9 iteration(s)"
  ],
  "final_config": {
    "parameterization_type": "piecewise_constant",
    "num_parameters": 24,
    "reg_order": 1,
    "lambda_strategy": "fixed",
    "lambda_value": 0.00390625,
    "lambda_grid": null,
    "max_retries": 8,
    "physical_bounds": [
      -500000.0,
      500000.0
    ],
    "planner_notes": [
      "num_parameters=24 (\u2248 N_t/5)",
      "reg_order=1 (default first-difference smoothness)",
      "noise_std provided \u2192 using discrepancy principle for lambda",
      "lambda_value=1.0 supplied \u2192 strategy forced to 'fixed'",
      "physical_bounds=(-500000.0, 500000.0) applied",
      "iter0: lambda decreased to 5.000e-01 (factor=2.0)",
      "iter1: lambda decreased to 2.500e-01 (factor=2.0)",
      "iter2: lambda decreased to 1.250e-01 (factor=2.0)",
      "iter3: lambda decreased to 6.250e-02 (factor=2.0)",
      "iter4: lambda decreased to 3.125e-02 (factor=2.0)",
      "iter5: lambda decreased to 1.562e-02 (factor=2.0)",
      "iter6: lambda decreased to 7.812e-03 (factor=2.0)",
      "iter7: lambda decreased to 3.906e-03 (factor=2.0)"
    ],
    "stop_tolerance": 0.001,
    "iteration_budget": 12
  },
  "final_result": {
    "estimated_x": [
      32920.03105505541,
      32920.39246454014,
      32921.200433867445,
      32922.39506078401,
      32923.89001534961,
      32925.582900668705,
      32927.39191454815,
      32929.22671907216,
      32931.04216738676,
      32932.803557752566,
      32934.46617964155,
      32935.98149147536,
      32937.28835771726,
      32938.35251482369,
      32939.17109668334,
      32939.77210615784,
      32940.17927509895,
      32940.40189799674,
      32940.44901806687,
      32940.36674300456,
      32940.210531746,
      32940.04914992113,
      32939.94846836847,
      32939.92072754756
    ],
    "fitted_y": [
      300.0,
      300.0478288018364,
      300.1560390294115,
      300.3120552946152,
      300.4990753422612,
      300.7039983560105,
      300.9181675851046,
      301.13621749590357,
      301.35490617971334,
      301.5722997083407,
      301.7872620505578,
      301.99914325812426,
      302.2075927230291,
      302.4124459259761,
      302.613654470792,
      302.8112439232988,
      303.0052829690886,
      303.19586590541184,
      303.38310187606004,
      303.5671076627486,
      303.7480050370293,
      303.92591377912373,
      304.10095015107595,
      304.2732265364128,
      304.4428510993268,
      304.6099298655845,
      304.7745622321305,
      304.93684142775004,
      305.09685564728835,
      305.25468857661565,
      305.4104222573131,
      305.5641326235864,
      305.71589025062724,
      305.8657616617144,
      306.01380995059003,
      306.16009770092893,
      306.30468246586827,
      306.44761745577654,
      306.5889528471297,
      306.7287363678191,
      306.86701611107287,
      307.0038360322257,
      307.13923658796233,
      307.2732559515067,
      307.405930572104,
      307.53729784785827,
      307.66739173323435,
      307.79624332476845,
      307.92388198432644,
      308.05033584652523,
      308.1756343488792,
      308.29980403823123,
      308.4228690924402,
      308.5448523710828,
      308.665775871888,
      308.78566300960415,
      308.90453479996074,
      309.02241028538026,
      309.13930751530967,
      309.2552439238834,
      309.3702382979874,
      309.48430746511906,
      309.597466681018,
      309.70973041978084,
      309.8211127224715,
      309.9316287943611,
      310.04129229310945,
      310.15011563642156,
      310.25811067351214,
      310.3652888982535,
      310.4716627405098,
      310.5772434428669,
      310.6820413150725,
      310.78606621865464,
      310.88932777178417,
      310.9918362390966,
      311.09360103140114,
      311.1946308633825,
      311.29493411047804,
      311.3945189411883,
      311.49339395657955,
      311.59156715106764,
      311.6890460227675,
      311.78583781888744,
      311.8819496082614,
      311.977388658114,
      312.0721618670244,
      312.16627580365105,
      312.25973685712506,
      312.35255127783364,
      312.4447252409251,
      312.53626478428436,
      312.6271757817415,
      312.7174639608773,
      312.8071349346379,
      312.8961940654439,
      312.9846467128017,
      313.07249819788467,
      313.1597537346159,
      313.246418420021,
      313.33249701227203,
      313.41799435000047,
      313.5029153068348,
      313.58726465857717,
      313.67104708983175,
      313.75426693991807,
      313.8369286405359,
      313.91903667932627,
      314.00059545655483,
      314.0816092955818,
      314.1620822776654,
      314.24201852145575,
      314.3214221638823,
      314.4002972631729,
      314.47864782600965,
      314.5564777179824,
      314.63379080929195,
      314.7105909311006,
      314.7868818383524,
      314.8626672573103,
      314.9379508336509,
      300.0,
      300.0000186623463,
      300.0001331944741,
      300.00051652576815,
      300.0014476875926,
      300.0032906567238,
      300.006453354016,
      300.01134292479037,
      300.0183289812557,
      300.0277198481582,
      300.039751557749,
      300.0545869314711,
      300.0723210689521,
      300.09299044993986,
      300.11658319018676,
      300.14304921155565,
      300.17230943606427,
      300.20426366267765,
      300.23879714479096,
      300.2757857839952,
      300.31510027628707,
      300.3566092375297,
      300.40018157127696,
      300.44568820150766,
      300.4930033365492,
      300.5420052955096,
      300.5925770775907,
      300.64460669031047,
      300.69798733473556,
      300.75261746425224,
      300.8084007164907,
      300.86524583709496,
      300.9230665065349,
      300.9817811960595,
      301.0413129532713,
      301.10158921802173,
      301.16254157777513,
      301.22410560194004,
      301.2862206211471,
      301.348829524102,
      301.4118785697777,
      301.4753172083044,
      301.5390978928778,
      301.6031759245841,
      301.6675092904867,
      301.7320585039315,
      301.79678646848,
      301.8616583309815,
      301.9266413657209,
      301.99170486683425,
      302.0568199923818,
      302.1219597030931,
      302.1870986116436,
      302.2522129379157,
      302.31728039026035,
      302.38228007135376,
      302.447192428109,
      302.511999125197,
      302.576683048962,
      302.64122818316963,
      302.7056195411053,
      302.7698431453379,
      302.83388592919147,
      302.8977357219436,
      302.96138118459237,
      303.024811734556,
      303.08801754782394,
      303.1509894621883,
      303.21371900735954,
      303.2761983184381,
      303.33842008131006,
      303.40037756094745,
      303.46206451202113,
      303.523475197791,
      303.5846043355389,
      303.64544705517415,
      303.7059989069162,
      303.76625580736936,
      303.8262140527924,
      303.88587028335763,
      303.9452214306035,
      304.0042647381621,
      304.0629977301817,
      304.1214182039856,
      304.1795242243554,
      304.23731404857404,
      304.2947861863766,
      304.3519393345747,
      304.40877240336346,
      304.4652845050711,
      304.5214748736344,
      304.57734295255636,
      304.63288829948607,
      304.68811064244255,
      304.7430098555478,
      304.7975859010298,
      304.85183888910194,
      304.905769012433,
      304.95937659862074,
      305.0126620747556,
      305.0656259244464,
      305.11826875331616,
      305.17059120846955,
      305.22259404966206,
      305.2742781045207,
      305.3256442386938,
      305.37669340078577,
      305.4274265792488,
      305.4778448248804,
      305.5279492658919,
      305.57774103126644,
      305.627221321922,
      305.6763913489118,
