{
  "final_status": "fail",
  "final_lambda": 390625.0,
  "final_reg_order": 1,
  "final_residual_norm": 36.99762839698705,
  "final_reg_norm": 2.0963546301702666e-07,
  "n_iterations": 9,
  "summary_notes": [
    "Completed in 9 iteration(s)"
  ],
  "final_config": {
    "parameterization_type": "piecewise_constant",
    "num_parameters": 24,
    "reg_order": 1,
    "lambda_strategy": "fixed",
    "lambda_value": 390625.0,
    "lambda_grid": null,
    "max_retries": 8,
    "physical_bounds": [
      -500000.0,
      500000.0
    ],
    "planner_notes": [
      "num_parameters=24 (\u2248 N_t/5)",
      "reg_order=1 (default first-difference smoothness)",
      "noise_std provided \u2192 using discrepancy principle for lambda",
      "lambda_value=1.0 supplied \u2192 strategy forced to 'fixed'",
      "physical_bounds=(-500000.0, 500000.0) applied",
      "iter0: lambda increased to 5.000e+00 (factor=5.0)",
      "iter1: lambda increased to 2.500e+01 (factor=5.0)",
      "iter2: lambda increased to 1.250e+02 (factor=5.0)",
      "iter3: lambda increased to 6.250e+02 (factor=5.0)",
      "iter4: lambda increased to 3.125e+03 (factor=5.0)",
      "iter5: lambda increased to 1.562e+04 (factor=5.0)",
      "iter6: lambda increased to 7.812e+04 (factor=5.0)",
      "iter7: lambda increased to 3.906e+05 (factor=5.0)"
    ],
    "stop_tolerance": 0.001,
    "iteration_budget": 12
  },
  "final_result": {
    "estimated_x": [
      30357.62821338657,
      30357.628213395146,
      30357.62821341448,
      30357.628213444423,
      30357.628213484397,
      30357.62821353334,
      30357.628213589844,
      30357.628213651995,
      30357.628213717504,
      30357.62821378412,
      30357.628213850036,
      30357.628213913755,
      30357.628213973767,
      30357.62821402898,
      30357.62821407874,
      30357.628214122233,
      30357.62821415929,
      30357.62821418971,
      30357.628214213677,
      30357.62821423157,
      30357.628214243647,
      30357.628214250824,
      30357.628214254182,
      30357.62821425503
    ],
    "fitted_y": [
      300.0,
      300.044105942112,
      300.14389338921734,
      300.287765786129,
      300.4602287180561,
      300.64920061522895,
      300.84669841699537,
      301.0477743551097,
      301.24943903205764,
      301.4499091838262,
      301.6481362098021,
      301.8435205221074,
      302.0357391205124,
      302.2246406913043,
      302.4101809133667,
      302.5923819645141,
      302.7713068889633,
      302.9470431399867,
      303.1196919724566,
      303.2893615420451,
      303.4561624427416,
      303.62020479226095,
      303.7815964408386,
      303.9404417926241,
      304.0968411775512,
      304.250890482053,
      304.4026810041088,
      304.5522994497926,
      304.69982802473197,
      304.8453445652557,
      304.98892273511603,
      305.1306321842466,
      305.270538785174,
      305.40870482111126,
      305.54518918440607,
      305.68004758879306,
      305.8133327402315,
      305.9450945146449,
      306.0753801356615,
      306.2042343350978,
      306.33169949446045,
      306.45781578817366,
      306.5826213233549,
      306.7061522433534,
      306.82844286925166,
      306.9495257844212,
      307.0694319535916,
      307.1881908281135,
      307.30583039600214,
      307.42237728720085,
      307.5378568598628,
      307.6522932711017,
      307.76570954946817,
      307.8781276346395,
      307.9895684567986,
      308.1000519901288,
      308.20959732528996,
      308.31822269185193,
      308.42594551696595,
      308.53278246332854,
      308.63874947749935,
      308.7438618364929,
      308.848134189194,
      308.95158055808315,
      309.05421439445684,
      309.1560486129404,
      309.25709561909787,
      309.3573673387676,
      309.4568752473981,
      309.5556303510665,
      309.6536432710338,
      309.7509242333916,
      309.84748311047696,
      309.9433294156957,
      310.038472327681,
      310.1329206989219,
      310.22668310408073,
      310.3197678451701,
      310.41218294982696,
      310.50393617303877,
      310.5950350368328,
      310.6854868440811,
      310.77529868712844,
      310.86447745124406,
      310.95302980081635,
      311.0409622259449,
      311.1282810545201,
      311.2149924401432,
      311.301102381109,
      311.38661671522846,
      311.4715411146518,
      311.5558811479916,
      311.6396422509867,
      311.7228297213253,
      311.80544874107846,
      311.8875043628949,
      311.96900154969046,
      312.04994516774553,
      312.1303399729003,
      312.2101906209081,
      312.2895016743384,
      312.368277623284,
      312.4465228853611,
      312.5242417729227,
      312.6014385327475,
      312.67811733050974,
      312.75428227321197,
      312.829937416088,
      312.9050867211875,
      312.9797341005167,
      313.05388340050797,
      313.127538419276,
      313.2007029117947,
      313.2733805553844,
      313.34557499457867,
      313.4172897962576,
      313.48852851522173,
      313.55929465795407,
      313.6295916619123,
      313.6994229438465,
      313.76879185148164,
      300.0,
      300.0000172097216,
      300.00012282699,
      300.00047632085176,
      300.0013350036527,
      300.00303452104924,
      300.0059510416994,
      300.0104600181243,
      300.0169022901308,
      300.02556217964695,
      300.0366573422839,
      300.0503379200507,
      300.0666916026314,
      300.0857520208559,
      300.1075082048856,
      300.13191396301977,
      300.15889635972263,
      300.1883629788059,
      300.22020798902287,
      300.25431693442124,
      300.29057055834227,
      300.32884768522507,
      300.3690274035304,
      300.41099066367525,
      300.4546214445597,
      300.49980751629585,
      300.54644096480007,
      300.5944184937781,
      300.6436415955628,
      300.6940166063345,
      300.7454546439978,
      300.7978715374311,
      300.8511876660026,
      300.9053278266971,
      300.9602210373934,
      301.01580036775306,
      301.07200271316225,
      301.12876864115077,
      301.18604218776744,
      301.24377067121196,
      301.30190451927183,
      301.36039710366157,
      301.4192045657342,
      301.4782856732536,
      301.5376016719903,
      301.59711613904284,
      301.65679485686667,
      301.71660567694926,
      301.77651841282096,
      301.83650474169394,
      301.896538061235,
      301.9565934326194,
      302.01664744075504,
      302.07667815286715,
      302.1366650097835,
      302.19658873965284,
      302.25643131135297,
      302.3161758171476,
      302.3758064761379,
      302.4353085203705,
      302.49466813271493,
      302.55387242788174,
      302.61290936096395,
      302.671767713632,
      302.73043703546216,
      302.78890757491166,
      302.8471702810438,
      302.90521671379565,
      302.9630390715877,
      303.020630111945,
      303.0779831014541,
      303.1350918416469,
      303.191950586171,
      303.24855405804567,
      303.3048973996186,
      303.3609761346019,
      303.4167861749749,
      303.47232377094065,
      303.5275855230053,
      303.58256834919126,
      303.63726943671935,
      303.6916862609909,
      303.7458165562518,
      303.7996583086903,
      303.85320975125995,
      303.9064692946542,
      303.9594355825267,
      304.0121074310944,
      304.0644838532962,
      304.1165640484391,
      304.1683473279962,
      304.2198331967112,
      304.27102126459147,
      304.3219112986768,
      304.37250320060616,
      304.4227969531233,
      304.4727926752967,
      304.5224905621228,
      304.5718909328433,
      304.62099419815854,
      304.6698008205377,
      304.71831137461606,
      304.76652647299267,
      304.8144468318047,
      304.8620732293117,
      304.9094064782862,
      304.95644746742835,
      305.0031971216765,
      305.04965642291495,
      305.0958264237788,
      305.14170817690325,
      305.1873028004974,
      305.2326114213985,
