{
  "final_status": "weak_pass",
  "final_lambda": 7.578693811968019e-10,
  "final_reg_order": 1,
  "final_residual_norm": 6.85584881344268,
  "final_reg_norm": 42618.803582506735,
  "n_iterations": 1,
  "summary_notes": [
    "Completed in 1 iteration(s)"
  ],
  "final_config": {
    "parameterization_type": "piecewise_constant",
    "num_parameters": 24,
    "reg_order": 1,
    "lambda_strategy": "discrepancy",
    "lambda_value": 7.578693811968019e-10,
    "lambda_grid": null,
    "max_retries": 8,
    "physical_bounds": [
      -500000.0,
      500000.0
    ],
    "planner_notes": [
      "num_parameters=24 (\u2248 N_t/5)",
      "reg_order=1 (default first-difference smoothness)",
      "noise_std provided \u2192 using discrepancy principle for lambda",
      "physical_bounds=(-500000.0, 500000.0) applied"
    ],
    "stop_tolerance": 0.001,
    "iteration_budget": 12,
    "skip_verifier": false
  },
  "final_result": {
    "estimated_x": [
      -4879.4375853079955,
      5454.404165197571,
      -706.9932184648212,
      -700.8996147064463,
      1716.0504905694563,
      -916.2720148299894,
      4572.621822958147,
      35093.793539966515,
      52449.80229406409,
      48047.11382729973,
      47875.50217017542,
      51761.637627323755,
      50356.76894786105,
      45162.1547075173,
      53202.34682429768,
      48966.93572408532,
      50549.25950397958,
      47786.34796744618,
      42932.23341460922,
      55438.764625959775,
      49052.47872081647,
      49192.72782220685,
      53072.7809269083,
      51095.144290826196
    ],
    "fitted_y": [
      300.0,
      299.9929107705595,
      299.9768717501023,
      299.9537468743366,
      299.92602658913523,
      299.9106666023094,
      299.91289040995696,
      299.9295457661097,
      299.9558388102915,
      299.987943562812,
      300.01435934068905,
      300.0311489013733,
      300.03970020154156,
      300.04257528402604,
      300.04187641011254,
      300.0390250080481,
      300.03490752176594,
      300.0300627883494,
      300.0248182655034,
      300.0193745187311,
      300.0173668592094,
      300.0197935174155,
      300.02577846677383,
      300.03411677939977,
      300.04386337529365,
      300.05056739235965,
      300.0528354071301,
      300.051435983037,
      300.04756964850424,
      300.04219820452886,
      300.04393772639435,
      300.0552809203104,
      300.07437443031824,
      300.09856398950166,
      300.12575401372584,
      300.19889791689786,
      300.3287703701375,
      300.5031895416794,
      300.7062642495767,
      300.92566196854955,
      301.17846470023835,
      301.4662557558702,
      301.7793691769811,
      302.1071417206521,
      302.4416115588908,
      302.771222114015,
      303.09115239060054,
      303.4012367926452,
      303.70267350996284,
      303.99665326050706,
      304.28382093513966,
      304.564747554189,
      304.8399627261099,
      305.1099107200084,
      305.3749498124281,
      305.6410183479876,
      305.90984409716305,
      306.18015636665507,
      306.4501623521916,
      306.7184886437226,
      306.98223147449517,
      307.2403694579191,
      307.49319426461994,
      307.7413235178705,
      307.9853029955241,
      308.21799190401117,
      308.43770414221854,
      308.6466438788732,
      308.84763442050814,
      309.04288428488076,
      309.24556159769395,
      309.45968515338507,
      309.6827910213899,
      309.91116839662146,
      310.14187807387844,
      310.3668304581773,
      310.5832263049945,
      310.79198434911325,
      310.9948644734836,
      311.19333013101823,
      311.3906806465596,
      311.5881624490252,
      311.7855813089626,
      311.9823961561591,
      312.1781561107696,
      312.36855576653846,
      312.55237477945093,
      312.73058212406175,
      312.9045501429346,
      313.0753692241077,
      313.2367210256889,
      313.3872221448686,
      313.5290215384487,
      313.66478454617896,
      313.79656527552254,
      313.9438925360058,
      314.11238285714154,
      314.29777724310753,
      314.49400759451885,
      314.6962874702103,
      314.892164038664,
      315.07723099248784,
      315.25273392178775,
      315.4212166959716,
      315.58479618614814,
      315.7451085157662,
      315.90311049383905,
      316.0593080101622,
      316.21397784789934,
      316.3672847340151,
      316.52497181771247,
      316.6885905877864,
      316.85670987941944,
      317.0273867582069,
      317.1991054455975,
      317.36799464152153,
      317.53268601542845,
      317.6935681695089,
      317.85143573421465,
      318.0069534267483,
      318.160575285376,
      300.0,
      299.99999723384957,
      299.9999802577912,
      299.9999234400707,
      299.9997854224,
      299.9995181140825,
      299.9990852899968,
      299.99848088443247,
      299.997737703592,
      299.99692430518064,
      299.99613025888186,
      299.99544478991413,
      299.99493745936024,
      299.9946474203304,
      299.9945824070128,
      299.9947246048572,
      299.99503940390787,
      299.9954839543936,
      299.9960138856556,
      299.9965877579266,
      299.9971708864562,
      299.99773923759227,
      299.9982821561473,
      299.998802585933,
      299.9993147201559,
      299.99983864052496,
      300.00039302723377,
      300.0009887561684,
      300.0016257143321,
      300.00229317536366,
      300.0029757157893,
      300.0036635266361,
      300.0043619658331,
      300.0050957615953,
      300.0059069572801,
      300.0068660304887,
      300.00810146968416,
      300.0098278004348,
      300.01235079246015,
      300.01604545881787,
      300.02132721437084,
      300.02863189062896,
      300.03840234207496,
      300.051073315969,
      300.06705152394727,
      300.0866919705052,
      300.1102753367153,
      300.13799296503345,
      300.1699433115124,
      300.2061390021858,
      300.2465207051165,
      300.29097352415084,
      300.33934279842964,
      300.3914477375821,
      300.4470922880806,
      300.5060755264293,
      300.568202282456,
      300.6332915831181,
      300.7011805668911,
      300.7717236519619,
      300.84478782154304,
      300.9202461137102,
      300.9979718145085,
      301.07783515077375,
      301.1597026801581,
      301.2434356651313,
      301.32888602476316,
      301.4158927128213,
      301.5042819707297,
      301.59387194841685,
      301.684484480265,
      301.77596225807946,
      301.86818371323574,
      301.9610692198896,
      302.05457737647635,
      302.14869242612264,
      302.243407016816,
      302.3387066411719,
      302.4345606153096,
      302.530920176799,
      302.62772267234294,
      302.72489910350316,
      302.8223815284164,
      302.9201081491899,
      303.01802527723936,
      303.11608545567645,
      303.21424267368036,
      303.3124474094754,
      303.41064428099975,
      303.50877267554336,
      303.6067667179668,
      303.7045528451407,
      303.80204722760527,
      303.89915628304277,
      303.9957807568927,
      304.0918289988264,
      304.18723838192415,
      304.2819941021873,
      304.37613587418343,
      304.4697506575181,
      304.5629528070267,
      304.65585792995677,
      304.7485597405714,
      304.84111710575803,
      304.9335520785751,
      305.0258558488868,
      305.11799838406665,
      305.2099379234547,
      305.30162869900505,
      305.3930260769864,
      305.48409166021185,
      305.5747993840677,
      305.66514009397474,
      305.7551224933602,
      305.8447700203472,
      305.9341141301699,
      306.0231860290091,
      306.1120094368497,
      306.2005966870698,
      306.288948266529,
      306.37705473050204
    ],
    "status": "success"
  }
}