variant_name,flux_family,flux_l2_error_mean,flux_l2_error_std,flux_l2_error_count,flux_relative_l2_error_mean,flux_relative_l2_error_std,flux_relative_l2_error_count,flux_rmse_mean,flux_rmse_std,flux_rmse_count,flux_peak_error_mean,flux_peak_error_std,flux_peak_error_count,flux_correlation_mean,flux_correlation_std,flux_correlation_count,replay_rmse_mean,replay_rmse_std,replay_rmse_count,replay_relative_error_mean,replay_relative_error_std,replay_relative_error_count,replay_max_abs_error_mean,replay_max_abs_error_std,replay_max_abs_error_count,success_flag_mean,success_flag_std,success_flag_count,weak_pass_flag_mean,weak_pass_flag_std,weak_pass_flag_count,manual_review_flag_mean,manual_review_flag_std,manual_review_flag_count,failure_flag_mean,failure_flag_std,failure_flag_count
auto_solver,step,64793.11410786335,15779.450913845576,5,0.1405559990691522,0.03423043510867532,5,5890.283100714851,1434.4955376223256,5,30233.97564122851,2585.761032325408,5,0.9650755500475633,0.01706925792641382,5,0.2615070364756483,0.22064459957754606,5,0.01353123799474958,0.01102646367671263,5,0.8826766335194293,0.7119719603686258,5,0.2,0.4472135954999579,5,0.2,0.4472135954999579,5,0.0,0.0,5,0.8,0.4472135954999579,5
fixed_solver,step,256088.90140355076,206.7039042969412,5,0.5555348262374897,0.00044840372592041823,5,23280.80921850461,18.791264026996814,5,30709.317980351265,98.46488702752482,5,0.8507224004028539,0.00012035089206601113,5,2.3022607177698,0.013678226248517073,5,0.1222560224256111,0.0043050076160746605,5,6.0406729573802975,0.3389865162767125,5,0.0,0.0,5,0.0,0.0,5,0.0,0.0,5,1.0,0.0,5
full_agent,step,74992.71665958762,9222.113908731693,4,0.16268204358029104,0.02000557392276962,4,6817.519696326148,838.3739917028811,4,28114.45750316616,989.0420584846836,4,0.9545704722238545,0.010884563494121856,4,0.3186397030374213,0.21252104373059955,4,0.01646282526483115,0.010531873502961746,4,1.095389463408253,0.6252432435916557,4,1.0,0.0,4,1.0,0.0,4,0.0,0.0,4,0.0,0.0,4
solver_plus_verifier,step,67556.01961351807,16765.95109049194,4,0.14654958263166584,0.036370454458256124,4,6141.456328501643,1524.1773718629045,4,29798.234474194334,2765.6966073790613,4,0.9621081143100771,0.018159706013695643,4,0.3018266896373485,0.23253864816365957,4,0.01554448319924815,0.011622800577409937,4,1.0047405193008103,0.7593032870475352,4,0.25,0.5,4,0.25,0.5,4,0.0,0.0,4,0.75,0.5,4
