{
  "final_status": "weak_pass",
  "final_lambda": 2.856706006006389e-07,
  "final_reg_order": 1,
  "final_residual_norm": 7.777607462467051,
  "final_reg_norm": 13360.266538445829,
  "n_iterations": 1,
  "summary_notes": [
    "Completed in 1 iteration(s)"
  ],
  "final_config": {
    "parameterization_type": "piecewise_constant",
    "num_parameters": 24,
    "reg_order": 1,
    "lambda_strategy": "discrepancy",
    "lambda_value": 2.856706006006389e-07,
    "lambda_grid": null,
    "max_retries": 8,
    "physical_bounds": [
      -500000.0,
      500000.0
    ],
    "planner_notes": [
      "num_parameters=24 (\u2248 N_t/5)",
      "reg_order=1 (default first-difference smoothness)",
      "noise_std provided \u2192 using discrepancy principle for lambda",
      "physical_bounds=(-500000.0, 500000.0) applied"
    ],
    "stop_tolerance": 0.001,
    "iteration_budget": 12
  },
  "final_result": {
    "estimated_x": [
      7924.728648416354,
      8522.415861739439,
      9866.07344914806,
      11800.830408715745,
      14203.25744057393,
      16957.505105528333,
      20068.004564545125,
      23351.856193283515,
      26795.39063107547,
      30399.366631539873,
      34129.62695048536,
      37966.848043551276,
      41761.19361073201,
      45403.46195024522,
      48836.14718737605,
      52121.390661649144,
      55285.205910414996,
      58255.9642381057,
      60882.950740511216,
      63108.691752632876,
      64791.290891679855,
      65866.53675835603,
      66442.00910859469,
      66643.95635160251
    ],
    "fitted_y": [
      300.0,
      300.01151366702845,
      300.03756275213055,
      300.07512002430974,
      300.1201407330367,
      300.1703394031423,
      300.2238599930739,
      300.2791825936569,
      300.3352217783074,
      300.39127416924595,
      300.44886103259324,
      300.508240781379,
      300.5687569673871,
      300.62964918376053,
      300.69035047403133,
      300.75331245120185,
      300.8190639562302,
      300.8867534525113,
      300.9553400778026,
      301.0240361059659,
      301.09582676669845,
      301.1713289604418,
      301.24945789472,
      301.32890115009263,
      301.4086651412811,
      301.49211147227226,
      301.5799080430545,
      301.67078569165614,
      301.7632229338188,
      301.85606917945995,
      301.953101799676,
      302.0550626271671,
      302.16051015444526,
      302.26772062123194,
      302.3753908614758,
      302.4874515194329,
      302.6046511734477,
      302.7254479244598,
      302.848010853997,
      302.9709585383516,
      303.0984044733671,
      303.23112977399603,
      303.36751646768647,
      303.5056451811354,
      303.64406889139997,
      303.7870930886462,
      303.9355366613696,
      304.08770825098435,
      304.24160138563167,
      304.3957041046504,
      304.5544645499643,
      304.7187264096657,
      304.8867378882887,
      305.0564226651071,
      305.2262172015038,
      305.40069292724394,
      305.58071624752307,
      305.76448538703306,
      305.949865764095,
      306.1352508560531,
      306.3251231797331,
      306.520317980686,
      306.7190425817211,
      306.91918157192146,
      307.1191455055354,
      307.3232088435281,
      307.5321583749124,
      307.74426679156767,
      307.95750214109125,
      308.17034039377734,
      308.3867957745474,
      308.60760376895183,
      308.83113560251445,
      309.0554784585146,
      309.279199993725,
      309.506161167132,
      309.7370797000794,
      309.97040707186255,
      310.2043206582377,
      310.4374562028686,
      310.6735430164947,
      310.9132804135637,
      311.15518329155657,
      311.39750131613135,
      311.638924743591,
      311.8829379772925,
      312.13018858656295,
      312.37927826687667,
      312.6285628347649,
      312.8768136785346,
      313.12706877562067,
      313.3798771092021,
      313.63399097874066,
      313.8879528090521,
      314.1406770063725,
      314.3947121860566,
      314.65051172231773,
      314.9070152831403,
      315.1629898446183,
      315.41752053140806,
      315.6724780788973,
      315.9281766321906,
      316.1838033412666,
      316.4384252459641,
      316.691356043589,
      316.94373295056414,
      317.19572923626333,
      317.44681737071517,
      317.6964046877412,
      317.9440629132351,
      318.19037067912626,
      318.43541230522726,
      318.6789104540077,
      318.92056078747896,
      319.1601513597281,
      319.3978573573653,
      319.63370411254306,
      319.8676046286283,
      320.09947089117355,
      320.32925196402346,
      320.55693214584375,
      300.0,
      300.00000449252394,
      300.0000320634589,
      300.00012434151546,
      300.00034849697795,
      300.000792487534,
      300.00155591222386,
      300.00273992084135,
      300.0044385541745,
      300.0067326416397,
      300.00968716896926,
      300.01335187371734,
      300.01776341520065,
      300.0229475594003,
      300.0289205839153,
      300.03569113308265,
      300.0432630501121,
      300.0516381201539,
      300.06081748423213,
      300.0708013800337,
      300.0815892212014,
      300.0931810015829,
      300.1055789027718,
      300.1187875923502,
      300.13281282553936,
      300.14766058988806,
      300.16333800713835,
      300.17985466553415,
      300.19722264698277,
      300.21545474662565,
      300.2345633986158,
      300.25456165674984,
      300.275464703129,
      300.2972899250694,
      300.32005495899875,
      300.34377642996355,
      300.36847083676804,
      300.3941560815092,
      300.42085153098674,
      300.4485760104522,
      300.4773465522926,
      300.5071794334442,
      300.5380918718697,
      300.5701022094336,
      300.60322791133905,
      300.6374843390848,
      300.67288591098026,
      300.70944793781615,
      300.7471868674798,
      300.7861182359547,
      300.82625538338925,
      300.8676106547495,
      300.9101972820986,
      300.95402965388615,
      300.9991211936452,
      301.04548304396434,
      301.0931252985586,
      301.1420589414461,
      301.1922961454234,
      301.24384809778,
      301.2967235788119,
      301.3509300671177,
      301.40647557817806,
      301.46336893061834,
      301.5216176281515,
      301.5812264397615,
      301.6421984379381,
      301.7045367630846,
      301.7682449368658,
      301.8333248909078,
      301.8997756566801,
      301.96759438518836,
      302.03677804990014,
      302.1073238045649,
      302.1792271972881,
      302.252481034343,
      302.3270764695211,
      302.40300472648346,
      302.48025750597554,
      302.5588253094364,
      302.6386963655692,
      302.71985769929256,
      302.8022967856884,
      302.8860019262735,
      302.97096061335776,
      303.0571584133519,
      303.1445798882441,
      303.2332100576592,
      303.3230347226398,
      303.41403891003523,
      303.5062057304455,
      303.59951708020344,
      303.6939548395815,
      303.7895011645543,
      303.8861371464116,
      303.9838418221755,
      304.08259277901954,
      304.1823671970037,
      304.28314217729934,
      304.3848936898489,
      304.48759571533424,
      304.5912206288489,
      304.695739928474,
      304.80112454654846,
      304.90734414376516,
      305.0143664771814,
      305.12215762302,
      305.23068244191705,
      305.33990489537905,
      305.4497877549895,
      305.56029229620106,
      305.6713785410443,
      305.78300558178563,
      305.89513194356607,
      306.0077155870357,
      306.12071383066603,
      306.2340835729579,
      306.34778144276316,
      306.46176412531315,
      306.57598850584094,
      306.6904117316567
    ],
    "status": "success"
  }
}