{
  "final_status": "weak_pass",
  "final_lambda": 1.4150793782397743e-09,
  "final_reg_order": 0,
  "final_residual_norm": 1.6001421464592727,
  "final_reg_norm": 204780.5792676483,
  "n_iterations": 1,
  "summary_notes": [
    "Completed in 1 iteration(s)"
  ],
  "final_config": {
    "parameterization_type": "piecewise_constant",
    "num_parameters": 24,
    "reg_order": 0,
    "lambda_strategy": "discrepancy",
    "lambda_value": 1.4150793782397743e-09,
    "lambda_grid": null,
    "max_retries": 8,
    "physical_bounds": [
      -500000.0,
      500000.0
    ],
    "planner_notes": [
      "num_parameters=24 (\u2248 N_t/5)",
      "reg_order=0 (default first-difference smoothness)",
      "noise_std provided \u2192 using discrepancy principle for lambda",
      "physical_bounds=(-500000.0, 500000.0) applied"
    ],
    "stop_tolerance": 0.001,
    "iteration_budget": 12,
    "skip_verifier": false
  },
  "final_result": {
    "estimated_x": [
      41839.56290039672,
      56627.91615264374,
      57557.11858443106,
      58424.84468154973,
      54808.40264465988,
      46215.47649973467,
      35281.647256394295,
      27656.12682425196,
      22374.016448146802,
      20444.4557070897,
      25360.096006386495,
      34483.21562866612,
      44201.07387628323,
      51316.99131139983,
      59222.79313061902,
      57958.1071078639,
      54316.381712107475,
      45693.56006161544,
      33966.822950483736,
      28859.47617562778,
      21225.068820342567,
      21534.056941425555,
      25894.277218036434,
      16972.83807951103
    ],
    "fitted_y": [
      300.0,
      300.0607877969354,
      300.1983170907421,
      300.3966052494184,
      300.6342975235853,
      300.91622850136014,
      301.2370346493309,
      301.5842477168569,
      301.9461997324916,
      302.3145475722064,
      302.68530719237737,
      303.05559629694466,
      303.42315851725914,
      303.78644234906557,
      304.1445061016101,
      304.49810460278405,
      304.8473468266974,
      305.19185662209827,
      305.5312544787603,
      305.8653228354321,
      306.1887440421665,
      306.5001821812125,
      306.8011266168837,
      307.09356741647156,
      307.3791066853167,
      307.64638154757085,
      307.89287668610746,
      308.12239984024995,
      308.3397134564283,
      308.54852022163,
      308.7354168772074,
      308.8978172849767,
      309.0408992650349,
      309.1708833685012,
      309.29253829427654,
      309.3979391986138,
      309.48615191853713,
      309.5613014157118,
      309.62802069085745,
      309.68979651196685,
      309.7412336903103,
      309.781723847615,
      309.81412882372626,
      309.84164155436304,
      309.8666486287242,
      309.8878895848853,
      309.90556299262613,
      309.92094970431464,
      309.9353376930121,
      309.94965147684474,
      309.97160774449367,
      310.00340858020746,
      310.0433466606662,
      310.0889873101327,
      310.1383906304962,
      310.20350073941995,
      310.28695710507014,
      310.38474127045737,
      310.4918528523422,
      310.60443361186447,
      310.7340482413065,
      310.8828060124535,
      311.0460166335515,
      311.2181240662453,
      311.394898801393,
      311.5839060290866,
      311.78614704450143,
      311.9978748285803,
      312.2148505641633,
      312.43389330330217,
      312.6644272275523,
      312.908214009702,
      313.1615004633126,
      313.41983860270284,
      313.6798645432136,
      313.9375634473452,
      314.1911389756082,
      314.44031456962205,
      314.68531691210313,
      314.9264374891873,
      315.1586316680527,
      315.3807069324433,
      315.5942149683043,
      315.8011521425036,
      316.003090444976,
      316.1885719032437,
      316.35500650383966,
      316.5061446386831,
      316.64669349187983,
      316.7802975807794,
      316.89234109637516,
      316.979874537158,
      317.0483184248612,
      317.1042395838318,
      317.15266614149306,
      317.1894867103404,
      317.2148055407443,
      317.231815336573,
      317.24386451027493,
      317.25342159104065,
      317.25098612769074,
      317.2346119391234,
      317.2077786486454,
      317.1746982273493,
      317.1385729511786,
      317.10193075772384,
      317.0661486492252,
      317.03184092173245,
      316.9992582739866,
      316.96848957141486,
      316.94588101970555,
      316.93306511488885,
      316.9283224168253,
      316.9293598694235,
      316.93436716235755,
      316.9291574292637,
      316.90953905102907,
      316.8784124603708,
      316.8399988934136,
      316.7976249731918,
      316.7534804909849,
      300.0,
      300.0000237188237,
      300.0001692829077,
      300.0006564760626,
      300.00183993192445,
      300.0041906283608,
      300.00826169428325,
      300.0146482668272,
      300.0239454456584,
      300.0367085987287,
      300.05342147331135,
      300.0744760800725,
      300.10016418760716,
      300.13067852590194,
      300.16612028126883,
      300.2065109329838,
      300.2518062124268,
      300.30191011010476,
      300.3566874899404,
      300.41597435828197,
      300.479584118978,
      300.547309687688,
      300.61892463230237,
      300.694186260449,
      300.7728413975335,
      300.85462871102834,
      300.93927537294087,
      301.0264930051416,
      301.1159787982466,
      301.20742308524706,
      301.3005144417348,
      301.3949378353448,
      301.4903709608148,
      301.58648587027534,
      301.6829575977703,
      301.77947251551865,
      301.8757313174513,
      301.97144932164804,
      302.0663583380562,
      302.1602117961452,
      302.2527885025706,
      302.3438921219906,
      302.43334850079594,
      302.5210042779325,
      302.6067279891349,
      302.6904115528076,
      302.77197027716585,
      302.8513415739397,
      302.92848346886785,
      303.00337345973855,
      303.0760102750956,
      303.1464187297966,
      303.21465359519414,
      303.2807991657932,
      303.34496367859066,
      303.40727591754955,
      303.4678872814905,
      303.5269743997706,
      303.5847367651346,
      303.6413876380809,
      303.697146867176,
      303.75224023861864,
      303.80690086513175,
      303.86136677439214,
      303.9158727807116,
      303.9706432744669,
      304.0258903106081,
      304.0818141509255,
      304.1386022320063,
      304.19642476004157,
      304.2554331086148,
      304.31576408877567,
      304.3775456902965,
      304.44089929200794,
      304.505936557446,
      304.5727524209662,
      304.6414172110141,
      304.7119708570667,
      304.7844210555721,
      304.8587451859656,
      304.9348926906114,
      305.012786335242,
      305.09232370902316,
      305.17338102837186,
      305.2558195516387,
      305.33948824332805,
      305.42422066528354,
      305.5098308866948,
      305.5961145530196,
      305.68285641349246,
      305.76983488127576,
      305.8568193155807,
      305.94356543234596,
      306.0298167773515,
      306.11531395997594,
      306.1998054335136,
      306.2830548565149,
      306.3648451151915,
      306.4449818060961,
      306.52329711476284,
      306.5996492221021,
      306.6739156064598,
      306.7459847430833,
      306.8157521459363,
      306.88312198058577,
      306.94801256642785,
      307.0103627109768,
      307.0701361968197,
      307.1273235077237,
      307.1819408108426,
      307.23402939243715,
      307.28365707867977,
      307.33091887676756,
      307.37593448546806,
      307.4188420119013,
      307.4597845314113,
      307.498891210186,
      307.5362604620332,
      307.5719527720583,
      307.60599397561793,
      307.63838548005054
    ],
    "status": "success"
  }
}