{
  "final_status": "weak_pass",
  "final_lambda": 0.00390625,
  "final_reg_order": 1,
  "final_residual_norm": 14.821072567382723,
  "final_reg_norm": 3.822337370478204,
  "n_iterations": 9,
  "summary_notes": [
    "Completed in 9 iteration(s)"
  ],
  "final_config": {
    "parameterization_type": "piecewise_constant",
    "num_parameters": 24,
    "reg_order": 1,
    "lambda_strategy": "fixed",
    "lambda_value": 0.00390625,
    "lambda_grid": null,
    "max_retries": 8,
    "physical_bounds": [
      -500000.0,
      500000.0
    ],
    "planner_notes": [
      "num_parameters=24 (\u2248 N_t/5)",
      "reg_order=1 (default first-difference smoothness)",
      "noise_std provided \u2192 using discrepancy principle for lambda",
      "lambda_value=1.0 supplied \u2192 strategy forced to 'fixed'",
      "physical_bounds=(-500000.0, 500000.0) applied",
      "iter0: lambda decreased to 5.000e-01 (factor=2.0)",
      "iter1: lambda decreased to 2.500e-01 (factor=2.0)",
      "iter2: lambda decreased to 1.250e-01 (factor=2.0)",
      "iter3: lambda decreased to 6.250e-02 (factor=2.0)",
      "iter4: lambda decreased to 3.125e-02 (factor=2.0)",
      "iter5: lambda decreased to 1.562e-02 (factor=2.0)",
      "iter6: lambda decreased to 7.812e-03 (factor=2.0)",
      "iter7: lambda decreased to 3.906e-03 (factor=2.0)"
    ],
    "stop_tolerance": 0.001,
    "iteration_budget": 12,
    "skip_verifier": false
  },
  "final_result": {
    "estimated_x": [
      42048.1959356267,
      42047.97765633646,
      42047.480432160475,
      42046.7078527988,
      42045.694782684295,
      42044.50459891771,
      42043.228760083126,
      42041.94983456338,
      42040.7509019284,
      42039.68962870009,
      42038.78601572483,
      42038.02576429908,
      42037.35795271299,
      42036.722339987595,
      42036.06753781053,
      42035.37130936906,
      42034.63844366582,
      42033.8970783243,
      42033.19220558198,
      42032.583633450646,
      42032.11505436613,
      42031.80887258813,
      42031.660759070066,
      42031.623930212016
    ],
    "fitted_y": [
      300.0,
      300.0610909153645,
      300.19930599917495,
      300.3985829220144,
      300.63746044901785,
      300.8992041424113,
      301.17275662238836,
      301.4512648437809,
      301.7305883187542,
      302.00825714429294,
      302.28281824403234,
      302.5534409778429,
      302.81967817118783,
      303.081320506819,
      303.3383068012067,
      303.5906667853298,
      303.8384875701827,
      304.0818906320217,
      304.321016642302,
      304.5560157313756,
      304.78703982307536,
      305.01424118517485,
      305.2377696653036,
      305.4577704355147,
      305.6743828909917,
      305.8877383941902,
      306.0979631187756,
      306.30517771673794,
      306.5094967162825,
      306.7110284337023,
      306.9098733755693,
      307.1061277273085,
      307.2998833333597,
      307.4912271795047,
      307.6802413804417,
      307.86700159896486,
      308.05158056321295,
      308.23404796835695,
      308.4144699451845,
      308.59290899594913,
      308.76942243267973,
      308.9440656549514,
      309.1168920241201,
      309.2879522802192,
      309.4572944709673,
      309.62496251312564,
      309.7909990865614,
      309.95544550031957,
      310.11834112086785,
      310.2797232828333,
      310.4396260841736,
      310.5980828100366,
      310.75512579685966,
      310.91078594278866,
      311.06509261828154,
      311.2180726263461,
      311.36975226052874,
      311.52015713779144,
      311.66931182202046,
      311.81723970914163,
      311.96396211611705,
      312.10950006372065,
      312.2538741585182,
      312.3971041922656,
      312.5392090707253,
      312.6802059309115,
      312.82011181213966,
      312.9589435273643,
      313.09671731862505,
      313.2334486891872,
      313.36915156193913,
      313.50383994455916,
      313.6375278101502,
      313.7702286916671,
      313.90195556854366,
      314.03271985890564,
      314.16253327101094,
      314.29140762145306,
      314.41935440845026,
      314.54638465766504,
      314.67250790341905,
      314.7977340863565,
      314.92207336665626,
      315.04553568229045,
      315.1681305651745,
      315.28986611917026,
      315.41075093834394,
      315.5307938903272,
      315.6500036916924,
      315.76838873463595,
      315.88595604648697,
      316.002713185687,
      316.1186680129447,
      316.23382825661866,
      316.3482013866214,
      316.46179370283056,
      316.57461195568453,
      316.6866631768464,
      316.797954292903,
      316.9084920051803,
      317.0182821120738,
      317.1273307463736,
      317.2356442551081,
      317.3432288733735,
      317.4500906769528,
      317.55623511174457,
      317.6616678180448,
      317.7663945647022,
      317.8704210104229,
      317.9737526979698,
      318.07639481551183,
      318.17835260816184,
      318.27963135219005,
      318.3802362219033,
      318.4801723215761,
      318.57944456976577,
      318.678057890301,
      318.77601715721613,
      318.87332714711164,
      318.9699925999703,
      319.0660181530775,
      300.0,
      300.0000238370976,
      300.0001701270371,
      300.00065974958136,
      300.0018491067474,
      300.00420309949766,
      300.008242756609,
      300.0144881143059,
      300.02341126621565,
      300.03540602277656,
      300.0507738546784,
      300.06972271898604,
      300.0923740691709,
      300.11877448086494,
      300.1489087527381,
      300.18271289722276,
      300.2200858830882,
      300.2608996952613,
      300.30500773629575,
      300.3522514620612,
      300.4024656786859,
      300.4554825338156,
      300.5111345397093,
      300.56925678657694,
      300.6296885590588,
      300.69227439312715,
      300.75686480236493,
      300.82331669571073,
      300.8914936141092,
      300.96126580779423,
      301.03251015076484,
      301.10511004246524,
      301.17895518493094,
      301.2539413987405,
      301.329970351334,
      301.40694932331155,
      301.4847908950018,
      301.56341273314985,
      301.64273730882974,
      301.7226916400443,
      301.8032070532204,
      301.88421895345954,
      301.9656665825683,
      302.0474928205917,
      302.1296439808948,
      302.2120696074484,
      302.2947223000791,
      302.3775575251255,
      302.46053346713273,
      302.5436108931226,
      302.62675295456813,
      302.70992510826375,
      302.7930949222475,
      302.87623201829723,
      302.9593079217404,
      303.0422959422115,
      303.12517110886904,
      303.2079100074349,
      303.29049078482615,
      303.3728929917083,
      303.45509749663586,
      303.5370864594988,
      303.6188432044399,
      303.70035220058827,
      303.7815989810642,
      303.86257004752173,
      303.9432528722661,
      304.0236357735781,
      304.10370795383335,
      304.1834593898448,
      304.26288076370525,
      304.3419634983643,
      304.42069964252266,
      304.49908189444017,
      304.57710353296625,
      304.6547583651574,
      304.732040735578,
      304.8089454566202,
      304.8854678251723,
      304.9616035776106,
      305.03734882312824,
      305.11270006979004,
      305.1876541835473,
      305.2622083786334,
      305.336360210836,
      305.4101074821858,
      305.4834483172321,
      305.5563810790533,
      305.62890440268194,
      305.7010171812085,
      305.7727184633181,
      305.844007565454,
      305.9148839496161,
      305.9853472950246,
      306.0553974674532,
      306.12503444544194,
      306.1942583966586,
      306.2630695939945,
      306.3314684824397,
      306.39945563399067,
      306.46703169293664,
      306.53419745942705,
      306.6009537865032,
      306.66730167085603,
      306.73324219566865,
      306.7987764925579,
      306.8639057988781,
      306.92863140261596,
      306.9929546709888,
      307.05687706965415,
      307.12040006481175,
      307.1835252139876,
