{
  "final_status": "fail",
  "final_lambda": 1.0,
  "final_reg_order": 1,
  "final_residual_norm": 20.93197430011691,
  "final_reg_norm": 0.02126886397922234,
  "n_iterations": 1,
  "summary_notes": [
    "Completed in 1 iteration(s)"
  ],
  "final_config": {
    "parameterization_type": "piecewise_constant",
    "num_parameters": 24,
    "reg_order": 1,
    "lambda_strategy": "fixed",
    "lambda_value": 0.5,
    "lambda_grid": null,
    "max_retries": 1,
    "physical_bounds": null,
    "planner_notes": [
      "num_parameters=24 (\u2248 N_t/5)",
      "reg_order=1 (default first-difference smoothness)",
      "noise_std provided \u2192 using discrepancy principle for lambda",
      "lambda_value=1.0 supplied \u2192 strategy forced to 'fixed'",
      "iter0: lambda decreased to 5.000e-01 (factor=2.0)"
    ],
    "stop_tolerance": 0.001,
    "iteration_budget": 1,
    "skip_verifier": false
  },
  "final_result": {
    "estimated_x": [
      32931.452676575835,
      32931.45408950515,
      32931.457248298924,
      32931.461918932306,
      32931.46776408902,
      32931.474383640685,
      32931.481457865564,
      32931.488633667905,
      32931.495734457916,
      32931.5026244355,
      32931.50912870179,
      32931.51505739985,
      32931.520171493314,
      32931.52433693757,
      32931.52754236393,
      32931.52989702064,
      32931.53149351117,
      32931.53236808515,
      32931.532556054844,
      32931.53223756173,
      32931.531629322744,
      32931.531000082585,
      32931.53060732817,
      32931.53049910363
    ],
    "fitted_y": [
      300.0,
      300.0478453960635,
      300.1560931672321,
      300.3121635623584,
      300.4992484967051,
      300.70424208538486,
      300.9184844368582,
      301.1366082934766,
      301.3553708055689,
      301.572837517284,
      301.7878709282483,
      301.9998206164292,
      302.20833619517714,
      302.4132535201854,
      302.6145245113346,
      302.8121732326781,
      303.00626807479,
      303.1969039034306,
      303.3841905556382,
      303.56824535492905,
      303.74918827903707,
      303.92713878327504,
      304.1022138590897,
      304.2745267591173,
      304.4441863171295,
      304.61129655714177,
      304.7759565192268,
      304.93826025758676,
      305.098296943813,
      305.25615101065,
      305.4119023757642,
      305.5656265958361,
      305.7173951249391,
      305.8672755228949,
      306.01533167213825,
      306.1616240184827,
      306.3062097380388,
      306.44914293195933,
      306.59047482361404,
      306.73025393428827,
      306.8685262470874,
      307.0053353440871,
      307.14072255986696,
      307.27472709814106,
      307.4073861868447,
      307.5387351799558,
      307.6688076689717,
      307.7976355989415,
      307.92524932693425,
      308.0516777377651,
      308.17694834712427,
      308.3010873616209,
      308.4241197591376,
      308.5460693358275,
      308.6669587936716,
      308.7868098071984,
      308.9056430868671,
      309.0234784049736,
      309.14033466288276,
      309.2562299335274,
      309.37118152131933,
      309.48520599953264,
      309.59831925657124,
      309.7105365009256,
      309.82187232220446,
      309.9323407346792,
      310.0419551965028,
      310.15072864261253,
      310.2586735190568,
      310.36580176331876,
      310.4721249007385,
      310.5776540250116,
      310.6823998439358,
      310.786372675715,
      310.88958247586595,
      310.9920388500276,
      311.09375110029225,
      311.19472823141706,
      311.2949789503578,
      311.39451166865194,
      311.4933345478118,
      311.5914555101668,
      311.68888224861894,
      311.78562223133474,
      311.88168268711246,
      311.977070657206,
      312.07179300615,
      312.16585640885944,
      312.25926737173137,
      312.3520322272112,
      312.4441571284529,
      312.53564811619276,
      312.62651108694763,
      312.7167517874924,
      312.8063758392249,
      312.8953887227222,
      312.9837958215866,
      313.0716024148497,
      313.1588136617878,
      313.2454346130727,
      313.331470217366,
      313.4169253453276,
      313.50180478943827,
      313.58611322805444,
      313.6698552683208,
      313.75303542839777,
      313.83565816340825,
      313.9177278727542,
      313.99924885480635,
      314.080225353561,
      314.16066154121387,
      314.24056153789684,
      314.31992941719705,
      314.3987691684862,
      314.4770847455066,
      314.55488001754173,
      314.6321588408404,
      314.7089250192895,
      314.785182281893,
      314.8609343351673,
      314.93618481072923,
      300.0,
      300.0000186688212,
      300.000133240686,
      300.00051670497703,
      300.00144818986854,
      300.0032917982146,
      300.0064555915534,
      300.0113468545734,
      300.01833532466844,
      300.02772942957614,
      300.0397652785207,
      300.0546057430937,
      300.07234594764554,
      300.0930223743839,
      300.1166231234544,
      300.1430980869135,
      300.1723681455531,
      300.20433304788304,
      300.23887798998715,
      300.27587881201475,
      300.3152061463894,
      300.3567285439445,
      300.4003148419249,
      300.4458358974001,
      300.4931658526887,
      300.5421829627519,
      300.5927701642635,
      300.6448154032023,
      300.69821182017307,
      300.75285781030453,
      300.80865695585675,
      300.8655179494737,
      300.9233544200966,
      300.9820847888247,
      301.04163205551043,
      301.10192361530693,
      301.162891013446,
      301.2244697786397,
      301.28659920219155,
      301.349222135824,
      301.4122848044816,
      301.47573662662757,
      301.5395300251814,
      301.6036202721492,
      301.6679653276328,
      301.732525680713,
      301.79726421280026,
      301.86214604975504,
      301.9271384458288,
      301.9922106769598,
      302.0573338853999,
      302.1224810179427,
      302.1876266743002,
      302.2527470621767,
      302.3178198793337,
      302.3828242199907,
      302.44774052428477,
      302.5125504509817,
      302.5772368812206,
      302.6417837949633,
      302.7061762036026,
      302.7704001293718,
      302.8344425061354,
      302.8982911644137,
      302.96193476773476,
      303.0253627377553,
      303.0885652561335,
      303.15153316719056,
      303.2142580078623,
      303.27673192158863,
      303.3389476040254,
      303.4008983311251,
      303.4625778692852,
      303.5239804940682,
      303.5851009359145,
      303.64593433895874,
      303.70647626851843,
      303.76672265680907,
      303.82666981604837,
      303.88631440288884,
      303.9456533660028,
      304.0046839666743,
      304.06340374697726,
      304.1218105222882,
      304.17990237566977,
      304.2376775829934,
      304.2951346728411,
      304.3522723609883,
      304.40908957661156,
      304.4655854510565,
      304.52175923734455,
      304.57761039815404,
      304.6331385103513,
      304.68834332114915,
      304.7432247237722,
      304.79778269942653,
      304.8520173772017,
      304.9059289685532,
      304.9595178197165,
      305.0127843761409,
      305.06572913943546,
      305.11835273288636,
      305.17065582096376,
      305.2226391804554,
      305.27430365554085,
      305.3256501278404,
      305.3766795613423,
      305.42739295934746,
      305.47779138693295,
      305.5278759859281,
      305.5776478981651,
      305.62710833661305,
      305.6762585236037,
      305.7250997451178,
      305.77363334142547,
      305.821860626593,
      305.86978299518324,
      305.9174018192993,
      305.96471853094914,
      306.0117345977106,
      306.058451462829
    ],
    "status": "success"
  }
}