{
  "final_status": "weak_pass",
  "final_lambda": 4.9334835386994775e-09,
  "final_reg_order": 0,
  "final_residual_norm": 7.849381239891591,
  "final_reg_norm": 203808.09781738534,
  "n_iterations": 1,
  "summary_notes": [
    "Completed in 1 iteration(s)"
  ],
  "final_config": {
    "parameterization_type": "piecewise_constant",
    "num_parameters": 24,
    "reg_order": 0,
    "lambda_strategy": "discrepancy",
    "lambda_value": 4.9334835386994775e-09,
    "lambda_grid": null,
    "max_retries": 8,
    "physical_bounds": [
      -500000.0,
      500000.0
    ],
    "planner_notes": [
      "num_parameters=24 (\u2248 N_t/5)",
      "reg_order=0 (default first-difference smoothness)",
      "noise_std provided \u2192 using discrepancy principle for lambda",
      "physical_bounds=(-500000.0, 500000.0) applied"
    ],
    "stop_tolerance": 0.001,
    "iteration_budget": 12,
    "skip_verifier": false
  },
  "final_result": {
    "estimated_x": [
      1157.757250038641,
      8452.70177810159,
      7839.177278733391,
      11482.415361074556,
      16449.242336731615,
      18911.94807140433,
      20055.35526445039,
      25475.92263356283,
      28730.509804998852,
      28959.93965973675,
      33023.28344846738,
      38345.699127154774,
      41195.0480841929,
      41620.316331752205,
      49388.33114128865,
      49909.69923379642,
      54073.54027172107,
      56031.86476483016,
      56414.68262025752,
      66649.16933563557,
      66071.17135344008,
      67221.96568597593,
      60330.479403614176,
      28203.744225479102
    ],
    "fitted_y": [
      300.0,
      300.00168208049365,
      300.005487701919,
      300.0109746032486,
      300.017551869707,
      300.0353574100043,
      300.06686838383746,
      300.1091094404616,
      300.15824326163744,
      300.21129863557206,
      300.26542586130677,
      300.3191791836194,
      300.3720622964369,
      300.4239540492272,
      300.47484494292,
      300.53004625789714,
      300.59097196815264,
      300.6562577538908,
      300.724073369214,
      300.79299954432435,
      300.8693259086955,
      300.95438430262146,
      301.04595015264766,
      301.1413052653699,
      301.23837707737715,
      301.3393943787512,
      301.44447557278386,
      301.5521990066002,
      301.6610357006864,
      301.7698604340011,
      301.8796188205007,
      301.9903244294434,
      302.101305526314,
      302.2118586354955,
      302.3214785500348,
      302.43773192943223,
      302.56251644809754,
      302.6936808951106,
      302.82843198816676,
      302.96461798574296,
      303.1055663573923,
      303.25166980480094,
      303.40119231279436,
      303.55219813357695,
      303.70324948776187,
      303.85376123705055,
      304.0032762110031,
      304.1514013303911,
      304.2978608235788,
      304.4424935914255,
      304.5911266963255,
      304.7452881962951,
      304.9034385057879,
      305.0635364314088,
      305.2240090802057,
      305.3915711169226,
      305.5676429566947,
      305.7498452955364,
      305.93527638013273,
      306.1217298715138,
      306.31191612987817,
      306.5060594354618,
      306.70257337241264,
      306.8997293094221,
      307.09625451553694,
      307.2919609288495,
      307.4865394350037,
      307.67957014883274,
      307.87070963909656,
      308.0597414769837,
      308.25784024201306,
      308.46792742876335,
      308.68703921893166,
      308.9112406067839,
      309.13748493040583,
      309.36453995992497,
      309.5913954635091,
      309.8171457720553,
      310.0411267152337,
      310.262919563361,
      310.4883387110325,
      310.7188575622718,
      310.9528466038572,
      311.1881875054109,
      311.4232573987274,
      311.6598567260006,
      311.8981126232148,
      312.1369304566516,
      312.3751312094636,
      312.6118566708602,
      312.84712960686267,
      313.0807944756312,
      313.3125511896631,
      313.5421405588629,
      313.76940042404084,
      314.0091218388666,
      314.26518588164373,
      314.53369687624684,
      314.8094658053149,
      315.0884659035578,
      315.36721852433277,
      315.64389046325914,
      315.91775064170514,
      316.1885482682011,
      316.45621395409023,
      316.7224218941498,
      316.98764664137025,
      317.2515028768988,
      317.5134685111797,
      317.77315717625834,
      318.02032858363555,
      318.25224325769733,
      318.47149578282784,
      318.6816098108742,
      318.8853599418172,
      319.0379286146539,
      319.12824308449547,
      319.1693121830109,
      319.1779971196681,
      319.1673802885294,
      319.1461036010508,
      300.0,
      300.0000006563318,
      300.00000468428675,
      300.0000181655797,
      300.00005091340284,
      300.00011986386687,
      300.0002564727017,
      300.00051337743105,
      300.00096540896817,
      300.0017040679585,
      300.0028276991374,
      300.00443081335067,
      300.00659543393556,
      300.0093859653601,
      300.012847510319,
      300.01700884718554,
      300.02188922734274,
      300.0275054505542,
      300.03387598383017,
      300.0410212425692,
      300.0489640778678,
      300.0577326001661,
      300.06736307614983,
      300.07789990517205,
      300.0893919754188,
      300.10188832143797,
      300.11543537320233,
      300.13007545581416,
      300.1458453195028,
      300.1627741319945,
      300.1808819938074,
      300.20017971895317,
      300.2206694558065,
      300.2423454005504,
      300.26519418743334,
      300.28919816298423,
      300.31434221733946,
      300.3406204347488,
      300.3680386329201,
      300.39661191551096,
      300.4263609056613,
      300.45730945608784,
      300.4894832975809,
      300.52290806396104,
      300.55760612659,
      300.59359309587774,
      300.6308750396449,
      300.66944691188945,
      300.7092922134633,
      300.7503835714095,
      300.79268624332144,
      300.83616462380144,
      300.8807885202544,
      300.926536149898,
      300.9733930623408,
      301.0213514497349,
      301.0704122244137,
      301.1205873814294,
      301.1718994974018,
      301.22437746844855,
      301.27805175806054,
      301.3329515867834,
      301.3891034630264,
      301.4465296422204,
      301.50524579049073,
      301.56525863471586,
      301.6265644650397,
      301.68914860813516,
      301.75298578224084,
      301.8180409129804,
      301.88427469021764,
      301.9516543881227,
      302.02016407815364,
      302.08980861570177,
      302.16061003742465,
      302.2325994362606,
      302.3058081628404,
      302.380260602306,
      302.45596949192696,
      302.53293351856973,
      302.6111391747634,
      302.6905667157543,
      302.7711965480876,
      302.8530127444434,
      302.93600260166585,
      303.02015468405955,
      303.1054574972978,
      303.19189861879556,
      303.27946368430247,
      303.3681347568566,
      303.4578887363024,
      303.54869649900866,
      303.640522643004,
      303.73332582925235,
      303.8270593086852,
      303.92167740246254,
      304.01714878741336,
      304.1134689108788,
      304.2106642298331,
      304.3087865207168,
      304.4079006078287,
      304.5080705536213,
      304.60934811514414,
      304.7117657254621,
      304.8153337829434,
      304.9200419300904,
      305.02586319911416,
      305.1327587950724,
      305.2406821931073,
      305.34958171737844,
      305.4593979905366,
      305.57005639733296,
      305.68145974569575,
      305.793486699,
      305.90599680692634,
      306.0188214987102,
      306.13173530265317,
      306.2444278419976,
      306.35649928956775,
      306.4674837663992,
      306.57688982162466
    ],
    "status": "success"
  }
}