{
  "final_status": "weak_pass",
  "final_lambda": 4.9334835386994775e-09,
  "final_reg_order": 0,
  "final_residual_norm": 7.763574544261158,
  "final_reg_norm": 163231.1561460605,
  "n_iterations": 1,
  "summary_notes": [
    "Completed in 1 iteration(s)"
  ],
  "final_config": {
    "parameterization_type": "piecewise_constant",
    "num_parameters": 24,
    "reg_order": 0,
    "lambda_strategy": "discrepancy",
    "lambda_value": 4.9334835386994775e-09,
    "lambda_grid": null,
    "max_retries": 8,
    "physical_bounds": [
      -500000.0,
      500000.0
    ],
    "planner_notes": [
      "num_parameters=24 (\u2248 N_t/5)",
      "reg_order=0 (default first-difference smoothness)",
      "noise_std provided \u2192 using discrepancy principle for lambda",
      "physical_bounds=(-500000.0, 500000.0) applied"
    ],
    "stop_tolerance": 0.001,
    "iteration_budget": 12,
    "skip_verifier": false
  },
  "final_result": {
    "estimated_x": [
      4514.552226167928,
      5272.761763069808,
      13533.97905922642,
      23002.214729011568,
      35035.30360543134,
      38567.12287738841,
      46279.59461592927,
      40048.02446656347,
      33601.21303304339,
      33414.41310200458,
      36120.393732633645,
      45089.98752470031,
      47446.48888309462,
      44052.73512614908,
      35423.12014134897,
      32713.37205988606,
      37707.84028663508,
      45310.20819781489,
      41781.32193503448,
      36385.22550494938,
      25501.076263714906,
      10490.942846266378,
      3143.1211924494437,
      2929.6966451665617
    ],
    "fitted_y": [
      300.0,
      300.0065590953862,
      300.02139871455233,
      300.042794307291,
      300.06844166379045,
      300.09764569242765,
      300.1295083244654,
      300.16300413124054,
      300.19730156547996,
      300.2318336857479,
      300.2782477123347,
      300.33948096024034,
      300.41225496388626,
      300.49228618875264,
      300.57625409832525,
      300.67573078052095,
      300.79298140911607,
      300.9235848592613,
      301.0622372502696,
      301.20490174633244,
      301.36642598205276,
      301.5497857564373,
      301.74942948397677,
      301.95866550343453,
      302.17240161929794,
      302.3924519890272,
      302.6181414623952,
      302.84693182693536,
      303.0763439452002,
      303.3046075805966,
      303.5418244724831,
      303.7903009236738,
      304.0467548681126,
      304.30709709335764,
      304.56821620570105,
      304.81905481987866,
      305.05604359628484,
      305.28088995704314,
      305.49642010588116,
      305.70495205300114,
      305.8987117789657,
      306.07627975545347,
      306.24079645539916,
      306.39600624602383,
      306.5447908403749,
      306.6888041580026,
      306.8292007998024,
      306.9668260365395,
      307.1022685703691,
      307.23592299432335,
      307.371982408696,
      307.51165355593974,
      307.6540219735954,
      307.79778982983834,
      307.9419400911552,
      308.09883731450793,
      308.27149469465104,
      308.4562464008562,
      308.64837756437544,
      308.8442437688674,
      309.0448728805399,
      309.24968735339644,
      309.4569035574277,
      309.6648002275168,
      309.872143264729,
      310.0732217334593,
      310.2662803982549,
      310.45235806544184,
      310.6330547981473,
      310.80966570348113,
      310.9705365503568,
      311.1129492727663,
      311.24057076273266,
      311.35805086066733,
      311.4689923785602,
      311.5718483674804,
      311.66708244500387,
      311.7566501779452,
      311.8424989966625,
      311.9260537326138,
      312.015495619082,
      312.11329964938733,
      312.2179012987337,
      312.3269538551786,
      312.4385853068861,
      312.56258966140166,
      312.7010805946542,
      312.8506704211647,
      313.0071810116163,
      313.1674020294909,
      313.3240918252977,
      313.47459341361383,
      313.6194610057432,
      313.76002131933535,
      313.89739957868903,
      314.0245245431158,
      314.1398286203861,
      314.2456816859572,
      314.34503522446647,
      314.44016677798373,
      314.51677103918826,
      314.5716409403956,
      314.60951313716214,
      314.6362969408094,
      314.6565404799344,
      314.65142993414963,
      314.61709514638244,
      314.56038813615237,
      314.48963487943746,
      314.4111972278728,
      314.31856564687513,
      314.21149911680357,
      314.09433214549705,
      313.97170603655286,
      313.84704792928204,
      313.72224573662834,
      313.5985358534483,
      313.4767539226019,
      313.3574159810533,
      313.2408029386124,
      313.12703861616944,
      300.0,
      300.0000025592969,
      300.0000182658821,
      300.00007083476163,
      300.00019853144215,
      300.0004517003843,
      300.0008880608054,
      300.0015674298203,
      300.0025469211064,
      300.0038772000566,
      300.0056047129973,
      300.0077805414121,
      300.0104696328166,
      300.01375411299875,
      300.01772912519766,
      300.02249928553096,
      300.02818031835704,
      300.03490180453264,
      300.0428053574046,
      300.0520367198988,
      300.06274133608184,
      300.0750680695888,
      300.0891749514987,
      300.10522910605647,
      300.12339866122636,
      300.14384198382044,
      300.1666993221965,
      300.19208766996076,
      300.220097549237,
      300.25079069618454,
      300.2842031165926,
      300.3203545263566,
      300.3592587032527,
      300.40092895742544,
      300.4453770642662,
      300.492604396826,
      300.5425881124387,
      300.595269369066,
      300.65054916304484,
      300.70829255784724,
      300.7683347901891,
      300.83048497866093,
      300.8945292220156,
      300.96023644381546,
      301.02736765654186,
      301.09568664127613,
      301.164969555038,
      301.23501184614577,
      301.30563217005476,
      301.3766736493292,
      301.448004707374,
      301.51952045422337,
      301.5911431584167,
      301.66282037508444,
      301.73452049785317,
      301.8062320150548,
      301.8779685865714,
      301.9497743054109,
      302.02172314529076,
      302.09391104159573,
      302.1664450091659,
      302.239433527195,
      302.31297927813915,
      302.38717385321115,
      302.46209367415076,
      302.53779532469036,
      302.61431021299074,
      302.6916408831522,
      302.7697614068977,
      302.8486217362253,
      302.9281496269869,
      303.0082475130736,
      303.08878902480404,
      303.16962098210297,
      303.2505719322191,
      303.33146295752306,
      303.41211680774603,
      303.4923644345656,
      303.57205003665206,
      303.65103512565065,
      303.729204353263,
      303.8064732676085,
      303.88279403300197,
      303.9581558331646,
      304.03257949233273,
      304.10611285055614,
      304.17883044206417,
      304.2508337466648,
      304.32224761517284,
      304.3932116111127,
      304.4638666309764,
      304.53433981561335,
      304.60473228339316,
      304.6751133094855,
      304.74552092998493,
      304.8159639253714,
      304.8864222782931,
      304.9568477959102,
      305.02716801870145,
      305.09729370426254,
      305.16712196627606,
      305.23653205049646,
      305.3053798128165,
      305.3734985310696,
      305.44070770741183,
      305.50681807063967,
      305.57162713029436,
      305.63491262519074,
      305.6964337529637,
      305.75594258887895,
      305.8131971736679,
      305.86796980399157,
      305.92005125285067,
      305.96925493822505,
      306.01542253426487,
      306.0584297401063,
      306.09819049658023,
      306.13465825824227,
      306.1678245949074,
      306.1977156040212,
      306.22438697408455
    ],
    "status": "success"
  }
}