{
  "final_status": "fail",
  "final_lambda": 1.0,
  "final_reg_order": 1,
  "final_residual_norm": 23.214792223730633,
  "final_reg_norm": 0.028442065774228392,
  "n_iterations": 1,
  "summary_notes": [
    "Completed in 1 iteration(s)"
  ],
  "final_config": {
    "parameterization_type": "piecewise_constant",
    "num_parameters": 24,
    "reg_order": 1,
    "lambda_strategy": "fixed",
    "lambda_value": 0.5,
    "lambda_grid": null,
    "max_retries": 1,
    "physical_bounds": null,
    "planner_notes": [
      "num_parameters=24 (\u2248 N_t/5)",
      "reg_order=1 (default first-difference smoothness)",
      "noise_std provided \u2192 using discrepancy principle for lambda",
      "lambda_value=1.0 supplied \u2192 strategy forced to 'fixed'",
      "iter0: lambda decreased to 5.000e-01 (factor=2.0)"
    ],
    "stop_tolerance": 0.001,
    "iteration_budget": 1,
    "skip_verifier": false
  },
  "final_result": {
    "estimated_x": [
      35270.36858387588,
      35270.369012004434,
      35270.369869106,
      35270.37096653548,
      35270.371995386435,
      35270.372580302224,
      35270.37234782331,
      35270.37096321437,
      35270.36814059351,
      35270.363714340754,
      35270.357666641416,
      35270.35009578959,
      35270.341226022785,
      35270.33141428753,
      35270.32111735126,
      35270.310800621206,
      35270.3009742104,
      35270.29209378261,
      35270.28454610322,
      35270.27860328952,
      35270.27433431596,
      35270.271694843526,
      35270.27043399371,
      35270.270094353444
    ],
    "fitted_y": [
      300.0,
      300.0512435564496,
      300.1671794923768,
      300.33433459528703,
      300.53470700690525,
      300.7542600114191,
      300.9837186587338,
      301.2173344887448,
      301.451634332927,
      301.68454634351434,
      301.9148522271844,
      302.14185536569335,
      302.36518048768284,
      302.58465179205183,
      302.8002177848924,
      303.01190423439,
      303.2197843874093,
      303.4239598491804,
      303.6245482599251,
      303.8216752775586,
      304.01546939455955,
      304.2060585490728,
      304.3935680441105,
      304.5781191788373,
      304.7598285190208,
      304.9388074688471,
      305.11516210099086,
      305.2889931527456,
      305.46039613262565,
      305.6294614728612,
      305.79627475762027,
      305.9609169080183,
      306.12346445669164,
      306.2839897661655,
      306.4425612593498,
      306.5992436641169,
      306.75409821528524,
      306.90718286070154,
      307.05855246686986,
      307.20825900507515,
      307.3563517116537,
      307.50287726157364,
      307.64787993001084,
      307.7914017108842,
      307.9334824805992,
      308.07416008980533,
      308.21347051301467,
      308.35144796964016,
      308.48812497940025,
      308.62353248359705,
      308.75769993650147,
      308.8906554029932,
      309.0224256410687,
      309.1530361442297,
      309.28251123232485,
      309.41087410260917,
      309.5381469332999,
      309.6643509075376,
      309.78950627690506,
      309.91363240381213,
      310.03674780463587,
      310.15887022654596,
      310.2800166931786,
      310.4002035012118,
      310.5194462825119,
      310.6377600298528,
      310.7551591541203,
      310.87165751571376,
      310.98726845263707,
      311.1020047562308,
      311.2158787543205,
      311.3289023255795,
      311.441086944854,
      311.55244367087454,
      311.66298317200994,
      311.7727157211709,
      311.8816512784126,
      311.98979949417117,
      312.09716970098725,
      312.20377091320046,
      312.3096118586584,
      312.41470101998743,
      312.5190466419932,
      312.6226567297118,
      312.7255390301791,
      312.82770107354565,
      312.92915020993786,
      313.0298935930741,
      313.12993819694833,
      313.22929080784456,
      313.32795800725796,
      313.42594626349717,
      313.52326189562774,
      313.61991106290833,
      313.7158997891894,
      313.81123393816193,
      313.90591927479306,
      313.99996145577626,
      314.09336600992737,
      314.1861383489134,
      314.27828376901454,
      314.36980748621613,
      314.46071463513255,
      314.5510102283695,
      314.6406992017116,
      314.72978639221054,
      314.81827657109915,
      314.90617445117203,
      314.99348463711266,
      315.08021167505495,
      315.1663600326938,
      315.25193412263644,
      315.3369383081396,
      315.42137686228654,
      315.50525401985806,
      315.588573924712,
      315.6713407068885,
      315.75355844045725,
      315.83523111928156,
      315.91636271309653,
      315.99695711137906,
      300.0,
      300.00001999475126,
      300.0001427039418,
      300.00055340331227,
      300.0015510457721,
      300.003525594132,
      300.00691409199607,
      300.0121527509412,
      300.0196375684954,
      300.0296988780849,
      300.04258955828607,
      300.05848404842556,
      300.07748422891837,
      300.09962917304443,
      300.1249061357412,
      300.15326145017104,
      300.18461037773807,
      300.2188455466634,
      300.25584399916744,
      300.29547275703925,
      300.33759326446835,
      300.38206473620806,
      300.4287466937598,
      300.4775008218993,
      300.5281923239805,
      300.5806908080954,
      300.6348708965603,
      300.69061257677043,
      300.74780139968465,
      300.80632854398107,
      300.8660907438809,
      300.92699020694727,
      300.98893442763034,
      301.0518360328909,
      301.1156125536434,
      301.18018622827714,
      301.2454837400146,
      301.3114360384757,
      301.37797810310093,
      301.445048726625,
      301.51259031458807,
      301.5805486928653,
      301.6488729051717,
      301.7175150466562,
      301.78643009148396,
      301.8555757224217,
      301.9249121844789,
      301.99440212651984,
      302.0640104769602,
      302.13370432949216,
      302.2034527766801,
      302.2732268437974,
      302.34299932642716,
      302.4127447423457,
      302.48243920521804,
      302.55206032435655,
      302.62158715058627,
      302.6910000399086,
      302.7602806575117,
      302.82941184545234,
      302.89837755048336,
      302.967162801997,
      303.03575360576156,
      303.1041369278822,
      303.17230062664055,
      303.24023337230267,
      303.3079246491208,
      303.375364651075,
      303.44254431395063,
      303.5094552231197,
      303.5760895554032,
      303.6424401091412,
      303.70850020795353,
      303.77426372078816,
      303.8397250037855,
      303.9048788561748,
      303.96972052829113,
      304.0342456634284,
      304.09845031187285,
      304.1623308928163,
      304.2258841382231,
      304.28910711488106,
      304.351997190314,
      304.414552024761,
      304.47676956516733,
      304.5386479649922,
      304.6001856483634,
      304.66138123990123,
      304.7222335927865,
      304.78274177673546,
      304.8429049917927,
      304.9027226625591,
      304.9621943359388,
      305.0213197412847,
      305.08009876433835,
      305.1385313850812,
      305.1966177418892,
      305.25435806135914,
      305.31175271444386,
      305.3688021783622,
      305.42550699048826,
      305.4818678185213,
      305.53788537427334,
      305.59356048985364,
      305.6488940695529,
      305.70388705776617,
      305.75854048710914,
      305.8128554323047,
      305.86683303423985,
      305.92047451600604,
      305.97378110069855,
      306.02675408760206,
      306.07939478602833,
      306.13170457345717,
      306.18368488551147,
      306.23533712974705,
      306.28666279993104,
      306.3376633657721,
      306.3883403611348,
      306.4386953579759,
      306.48872990218706
    ],
    "status": "success"
  }
}