{
  "final_status": "weak_pass",
  "final_lambda": 7.578693811968019e-10,
  "final_reg_order": 0,
  "final_residual_norm": 1.659173921935314,
  "final_reg_norm": 217411.1505461922,
  "n_iterations": 1,
  "summary_notes": [
    "Completed in 1 iteration(s)"
  ],
  "final_config": {
    "parameterization_type": "piecewise_constant",
    "num_parameters": 24,
    "reg_order": 0,
    "lambda_strategy": "discrepancy",
    "lambda_value": 7.578693811968019e-10,
    "lambda_grid": null,
    "max_retries": 8,
    "physical_bounds": [
      -500000.0,
      500000.0
    ],
    "planner_notes": [
      "num_parameters=24 (\u2248 N_t/5)",
      "reg_order=0 (default first-difference smoothness)",
      "noise_std provided \u2192 using discrepancy principle for lambda",
      "physical_bounds=(-500000.0, 500000.0) applied"
    ],
    "stop_tolerance": 0.001,
    "iteration_budget": 12
  },
  "final_result": {
    "estimated_x": [
      130.98181003988057,
      7014.8053764710785,
      7066.778465525254,
      11158.322416593459,
      15478.5088126925,
      18456.25791974127,
      20234.56672206161,
      25242.699128477518,
      28727.694488502377,
      30145.149842981697,
      34149.286679523204,
      38498.17955270336,
      41846.348523824054,
      42546.12036372043,
      49832.333161095994,
      50184.46527530543,
      55011.42613126037,
      58102.872447598325,
      58352.588188602116,
      67271.39548253556,
      66726.47052374283,
      71503.43655034763,
      77744.26672188377,
      50296.73291847787
    ],
    "fitted_y": [
      300.0,
      300.0001903006418,
      300.0006208461492,
      300.00124160172453,
      300.0019857147637,
      300.0128024159461,
      300.0362821100223,
      300.06977384038674,
      300.1097512326551,
      300.15346700546837,
      300.1991819228951,
      300.2457912734126,
      300.2925959411093,
      300.33916437598754,
      300.38523792739886,
      300.43661157559234,
      300.4947640137854,
      300.5580932282082,
      300.62449824235364,
      300.69235442619663,
      300.7668762907018,
      300.84906405228173,
      300.93688767099127,
      301.02792669420603,
      301.1203460151408,
      301.21728055774537,
      301.319143104748,
      301.4243745727682,
      301.5312186683647,
      301.6383663527554,
      301.74756262429156,
      301.85898620693536,
      301.97167578326037,
      302.08457515172336,
      302.19690891337825,
      302.3154668360751,
      302.44187932789634,
      302.5740862967158,
      302.7094654072856,
      302.846005910227,
      302.9874653990195,
      303.1343847728883,
      303.28497759493257,
      303.437214128415,
      303.58958001507864,
      303.74316550974936,
      303.8979355939972,
      304.05302533955006,
      304.2075424236631,
      304.36084746328726,
      304.51836643174295,
      304.68141022342394,
      304.8483449413897,
      305.0170904927883,
      305.18605753432496,
      305.36053964567844,
      305.5415843586374,
      305.72718551550645,
      305.91494133858913,
      306.10303716170364,
      306.29516899110604,
      306.4919152585335,
      306.6916002954948,
      306.892303496383,
      307.0925925821921,
      307.29257155513443,
      307.49197002704284,
      307.6902237693568,
      307.8868259254401,
      308.0814372149448,
      308.2844522693045,
      308.4985599117887,
      308.72095129113757,
      308.9479204735843,
      309.1766031713716,
      309.40564316846053,
      309.63404222749966,
      309.86100649862465,
      310.0859872780585,
      310.3086512584772,
      310.53583208960896,
      310.76929074318457,
      311.00716556336346,
      311.24701253517776,
      311.4869524820222,
      311.7302621503826,
      311.9773950638784,
      312.2267595841249,
      312.4765597566695,
      312.72546337389946,
      312.97298830852907,
      313.2187359087397,
      313.4623413201647,
      313.7035449835922,
      313.9421982658151,
      314.1911939136175,
      314.45392211311633,
      314.72699871212916,
      315.00591403769596,
      315.28717210865136,
      315.5676950714449,
      315.84588321143855,
      316.12112854477095,
      316.39324658998186,
      316.66220588008065,
      316.9349716597346,
      317.21341488420103,
      317.49577319767593,
      317.7796783060953,
      318.06330297011255,
      318.3545337340719,
      318.6550473175318,
      318.96206384473885,
      319.2721900304563,
      319.58284742366993,
      319.8524902039295,
      320.069649293334,
      320.24423321500484,
      320.3899366396568,
      320.51752727200153,
      320.63416324663575,
      300.0,
      300.0000000742534,
      300.0000005299524,
      300.0000020551462,
      300.0000057600413,
      300.00001699525865,
      300.00005352925746,
      300.0001531412314,
      300.0003756493122,
      300.00079839201857,
      300.00150763546145,
      300.0025892884145,
      300.0041212882969,
      300.0061686925175,
      300.00878138500815,
      300.01199617387095,
      300.01584287180134,
      300.0203507757553,
      300.02555211321675,
      300.0314815247373,
      300.0381753624335,
      300.04567303719847,
      300.05401871214417,
      300.0632608404869,
      300.0734489020443,
      300.0846302655119,
      300.096849128148,
      300.1101465424816,
      300.12455980048446,
      300.1401205191543,
      300.15685307733895,
      300.17477451048234,
      300.1938952228006,
      300.21421942744996,
      300.2357448382544,
      300.25846478442224,
      300.28237366017333,
      300.3074724475755,
      300.3337707536826,
      300.36128451398844,
      300.39003294709255,
      300.42003729875285,
      300.45132046027413,
      300.4839056251132,
      300.5178133582637,
      300.5530587135546,
      300.58964969241794,
      300.6275867923398,
      300.6668628669396,
      300.70746282886887,
      300.7493655910011,
      300.7925488777925,
      300.83699412821915,
      300.8826886498625,
      300.9296242217902,
      300.977795928142,
      301.0272033689983,
      301.07785234458294,
      301.1297544817441,
      301.18292400160044,
      301.2373748077766,
      301.29311988670315,
      301.3501717141227,
      301.4085417481523,
      301.46823822873665,
      301.52926348835854,
      301.59161201492816,
      301.65526946099124,
      301.72021245288937,
      301.7864087864133,
      301.8538220939917,
      301.9224215625618,
      301.9921912414396,
      302.06313367694395,
      302.1352665541656,
      302.2086151071215,
      302.2832038578995,
      302.3590498535049,
      302.4361583984384,
      302.51452103300886,
      302.5941180888464,
      302.6749256816003,
      302.75692296966287,
      302.84009590433925,
      302.92443630824584,
      303.0099396368054,
      303.0966040004514,
      303.18442970712204,
      303.2734180096568,
      303.36356841723745,
      303.4548755105736,
      303.5473264170237,
      303.64089926316564,
      303.7355628181331,
      303.8312768955198,
      303.9279983776049,
      304.02569341876153,
      304.12434894973467,
      304.22397704794923,
      304.32461056220467,
      304.4262928760904,
      304.52906622016275,
      304.63296185712284,
      304.73799418499914,
      304.844158562813,
      304.95143472447774,
      305.0597951088992,
      305.16921337588667,
      305.2796692380517,
      305.3911483035065,
      305.50364209240377,
      305.6171511768274,
      305.73168835951145,
      305.847278437105,
      305.96395341116437,
      306.081729552572,
      306.20056696337105,
      306.32033310735414,
      306.4407913588375,
      306.56161808386554,
      306.6824378922202
    ],
    "status": "success"
  }
}