{
  "final_status": "weak_pass",
  "final_lambda": 0.0757869381196803,
  "final_reg_order": 2,
  "final_residual_norm": 7.546664162331315,
  "final_reg_norm": 0.016342602590056626,
  "n_iterations": 1,
  "summary_notes": [
    "Completed in 1 iteration(s)"
  ],
  "final_config": {
    "parameterization_type": "piecewise_constant",
    "num_parameters": 24,
    "reg_order": 2,
    "lambda_strategy": "discrepancy",
    "lambda_value": 0.0757869381196803,
    "lambda_grid": null,
    "max_retries": 8,
    "physical_bounds": [
      -500000.0,
      500000.0
    ],
    "planner_notes": [
      "num_parameters=24 (\u2248 N_t/5)",
      "reg_order=2 (default first-difference smoothness)",
      "noise_std provided \u2192 using discrepancy principle for lambda",
      "physical_bounds=(-500000.0, 500000.0) applied"
    ],
    "stop_tolerance": 0.001,
    "iteration_budget": 12
  },
  "final_result": {
    "estimated_x": [
      1727.5793759340165,
      5026.335270410621,
      8325.09153814253,
      11623.848848737221,
      14922.608289713273,
      18221.37122928692,
      21520.139134585814,
      24818.913000510096,
      28117.693592886564,
      31416.48117801434,
      34715.27532021477,
      38014.07491818648,
      41312.878265248466,
      44611.68364350692,
      47910.4897627658,
      51209.29596135667,
      54508.101883170806,
      57806.90720336373,
      61105.71163249205,
      64404.51513904193,
      67703.31776931102,
      71002.11979305773,
      74300.92166437303,
      77599.72359674238
    ],
    "fitted_y": [
      300.0,
      300.00250996274855,
      300.00818862560016,
      300.01637605657885,
      300.0261905059232,
      300.0417371316247,
      300.06381947498596,
      300.0908958513406,
      300.1211124693606,
      300.15305502658657,
      300.19058907583866,
      300.2344006940367,
      300.28288654431003,
      300.3341605674089,
      300.38679347644864,
      300.4446466072178,
      300.5084086481029,
      300.5764831776774,
      300.6469936925711,
      300.71852199171883,
      300.79494129792056,
      300.8769524801145,
      300.96297128068494,
      301.05113312668016,
      301.14003138680005,
      301.23355041899043,
      301.33240174059057,
      301.43501123443156,
      301.5395239641792,
      301.64454243558583,
      301.7539596708164,
      301.86849537664574,
      301.9865831821067,
      302.10637547270716,
      302.2264816770889,
      302.35080137178863,
      302.4800604598198,
      302.612698423694,
      302.746873188766,
      302.88119942896236,
      303.0195816968748,
      303.1627506041774,
      303.3091500934577,
      303.4569423155139,
      303.6047459533374,
      303.756469375717,
      303.9128468122327,
      304.07232563945524,
      304.23307126845924,
      304.3937054814397,
      304.55813960853186,
      304.7271106929655,
      304.89906878483515,
      305.07218184174855,
      305.245074073681,
      305.4216591347456,
      305.60267628302483,
      305.78657767704084,
      305.9715332899571,
      306.15616925721577,
      306.3444010797025,
      306.53696978122196,
      306.7323292082974,
      306.9286509504869,
      307.12456269037335,
      307.32398141773547,
      307.52764958383653,
      307.7340224041964,
      307.9412727856002,
      308.1480296728509,
      308.3582112732457,
      308.5725612088006,
      308.7895358252892,
      309.00730911563556,
      309.2245110739508,
      309.4450609163604,
      309.6697032434532,
      309.8968953461229,
      310.1248121310588,
      310.35208447332303,
      310.5826324443492,
      310.8172014729304,
      311.0542496541654,
      311.29195267412746,
      311.52894216336375,
      311.76913892571696,
      312.0132891052438,
      312.25985149136886,
      312.5070024470618,
      312.7533742613745,
      313.0028883751368,
      313.2562915589946,
      313.5120432133918,
      313.76832029707316,
      314.0237556798624,
      314.2822713695126,
      314.5446146917693,
      314.8092455925038,
      315.0743415625373,
      315.33853599289944,
      315.6057514000723,
      315.8767356109734,
      316.14994906468525,
      316.4235697326674,
      316.6962314801775,
      316.97185728634656,
      317.25119543532827,
      317.5327068173315,
      317.814569844605,
      318.0954188172366,
      318.3791771413147,
      318.6665935226327,
      318.9561292677884,
      319.24596319691926,
      319.53473001407417,
      319.82635352023465,
      320.12158281487444,
      320.4188795930411,
      320.71642305479594,
      321.0128482818002,
      321.3072866830908,
      300.0,
      300.0000009793636,
      300.00000698978755,
      300.0000271062703,
      300.00007597183674,
      300.00017455733405,
      300.0003520065688,
      300.0006470132991,
      300.0011069342692,
      300.00178442262273,
      300.00273460960443,
      300.0040145753739,
      300.0056836735963,
      300.0078026740049,
      300.01043107617744,
      300.01362531173055,
      300.0174392959771,
      300.02192578482095,
      300.02713642122757,
      300.0331197964952,
      300.03992025796236,
      300.04757893518985,
      300.05613546123243,
      300.06562828915145,
      300.0760929629636,
      300.0875610624095,
      300.1000613340722,
      300.1136214771857,
      300.12826850588016,
      300.14402704145505,
      300.16091826589707,
      300.17896105268596,
      300.1981737444758,
      300.2185745029327,
      300.24017958291614,
      300.2630022694056,
      300.2870539829688,
      300.31234604321276,
      300.33888999396805,
      300.36669585799183,
      300.39577105100625,
      300.42612147447977,
      300.4577532514635,
      300.4906730402114,
      300.5248862698508,
      300.56039603751464,
      300.5972041863195,
      300.63531302367676,
      300.6747256249746,
      300.7154440569033,
      300.75746825621735,
      300.8007971020798,
      300.845430116741,
      300.8913677690151,
      300.93860967751084,
      300.9871534840063,
      301.0369959190701,
      301.0881344893933,
      301.1405677808196,
      301.1942936490902,
      301.24930808446567,
      301.3056062761063,
      301.36318429037766,
      301.422039367274,
      301.4821681098043,
      301.5435653369694,
      301.60622514894555,
      301.67014259648965,
      301.7353139785945,
      301.80173502282156,
      301.8693997341073,
      301.93830146076004,
      302.008434555633,
      302.07979467431664,
      302.1523769518909,
      302.22617484529445,
      302.3011812004919,
      302.3773899080128,
      302.4547962025381,
      302.53339483613473,
      302.61317891403564,
      302.69414096530784,
      302.77627459356927,
      302.8595747766209,
      302.9440360386275,
      303.02965127834455,
      303.1164128461609,
      303.20431418686,
      303.2933501430821,
      303.3835151253361,
      303.47480193336895,
      303.56720283993116,
      303.66071122577864,
      303.7553218878937,
      303.8510292061848,
      303.9478259613472,
      304.0457044214676,
      304.1446579727842,
      304.2446814318367,
      304.3457692095144,
      304.447914123515,
      304.5511084919943,
      304.6553457566019,
      304.7606208004885,
      304.86692810961364,
      304.9742605804537,
      305.0826106187599,
      305.19197175893197,
      305.30233898284763,
      305.41370688412525,
      305.5260684668141,
      305.6394162524655,
      305.75374389177387,
      305.86904649051326,
      305.9853187715858,
      306.1025538663899,
      306.2207444316325,
      306.33988425205916,
      306.4599685731136,
      306.5809922618251,
      306.70294672091734
    ],
    "status": "success"
  }
}