{
  "final_status": "weak_pass",
  "solver_name": "tsvd",
  "final_lambda": 0.05,
  "final_reg_order": 2,
  "final_residual_norm": 13.89643448531819,
  "final_reg_norm": 41951.71616360435,
  "n_iterations": 3,
  "summary_notes": [
    "Completed in 3 iteration(s)"
  ],
  "final_config": {
    "parameterization_type": "piecewise_constant",
    "num_parameters": 24,
    "reg_order": 2,
    "lambda_strategy": "fixed",
    "lambda_value": 0.05,
    "lambda_grid": null,
    "max_retries": 6,
    "physical_bounds": null,
    "planner_notes": [
      "num_parameters=24 (\u2248 N_t/5)",
      "reg_order=1 (default first-difference smoothness)",
      "noise_std provided \u2192 using discrepancy principle for lambda",
      "lambda_strategy overridden to 'fixed' from config",
      "lambda_value=0.01 supplied \u2192 strategy forced to 'fixed'",
      "solver_name='tsvd' from config overrides",
      "iter0: oscillatory solution \u2192 increase reg_order to 2",
      "iter1: lambda increased to 5.000e-02 (factor=5.0)"
    ],
    "stop_tolerance": 0.001,
    "iteration_budget": 10,
    "skip_verifier": false,
    "solver_name": "tsvd"
  },
  "final_result": {
    "estimated_x": [
      -3836.1032247623452,
      188.92280530053586,
      5443.330193251473,
      3485.525676330408,
      -3076.357977897276,
      -2899.9796454002526,
      11046.068973596852,
      32747.809058017836,
      48887.28838793735,
      52280.61174759032,
      47943.41047895981,
      45620.111465514055,
      48398.845330822296,
      51300.975046917374,
      50328.82989487335,
      48157.61812541514,
      48305.7354801107,
      48361.7240121017,
      45091.852894572454,
      43476.994621139034,
      51195.74743791472,
      62134.57274996722,
      55651.52017921403,
      23281.137480627298
    ],
    "fitted_y": [
      300.0,
      299.99442660850923,
      299.9818170941908,
      299.96363684104773,
      299.94184378117285,
      299.92381245994613,
      299.91208641646955,
      299.9057533161447,
      299.9031365530752,
      299.9028596088521,
      299.91163055260785,
      299.9308726817585,
      299.9582232835037,
      299.99078321062325,
      300.02632791300573,
      300.060548899391,
      300.0917924785145,
      300.12025799928364,
      300.1466173907518,
      300.17145758842815,
      300.1856504171965,
      300.1869546494247,
      300.1780433104457,
      300.16237403988947,
      300.1426317498828,
      300.1208503246004,
      300.0982052195365,
      300.07530539533445,
      300.05247078007386,
      300.0298784236768,
      300.0278912557986,
      300.05188378400584,
      300.0965581018472,
      300.154808260737,
      300.2210849862283,
      300.3232446977109,
      300.467278793954,
      300.64351063281225,
      300.84002971968687,
      301.047702116368,
      301.2839785913006,
      301.5513123886515,
      301.84131666661415,
      302.1444442081775,
      302.45351857574803,
      302.7688127820108,
      303.0887869491624,
      303.4104819573852,
      303.7312245111631,
      304.0491626594754,
      304.3568694736696,
      304.6520689258023,
      304.93611460842425,
      305.2111122564233,
      305.47879765566694,
      305.73701551237787,
      305.98570701368413,
      306.22632935218866,
      306.4604767772249,
      306.6893813578884,
      306.91793406044246,
      307.1477732147244,
      307.37823687306815,
      307.60819290496676,
      307.8367495419029,
      308.0675599248736,
      308.3014140512606,
      308.53704451340474,
      308.77290634550894,
      309.0078367565331,
      309.23968477687987,
      309.4676497770907,
      309.6918704934519,
      309.9127308526476,
      310.1305777576977,
      310.34251548863676,
      310.54790326593593,
      310.74770971768476,
      310.9431518837126,
      311.1351833726785,
      311.32466715321414,
      311.5120816207907,
      311.69764563166933,
      311.88146783108476,
      312.0636169749525,
      312.2442277027468,
      312.42336680033156,
      312.6010530005837,
      312.77729375415856,
      312.9520994821889,
      313.1207347443689,
      313.28197140064793,
      313.4370789778265,
      313.5877475113464,
      313.7352994259594,
      313.87826916020947,
      314.01659414768716,
      314.15123291088446,
      314.2832207497616,
      314.4133316200302,
      314.55328687210005,
      314.70634480210003,
      314.8697487005396,
      315.03967452047806,
      315.21311916134385,
      315.4039855938092,
      315.61520899106745,
      315.8418617267428,
      316.0779114312453,
      316.3187380446706,
      316.55189087970626,
      316.7730289353921,
      316.9835083391172,
      317.1859791610553,
      317.3826442648962,
      317.52797341161795,
      317.6105815590947,
      317.6434396570076,
      317.6434580941398,
      317.623776229484,
      317.59308232632696,
      300.0,
      299.99999782531523,
      299.99998447912293,
      299.99993981031895,
      299.9998313039548,
      299.99961882837727,
      299.99926428987214,
      299.99874138746037,
      299.9980411676166,
      299.99717220551736,
      299.9961598502562,
      299.99504723458705,
      299.99389606776947,
      299.99278433438394,
      299.99180037399327,
      299.99103392892454,
      299.99056623808315,
      299.9904621434575,
      299.990766182259,
      299.99150272144993,
      299.9926751648288,
      299.994262149977,
      299.99621429018714,
      299.9984556016423,
      300.00089035059875,
      300.0034131347259,
      300.00591916833343,
      300.00831248625536,
      300.01051108908075,
      300.0124491699639,
      300.0140850236559,
      300.0154165562959,
      300.01649495976466,
      300.01742684521594,
      300.0183631052352,
      300.0194919261438,
      300.02104450991976,
      300.0233026664414,
      300.0265945619718,
      300.0312752786752,
      300.03770790577227,
      300.0462554846877,
      300.05727845566327,
      300.07112823116705,
      300.08813367470054,
      300.1085860653931,
      300.13272820354206,
      300.1607488742788,
      300.1927812914268,
      300.2289039361891,
      300.2691407931045,
      300.3134604270097,
      300.3617767781484,
      300.41395442027334,
      300.46981828291297,
      300.52916446513586,
      300.5917694969205,
      300.657397928893,
      300.72580923616965,
      300.7967643978979,
      300.8700333100481,
      300.9454027544746,
      301.02268250947577,
      301.1017076833476,
      301.1823371190272,
      301.2644508767338,
      301.3479488093168,
      301.43274928842396,
      301.5187866881101,
      301.60600719050205,
      301.6943632727856,
      301.7838079695988,
      301.87429030933424,
      301.9657530322635,
      302.058132385203,
      302.1513582042375,
      302.2453532954419,
      302.34003295192593,
      302.4353060325217,
      302.5310775709693,
      302.6272523853389,
      302.72373873908134,
      302.820451127981,
      302.9173120358435,
      303.0142524880754,
      303.1112118412595,
      303.20813719313946,
      303.3049824827403,
      303.40170761616645,
      303.49827752147604,
      303.59465943098985,
      303.69081825397353,
      303.7867122417148,
      303.8822915355384,
      303.9774998737888,
      304.0722774298857,
      304.16656314094774,
      304.26029630141613,
      304.3534183377287,
      304.44587479644025,
      304.5376216972421,
      304.62863651680107,
      304.71892767379336,
      304.8085371170995,
      304.89753480950753,
      304.98601435705046,
      305.07409475340575,
      305.1619229032426,
      305.24967051725355,
      305.33752353114096,
      305.4256637336117,
      305.5142467828748,
      305.60338419991473,
      305.69313549995826,
      305.7835107629958,
      305.8744618907796,
      305.96585580613714,
      306.05744950008585,
      306.1488891024622,
      306.2397371360621,
      306.32951669338905
    ],
    "status": "success"
  }
}