{
  "final_status": "fail",
  "final_lambda": 1.5299565849983015e-07,
  "final_reg_order": 1,
  "final_residual_norm": 15.466254448743626,
  "final_reg_norm": 19858.330912397865,
  "n_iterations": 1,
  "summary_notes": [
    "Completed in 1 iteration(s)"
  ],
  "final_config": {
    "parameterization_type": "piecewise_constant",
    "num_parameters": 24,
    "reg_order": 1,
    "lambda_strategy": "fixed",
    "lambda_value": 7.649782924991508e-08,
    "lambda_grid": null,
    "max_retries": 8,
    "physical_bounds": [
      -500000.0,
      500000.0
    ],
    "planner_notes": [
      "num_parameters=24 (\u2248 N_t/5)",
      "reg_order=1 (default first-difference smoothness)",
      "noise_std provided \u2192 using discrepancy principle for lambda",
      "physical_bounds=(-500000.0, 500000.0) applied",
      "iter0: lambda decreased to 7.650e-08 (factor=2.0)"
    ],
    "stop_tolerance": 0.001,
    "iteration_budget": 1,
    "skip_verifier": false
  },
  "final_result": {
    "estimated_x": [
      20209.399765674265,
      21612.669492080007,
      24790.859032612385,
      29192.56536742476,
      34320.05388133934,
      39609.082662845496,
      44859.64019630158,
      49129.297369323955,
      52124.770215169076,
      53689.12252766906,
      53673.0779144524,
      52153.16745152218,
      48891.33344667081,
      43948.382638191586,
      37683.20970038335,
      30962.187919791777,
      24539.869655561215,
      18798.569473360418,
      13788.273773641607,
      9834.026623163394,
      6817.389450609187,
      4689.9431040094905,
      3680.0029578104945,
      3526.0157913354383
    ],
    "fitted_y": [
      300.0,
      300.0293618002671,
      300.09579137757044,
      300.19156878033715,
      300.3063792099128,
      300.43421861548376,
      300.5703076639476,
      300.71081652610576,
      300.85303890456134,
      300.99522919550043,
      301.14093784290935,
      301.2907488507445,
      301.44309494845425,
      301.5961708381568,
      301.7486337049889,
      301.9060299808985,
      302.0695471147257,
      302.23724192287756,
      302.40674645555146,
      302.5762721909198,
      302.7521250078466,
      302.9355861827777,
      303.1243242148924,
      303.315533350204,
      303.50709516027564,
      303.705334186176,
      303.9114595623272,
      304.122997182352,
      304.3370106055005,
      304.55128886175646,
      304.7720421912471,
      305.0004304336999,
      305.2339747712679,
      305.4697484101415,
      305.70555149721355,
      305.9461786241926,
      306.1924234305403,
      306.442188448461,
      306.6930534334855,
      306.94321431562986,
      307.19587743797535,
      307.45151521679645,
      307.7086180427592,
      307.9654779322083,
      308.220835896148,
      308.4761773880982,
      308.73165097287966,
      308.98642766176823,
      309.2396095932122,
      309.4905538629717,
      309.73885237309713,
      309.98429801917223,
      310.2268123563292,
      310.46638929325485,
      310.7030624053468,
      310.9346787905601,
      311.1607259422761,
      311.38185729425743,
      311.59892365523586,
      311.8126049996335,
      312.01863577152926,
      312.21609165688494,
      312.40643752519225,
      312.591493865426,
      312.77267478969947,
      312.9437471611784,
      313.1034317480961,
      313.2540005154657,
      313.3982224860821,
      313.5382261475948,
      313.66631742957003,
      313.7809883943732,
      313.8851731664631,
      313.9824000155891,
      314.07536402973636,
      314.1560703091017,
      314.2230503451092,
      314.2795307571887,
      314.3293327120754,
      314.37535782820584,
      314.4101690859472,
      314.4324775922532,
      314.4454247644857,
      314.45268590713835,
      314.45703711905486,
      314.45193793480144,
      314.4362918137852,
      314.41292971417965,
      314.38513993730015,
      314.3553951886868,
      314.3180102988517,
      314.27203211104313,
      314.2199233659575,
      314.1645392325648,
      314.10801949498347,
      314.0459904370108,
      313.9777591328122,
      313.90529447887485,
      313.8308545473031,
      313.7561207433179,
      313.6777782653658,
      313.5953018721899,
      313.51018567938604,
      313.42413786860544,
      313.33842314939335,
      313.2507456063194,
      313.16075044575297,
      313.06949068652744,
      312.978160720119,
      312.8876368065545,
      312.79699378640726,
      312.7061486302621,
      312.6156364240634,
      312.52602913619097,
      312.4377300044532,
      312.35074977947573,
      312.26514472435866,
      312.1810133480612,
      312.09842879658447,
      312.0174206889406,
      311.9379830419737,
      300.0,
      300.0000114566968,
      300.0000817672489,
      300.00031709191643,
      300.0008887262969,
      300.0020209088283,
      300.0039673502857,
      300.00698536452893,
      300.0113137464496,
      300.01715728762565,
      300.02468007338604,
      300.034006864687,
      300.0452284866369,
      300.05840740904335,
      300.07358152946205,
      300.09076891501496,
      300.10997469706257,
      300.131197709925,
      300.1544340695084,
      300.17967690045043,
      300.2069166080202,
      300.2361439009496,
      300.26735326556155,
      300.30054369716316,
      300.33571586278407,
      300.3728701152161,
      300.4120078904313,
      300.4531340614555,
      300.49625696856134,
      300.54138513027664,
      300.58852499849655,
      300.63768225166274,
      300.6888641594623,
      300.7420797743213,
      300.79733686673524,
      300.8546394401707,
      300.9139880859561,
      300.97538154336974,
      301.038816769236,
      301.10428668548167,
      301.1717783103972,
      301.24127302622986,
      301.31274782671414,
      301.3861757596295,
      301.4615248517532,
      301.5387570542498,
      301.6178283562968,
      301.69868957274383,
      301.78128695118863,
      301.8655621466591,
      301.9514517892076,
      302.03888719861516,
      302.1277944085624,
      302.2180947748869,
      302.309705891046,
      302.4025418767711,
      302.49651278645104,
      302.59152399098855,
      302.68747677688737,
      302.7842701022943,
      302.88180127443997,
      302.97996458355533,
      303.0786496037272,
      303.1777415291464,
      303.27712387440124,
      303.37667979286255,
      303.47629030134243,
      303.5758318097879,
      303.6751764282736,
      303.7741956109309,
      303.87276228498723,
      303.97074899613494,
      304.0680249605777,
      304.1644563191405,
      304.259910451774,
      304.3542589023582,
      304.4473759466782,
      304.53913574447205,
      304.6294125512218,
      304.7180850196212,
      304.8050392486704,
      304.8901675997453,
      304.97336593319125,
      305.0545335019628,
      305.13357659432614,
      305.21041106144855,
      305.28496107621936,
      305.35715632776424,
      305.42693154171434,
      305.4942292657082,
      305.5590016993979,
      305.62120929707845,
      305.6808179574187,
      305.73779830083237,
      305.7921277903508,
      305.84379229728916,
      305.89278515422023,
      305.9391049960231,
      305.9827551170096,
      306.02374494190485,
      306.06209104574486,
      306.0978162571803,
      306.13094776275284,
      306.1615163927245,
      306.18955749436464,
      306.2151115769677,
      306.23822364918925,
      306.25894181625256,
      306.2773166430789,
      306.2934016542559,
      306.30725385533805,
      306.3189337312043,
      306.32850464088233,
      306.3360324227941,
      306.3415853342624,
      306.34523403299676,
      306.3470515903307,
      306.3471130889061,
      306.34549518923933,
      306.3422755737513,
      306.3375322947511
    ],
    "status": "success"
  }
}