{
  "final_status": "fail",
  "final_lambda": 1.0,
  "final_reg_order": 1,
  "final_residual_norm": 26.099798445950707,
  "final_reg_norm": 0.029624194419692298,
  "n_iterations": 1,
  "summary_notes": [
    "Completed in 1 iteration(s)"
  ],
  "final_config": {
    "parameterization_type": "piecewise_constant",
    "num_parameters": 24,
    "reg_order": 1,
    "lambda_strategy": "fixed",
    "lambda_value": 0.5,
    "lambda_grid": null,
    "max_retries": 1,
    "physical_bounds": null,
    "planner_notes": [
      "num_parameters=24 (\u2248 N_t/5)",
      "reg_order=1 (default first-difference smoothness)",
      "noise_std provided \u2192 using discrepancy principle for lambda",
      "lambda_value=1.0 supplied \u2192 strategy forced to 'fixed'",
      "iter0: lambda decreased to 5.000e-01 (factor=2.0)"
    ],
    "stop_tolerance": 0.001,
    "iteration_budget": 1
  },
  "final_result": {
    "estimated_x": [
      35079.950564852355,
      35079.950939787785,
      35079.951642406304,
      35079.952499198225,
      35079.953201204764,
      35079.95337035745,
      35079.95265088287,
      35079.950736988976,
      35079.94735011143,
      35079.942345774005,
      35079.93574367833,
      35079.92765318512,
      35079.91829702379,
      35079.90804340258,
      35079.89737092754,
      35079.88672533865,
      35079.87663488586,
      35079.86755539749,
      35079.85988177444,
      35079.85389205385,
      35079.84960067219,
      35079.84696372617,
      35079.845714383846,
      35079.84537713394
    ],
    "fitted_y": [
      300.0,
      300.05096690222405,
      300.16627692205964,
      300.33252958632676,
      300.5318202253631,
      300.75018790484415,
      300.97840774834924,
      301.21076233063724,
      301.4437972341858,
      301.6754517967619,
      301.9045143021727,
      302.1302918930352,
      302.352411324072,
      302.5706977433784,
      302.7850999351136,
      302.9956435280449,
      303.2024013735266,
      303.40547452834613,
      303.6049799977367,
      303.80104276130885,
      303.99379061743264,
      304.18335081345623,
      304.3698479760512,
      304.5534027496887,
      304.7341310709556,
      304.91214374207715,
      305.0875462629588,
      305.2604388272223,
      305.4309164279786,
      305.5990690094061,
      305.76498169302425,
      305.9287349629541,
      306.0904049388739,
      306.25006359290995,
      306.4077789787768,
      306.5636154742478,
      306.7176339834233,
      306.86989214155335,
      307.0204445192291,
      307.1693428073802,
      307.31663597583093,
      307.4623704474286,
      307.6065902585887,
      307.7493371768378,
      307.89065086354134,
      308.0305689642845,
      308.1691272592258,
      308.306359783319,
      308.44229888105235,
      308.57697532693624,
      308.710418415535,
      308.8426560600859,
      308.9737148744047,
      309.10362021468865,
      309.2323962697365,
      309.360066110911,
      309.4866517965749,
      309.61217439577297,
      309.73665405106823,
      309.8601100205729,
      309.9825607200728,
      310.1040238008099,
      310.2245161947675,
      310.34405411093974,
      310.46265309702363,
      310.58032806427394,
      310.6970933456708,
      310.8129627270197,
      310.9279494745917,
      311.0420663108763,
      311.15532549664863,
      311.2677388463644,
      311.3793177731264,
      311.4900732762023,
      311.6000159665442,
      311.70915606115665,
      311.81750346624176,
      311.92506778031765,
      312.0318582857536,
      312.13788394838144,
      312.2431534485685,
      312.34767522308186,
      312.45145747236717,
      312.55450815841874,
      312.6568349865783,
      312.7584454460655,
      312.8593468472771,
      312.95954630542843,
      313.0590507569988,
      313.15786695173483,
      313.25600143541953,
      313.3534606414118,
      313.45025085474254,
      313.54637820150947,
      313.641848673108,
      313.73666810149774,
      313.8308422205132,
      313.9243766563481,
      314.017276908012,
      314.10954835798464,
      314.20119627390307,
      314.29222584358206,
      314.38264217393385,
      314.4724502505228,
      314.56165498250016,
      314.6502611807927,
      314.73827359087136,
      314.82569690008995,
      314.9125356882746,
      314.9987944770157,
      315.08447770989255,
      315.1695897756882,
      315.2541350140969,
      315.3381176751253,
      315.4215419706848,
      315.5044120222563,
      315.58673193757727,
      315.6685057687171,
      315.74973748797197,
      315.8304310436406,
      315.9105903041969,
      300.0,
      300.0000198868034,
      300.0001419335103,
      300.00055041559295,
      300.00154267197064,
      300.00350656011904,
      300.0068767641268,
      300.01208714054695,
      300.0195315489918,
      300.02953853947946,
      300.0423596253423,
      300.0581683041413,
      300.07706590625685,
      300.0990912940181,
      300.1242317911686,
      300.1524340206056,
      300.1836137012182,
      300.2176640409042,
      300.25446274570663,
      300.29387755533486,
      300.33577066201127,
      300.38000204055805,
      300.426431970889,
      300.47492288451275,
      300.52534071251995,
      300.5775557669591,
      300.6314433470315,
      300.6868840880526,
      300.74376415886405,
      300.801975325644,
      300.86141488012026,
      300.9219855578131,
      300.9835953525865,
      301.0461573631055,
      301.1095895655134,
      301.1738146180133,
      301.2387595996453,
      301.30435583281303,
      301.3705386479844,
      301.43724716833435,
      301.50442411033885,
      301.57201559234335,
      301.6399709331603,
      301.7082424865622,
      301.7767854697944,
      301.8455577940811,
      301.9145199190567,
      301.98363469523207,
      302.0528672403626,
      302.1221848257907,
      302.1915567109398,
      302.2609540775083,
      302.33034986794706,
      302.3997187376021,
      302.4690369290928,
      302.53828217261173,
      302.6074336320819,
      302.6764717695567,
      302.74537834920807,
      302.81413630572337,
      302.88272967252254,
      302.95114355982025,
      303.01936404893615,
      303.0873781763422,
      303.15517386587027,
      303.2227398489535,
      303.2900656666171,
      303.35714156578234,
      303.42395853117097,
      303.4905081935849,
      303.5567827720821,
      303.6227751038847,
      303.6884785486587,
      303.75388700845417,
      303.8189948698839,
      303.88379696025765,
      303.94828855555585,
      304.0124653225962,
      304.0763233329919,
      304.1398590252699,
      304.2030691490416,
      304.26595078693447,
      304.32850132068825,
      304.390718423178,
      304.452600052437,
      304.51414437189806,
      304.5753498142013,
      304.63621501139716,
      304.6967388228627,
      304.75692032334143,
      304.816758717202,
      304.87625343215706,
      304.9354040175624,
      304.99421020423756,
      305.0526718785468,
      305.11078902058534,
      305.1685617679883,
      305.2259903461352,
      305.2830751239824,
      305.339816576179,
      305.3962152372042,
      305.4522717711592,
      305.50798688601947,
      305.5633614094085,
      305.61839624074133,
      305.6730923193207,
      305.72745067219364,
      305.7814723682869,
      305.8351585423343,
      305.8885104108296,
      305.9415291902707,
      305.9942161729333,
      306.0465726610658,
      306.0986000247164,
      306.15029969176237,
      306.20167306216536,
      306.2527216216325,
      306.3034468319421,
      306.353850218682,
      306.40393334532615,
      306.4536977494239
    ],
    "status": "success"
  }
}