{
  "final_status": "weak_pass",
  "final_lambda": 7.2641516906253356e-09,
  "final_reg_order": 1,
  "final_residual_norm": 27.545017230893603,
  "final_reg_norm": 28832.904960095246,
  "n_iterations": 9,
  "summary_notes": [
    "Completed in 9 iteration(s)"
  ],
  "final_config": {
    "parameterization_type": "piecewise_constant",
    "num_parameters": 24,
    "reg_order": 1,
    "lambda_strategy": "fixed",
    "lambda_value": 7.2641516906253356e-09,
    "lambda_grid": null,
    "max_retries": 8,
    "physical_bounds": [
      -500000.0,
      500000.0
    ],
    "planner_notes": [
      "num_parameters=24 (\u2248 N_t/5)",
      "reg_order=1 (default first-difference smoothness)",
      "noise_std provided \u2192 using discrepancy principle for lambda",
      "physical_bounds=(-500000.0, 500000.0) applied",
      "iter0: lambda decreased to 9.298e-07 (factor=2.0)",
      "iter1: lambda decreased to 4.649e-07 (factor=2.0)",
      "iter2: lambda decreased to 2.325e-07 (factor=2.0)",
      "iter3: lambda decreased to 1.162e-07 (factor=2.0)",
      "iter4: lambda decreased to 5.811e-08 (factor=2.0)",
      "iter5: lambda decreased to 2.906e-08 (factor=2.0)",
      "iter6: lambda decreased to 1.453e-08 (factor=2.0)",
      "iter7: lambda decreased to 7.264e-09 (factor=2.0)"
    ],
    "stop_tolerance": 0.001,
    "iteration_budget": 12,
    "skip_verifier": false
  },
  "final_result": {
    "estimated_x": [
      7993.808850284706,
      17152.75209721492,
      20914.90310731754,
      28341.729479879872,
      37902.29174661014,
      43782.552476139936,
      47729.35116866361,
      54926.888587378635,
      57438.39190587515,
      54196.1421715807,
      53958.08946639609,
      54205.31302053794,
      48766.36794736248,
      40007.09056110455,
      37148.39700541471,
      27490.93741928068,
      18717.325816281496,
      8778.764825124714,
      2385.624768997219,
      7993.644663576397,
      5463.767745369029,
      5477.774369663089,
      7784.566400968272,
      7239.983238426164
    ],
    "fitted_y": [
      300.0,
      300.01161403216116,
      300.0378901882631,
      300.0757748488058,
      300.12118800499496,
      300.1842551529115,
      300.2663665502365,
      300.3627206437459,
      300.4678555732096,
      300.577656740115,
      300.69490546892604,
      300.81938566135995,
      300.94867322456355,
      301.08027011144895,
      301.21235104940513,
      301.35454193079653,
      301.50898064207354,
      301.6724370581507,
      301.8409128474268,
      302.01135754182906,
      302.19568230193045,
      302.3963375396207,
      302.6089799984416,
      302.8283483660431,
      303.05044377672834,
      303.281215023691,
      303.52133447578234,
      303.7676442962759,
      304.0166360893785,
      304.26570797663214,
      304.5189350515418,
      304.7768414054286,
      305.03737253404444,
      305.2982334047838,
      305.55773382618554,
      305.82527073005804,
      306.1029811786262,
      306.38779731110117,
      306.6759035595196,
      306.96439944922116,
      307.25506814832545,
      307.54775814567466,
      307.84088623119044,
      308.1328438806988,
      308.4224842089945,
      308.7043965789344,
      308.9769602969193,
      309.24122974350615,
      309.4987973911989,
      309.7509639452503,
      309.9982893281605,
      310.2412889399765,
      310.4804641414237,
      310.71622454055574,
      310.94887676064735,
      311.17900612742517,
      311.40687769153726,
      311.6325311137442,
      311.855949878925,
      312.0771285706638,
      312.2881812162676,
      312.4870660984688,
      312.67590235760827,
      312.8575120016993,
      313.0341072028533,
      313.194439654143,
      313.33610251444117,
      313.4630226513912,
      313.58003386474144,
      313.69085182484605,
      313.79377410554343,
      313.8892345035745,
      313.97925137008434,
      314.0658413039482,
      314.15047407019716,
      314.22006402587556,
      314.2715028143024,
      314.3088159144869,
      314.3371218642482,
      314.3603634760908,
      314.3683776324561,
      314.3594034548658,
      314.3377334594567,
      314.3083906914498,
      314.27517104562463,
      314.2260998052811,
      314.15888532771413,
      314.0782012417722,
      313.98961524257186,
      313.89734533363634,
      313.79483793559,
      313.6813104138846,
      313.5601665808032,
      313.43520483146284,
      313.3092459788985,
      313.19223843772477,
      313.08738672742874,
      312.99314470049956,
      312.9069578347999,
      312.82672760848146,
      312.7473319158883,
      312.6668574111465,
      312.5856464432731,
      312.5045678128304,
      312.42433041389046,
      312.3453999171296,
      312.2680241599081,
      312.1923102694391,
      312.11828577990343,
      312.0459347412314,
      311.97856906290826,
      311.917016241505,
      311.86033680165724,
      311.80729258214416,
      311.7569045004666,
      311.70771470701936,
      311.6590813875904,
      311.6109294601583,
      311.5633478334407,
      311.5164225817226,
      311.4702028775595,
      300.0,
      300.0000045316855,
      300.0000323429574,
      300.0001254254058,
      300.0003515348411,
      300.0008042460995,
      300.00160409392004,
      300.00289805290765,
      300.0048535049606,
      300.00764658498133,
      300.011450227662,
      300.01642607012417,
      300.02271979399444,
      300.03045792338344,
      300.03974483418165,
      300.0506644872262,
      300.0632880869674,
      300.07768268688034,
      300.0939153010695,
      300.11205094146516,
      300.1321522532239,
      300.1542845972974,
      300.1785219674315,
      300.20494772024847,
      300.2336485560732,
      300.2647078545684,
      300.2982027643701,
      300.33420349890116,
      300.37277162981,
      300.4139561191122,
      300.4577905245532,
      300.5042935349862,
      300.5534711509523,
      300.6053180044374,
      300.6598167590813,
      300.7169404729177,
      300.77665971103227,
      300.838950095806,
      300.90379528631837,
      300.9711841171812,
      301.0411055047606,
      301.11354444043326,
      301.1884794441217,
      301.2658806145625,
      301.34570768007234,
      301.42790650433807,
      301.5124042965741,
      301.59910610207993,
      301.68789497248184,
      301.7786359232713,
      301.8711820559764,
      301.9653810279011,
      302.06108054261523,
      302.1581325841763,
      302.2563962154631,
      302.3557393676143,
      302.4560399179662,
      302.5571860048094,
      302.65907582612067,
      302.76161683369617,
      302.86472160612146,
      302.9683002163126,
      303.07225304600735,
      303.1764682905901,
      303.2808247549912,
      303.3851931071679,
      303.4894322998534,
      303.5933853747204,
      303.6968804312236,
      303.7997378133023,
      303.9017793415102,
      304.00283573162915,
      304.10275144011473,
      304.201388306401,
      304.2986284735585,
      304.3943710600148,
      304.48852150703414,
      304.5809802203864,
      304.6716379330122,
      304.76037936491014,
      304.8470872623022,
      304.9316418951484,
      305.0139189952451,
      305.09379143098226,
      305.1711358607333,
      305.2458364595597,
      305.31778181964484,
      305.3868596924442,
      305.45295635789205,
      305.5159623175797,
      305.5757780890079,
      305.63231594066553,
      305.6854991653518,
      305.7352628652823,
      305.78155738242793,
      305.82435627779375,
      305.8636674255483,
      305.899541478959,
      305.9320734748079,
      305.9613969927457,
      305.9876721587919,
      306.0110709266068,
      306.03176372235305,
      306.0499107935157,
      306.06565859274565,
      306.0791399294813,
      306.0904762253432,
      306.0997801169947,
      306.1071577862602,
      306.11271060173453,
      306.11653734575293,
      306.11873758345985,
      306.11941438431944,
      306.11867507582195,
