{
  "final_status": "weak_pass",
  "final_lambda": 1.4150793782397743e-09,
  "final_reg_order": 1,
  "final_residual_norm": 1.5715223008301775,
  "final_reg_norm": 39277.00559959399,
  "n_iterations": 1,
  "summary_notes": [
    "Completed in 1 iteration(s)"
  ],
  "final_config": {
    "parameterization_type": "piecewise_constant",
    "num_parameters": 24,
    "reg_order": 1,
    "lambda_strategy": "discrepancy",
    "lambda_value": 1.4150793782397743e-09,
    "lambda_grid": null,
    "max_retries": 1,
    "physical_bounds": null,
    "planner_notes": [
      "num_parameters=24 (\u2248 N_t/5)",
      "reg_order=1 (default first-difference smoothness)",
      "noise_std provided \u2192 using discrepancy principle for lambda"
    ],
    "stop_tolerance": 0.001,
    "iteration_budget": 1,
    "skip_verifier": false
  },
  "final_result": {
    "estimated_x": [
      633.9091162943918,
      2469.9640061793907,
      9605.725201679223,
      21449.60484188956,
      35802.98683317348,
      45628.79850403442,
      48501.28442844546,
      41178.05072361461,
      32737.795555531597,
      31718.462278079194,
      38346.441438455346,
      47219.909416811475,
      48802.692748658184,
      41995.037224663945,
      33083.68358362137,
      31535.542124096868,
      38877.36631741472,
      47534.77039263808,
      47422.843341643624,
      38551.57926080233,
      24220.961633973886,
      10383.342478060866,
      3132.0527067668777,
      2096.582210269092
    ],
    "fitted_y": [
      300.0,
      300.0009209928586,
      300.00300469228233,
      300.0060089462164,
      300.00961020992537,
      300.016223767956,
      300.026383023197,
      300.0392832895987,
      300.0539250292855,
      300.0695403019537,
      300.09599178219617,
      300.1356886173,
      300.185717414747,
      300.24232509614274,
      300.3026074636433,
      300.3818599614458,
      300.48341751484554,
      300.6020457827522,
      300.7312799590497,
      300.8661635984741,
      301.0243010526764,
      301.2091666780485,
      301.414084023877,
      301.63102974757277,
      301.8538964559495,
      302.0929749458663,
      302.3495754792163,
      302.61850409464614,
      302.8939185014817,
      303.1714545568187,
      303.45247582321076,
      303.73638960728414,
      304.0211299082102,
      304.3047042600584,
      304.58571193794216,
      304.85266335335194,
      305.1023022834722,
      305.3372070979647,
      305.5610455873827,
      305.7767514795812,
      305.9740596950585,
      306.15104736378595,
      306.31177797571337,
      306.4611155056482,
      306.6028002497965,
      306.73784284917747,
      306.86743270691153,
      306.9929472913761,
      307.11552901734245,
      307.2359802828182,
      307.364455595533,
      307.5038172033007,
      307.6517462873939,
      307.804996182515,
      307.9610168966985,
      308.13101452751096,
      308.3173295489199,
      308.5159440442926,
      308.7219557593524,
      308.9316149781438,
      309.1447640778924,
      309.3604947271843,
      309.5772989322534,
      309.7938405102824,
      310.0091899755447,
      310.21288076161017,
      310.40198555255444,
      310.57892865704923,
      310.7471042153676,
      310.90919941374347,
      311.05407064055413,
      311.1794639866619,
      311.28950083298906,
      311.38918312939853,
      311.48234956562425,
      311.569286899443,
      311.650987528731,
      311.7290110166818,
      311.8047359582806,
      311.87913430098575,
      311.9634926220617,
      312.0609865323196,
      312.1690320138658,
      312.28400572031336,
      312.4030500168639,
      312.5368398009815,
      312.6874843309078,
      312.85094438158393,
      313.0223525079325,
      313.1979874426077,
      313.37524022663575,
      313.55255334704947,
      313.7290546690929,
      313.90425677867245,
      314.077886149111,
      314.23690431686464,
      314.3778538507433,
      314.50409514417703,
      314.62015665278096,
      314.7295875977902,
      314.81392997696355,
      314.869201661162,
      314.90179043884007,
      314.91957329904403,
      314.92860182724496,
      314.9127568154675,
      314.86923243915453,
      314.80480925363395,
      314.7274424281128,
      314.6431636766294,
      314.5453757734339,
      314.43372896466474,
      314.31242915529634,
      314.1860094880404,
      314.0578195064078,
      313.9285001494679,
      313.79893872942006,
      313.6702601787122,
      313.5433822628229,
      313.4188996260739,
      313.297141740636,
      300.0,
      300.0000003593626,
      300.0000025647967,
      300.00000994623576,
      300.00002787671605,
      300.0000644058401,
      300.0001316948408,
      300.00024722808894,
      300.0004336852566,
      300.00071730392654,
      300.0011294248862,
      300.00171262794873,
      300.00252684058313,
      300.00365044475166,
      300.00517527072,
      300.00720457056997,
      300.0098581585391,
      300.0132784652998,
      300.01762983965983,
      300.02308921138933,
      300.0298398667596,
      300.03807445071857,
      300.0480003061077,
      300.0598380346208,
      300.07381076102564,
      300.0901336684891,
      300.1090102557237,
      300.13063215973426,
      300.15517684027674,
      300.1828010536717,
      300.2136338426748,
      300.2477724619159,
      300.28528130914043,
      300.3261924121895,
      300.3705063789512,
      300.4181896257373,
      300.46916761846404,
      300.5233195830596,
      300.58047993972065,
      300.6404471573149,
      300.7029922679976,
      300.7678625499622,
      300.83478367028965,
      300.90346528376045,
      300.97361131707135,
      301.04493198888355,
      301.11715425541075,
      301.19002910219706,
      301.26333576404335,
      301.33688340709875,
      301.4105146142074,
      301.48411176038076,
      301.5576018440101,
      301.630955468447,
      301.7041792475946,
      301.77730937166575,
      301.8504104467311,
      301.9235755097324,
      301.9969219379956,
      302.07058170157364,
      302.14468956664786,
      302.21937294712626,
      302.294744649001,
      302.37089840404536,
      302.4479063498455,
      302.5258143650561,
      302.60463447917033,
      302.68433888754083,
      302.7648603773024,
      302.84609957250524,
      302.9279313068964,
      303.0102059240735,
      303.09274927164194,
      303.1753669669723,
      303.2578541215067,
      303.3400071112999,
      303.421633791977,
      303.50256060084865,
      303.58263699633267,
      303.6617377354701,
      303.73976756639183,
      303.8166693303276,
      303.8924302282846,
      303.967081462059,
      304.0406904111368,
      304.1133532260595,
      304.18519245681296,
      304.25635593872624,
      304.32701204059714,
      304.39733976442716,
      304.46751615413365,
      304.5377045224554,
      304.6080457009439,
      304.67865343868914,
      304.7496133144111,
      304.8209792343803,
      304.89276587003855,
      304.96494237189273,
      305.0374334795547,
      305.1101287707773,
      305.18288862728934,
      305.2555415878394,
      305.32788012024116,
      305.3996641913935,
      305.4706347181748,
      305.54052473030924,
      305.6090613811893,
      305.67596437117095,
      305.7409495414313,
      305.80374007937957,
      305.86407767723153,
      305.92172818394295,
      305.9764831691354,
      306.02816176551306,
      306.07661440930184,
      306.12172674216595,
      306.16342183679757,
      306.20165989270646,
      306.23643618611726,
      306.2677777968483,
      306.2957396041451
    ],
    "status": "success"
  }
}