{
  "final_status": "weak_pass",
  "final_lambda": 7.288618329537238e-07,
  "final_reg_order": 1,
  "final_residual_norm": 15.522390349451095,
  "final_reg_norm": 12308.76378200245,
  "n_iterations": 1,
  "summary_notes": [
    "Completed in 1 iteration(s)"
  ],
  "final_config": {
    "parameterization_type": "piecewise_constant",
    "num_parameters": 24,
    "reg_order": 1,
    "lambda_strategy": "discrepancy",
    "lambda_value": 7.288618329537238e-07,
    "lambda_grid": null,
    "max_retries": 8,
    "physical_bounds": [
      -500000.0,
      500000.0
    ],
    "planner_notes": [
      "num_parameters=24 (\u2248 N_t/5)",
      "reg_order=1 (default first-difference smoothness)",
      "noise_std provided \u2192 using discrepancy principle for lambda",
      "physical_bounds=(-500000.0, 500000.0) applied"
    ],
    "stop_tolerance": 0.001,
    "iteration_budget": 12,
    "skip_verifier": false
  },
  "final_result": {
    "estimated_x": [
      10354.145695338037,
      10804.978730134255,
      11840.00167047507,
      13375.791808037326,
      15355.152381794896,
      17718.67438825238,
      20488.099114876266,
      23523.59202174847,
      26803.952375860274,
      30307.043040390596,
      33973.491200102544,
      37748.75399527898,
      41473.01326115824,
      45019.73842954967,
      48308.54765131115,
      51361.72043338952,
      54184.29168884459,
      56717.53855796234,
      58854.991409697664,
      60578.00276499576,
      61814.525592985345,
      62560.237309774515,
      62940.64547322465,
      63073.288963575396
    ],
    "fitted_y": [
      300.0,
      300.01504331456493,
      300.0490780474048,
      300.0981489349159,
      300.1569712616033,
      300.2220793443796,
      300.29092228818524,
      300.3616403289384,
      300.4329837625976,
      300.5041649471096,
      300.57621144193354,
      300.6492399273841,
      300.7227004655894,
      300.7959866930326,
      300.8686560076955,
      300.94266620847895,
      301.0184509174368,
      301.09534912512476,
      301.17255004776734,
      301.2494439466907,
      301.3285209439316,
      301.41031331973966,
      301.4939468588207,
      301.5783567919287,
      301.662738953123,
      301.7500129017614,
      301.8407766445318,
      301.93395932914035,
      302.0282693242951,
      302.1227305016667,
      302.220739301203,
      302.32297859329765,
      302.42818022630115,
      302.5348202593348,
      302.64174638126354,
      302.7526266772135,
      302.86817515305034,
      302.98698038720926,
      303.10735870560086,
      303.2280387811021,
      303.352967966395,
      303.4829078004041,
      303.6163271483566,
      303.7514032716231,
      303.88676066379594,
      304.02660361924154,
      304.17173913732506,
      304.320528959482,
      304.4710253070576,
      304.6217591317842,
      304.77711249595495,
      304.9379197212315,
      305.10246092748713,
      305.2686953835705,
      305.4350852700534,
      305.6061275139655,
      305.7826731158916,
      305.96294756592596,
      306.14484871500116,
      306.3267938658942,
      306.5131782240227,
      306.70481810815534,
      306.89995114825587,
      307.0964986653856,
      307.2928985523252,
      307.49330346000295,
      307.6984732538254,
      307.9067218567747,
      308.1160679209177,
      308.3250255583475,
      308.5374241970604,
      308.75395856810127,
      308.9730624848361,
      309.1929002380355,
      309.41209804622014,
      309.634217421706,
      309.8599101021698,
      310.08772896240185,
      310.31597659003864,
      310.54338423792746,
      310.7732474336488,
      311.0061728662411,
      311.24082753319084,
      311.4756473440596,
      311.70946457050627,
      311.9452203569687,
      312.18345156494445,
      312.42295981937343,
      312.6623427079721,
      312.9005554984038,
      313.14004445660953,
      313.38124446301373,
      313.62313719665264,
      313.86453875717825,
      314.1045709161651,
      314.34518630477805,
      314.58672790748636,
      314.8283746240738,
      315.0691762391267,
      315.3084314320019,
      315.5475007945997,
      315.78661137041775,
      316.0251684268589,
      316.2624927252704,
      316.49808839228797,
      316.73273611380773,
      316.9665563279815,
      317.1991885333137,
      317.43022996692457,
      317.6593934470871,
      317.8870637027157,
      318.1133029565322,
      318.3379368676516,
      318.56077457428546,
      318.78168689829903,
      319.0007995062803,
      319.21813984835575,
      319.433661542131,
      319.6473173222507,
      319.8590839799222,
      320.0689611001144,
      300.0,
      300.00000586975904,
      300.00004189288234,
      300.0001624598424,
      300.0004553327495,
      300.0010352466124,
      300.002031559527,
      300.00357469607314,
      300.0057847285404,
      300.0087636159458,
      300.01259176761806,
      300.0173283962945,
      300.02301390884367,
      300.02967277118233,
      300.037315917746,
      300.0459435194491,
      300.05554840555925,
      300.0661192421218,
      300.0776424815785,
      300.0901028015251,
      300.1034837148475,
      300.11776914681303,
      300.13294507164886,
      300.14899997236785,
      300.16592382772643,
      300.18370753473295,
      300.20234380192244,
      300.22182835913463,
      300.2421599998402,
      300.2633390325523,
      300.2853663638875,
      300.30824440028863,
      300.3319783832431,
      300.3565764211135,
      300.38204767920047,
      300.40840124023845,
      300.43564693526264,
      300.4637967486412,
      300.49286482573154,
      300.5228655430995,
      300.55381231612785,
      300.58571857903866,
      300.6185993682545,
      300.6524714375592,
      300.6873512721145,
      300.72325386767653,
      300.7601938283018,
      300.7981871065224,
      300.83725118135897,
      300.8774029973402,
      300.918657661641,
      300.96102959014615,
      301.00453431323467,
      301.04918869528376,
      301.0950087974726,
      301.14200853557,
      301.190200849615,
      301.23959957011,
      301.2902196816606,
      301.34207515269105,
      301.395177509945,
      301.44953690005207,
      301.50516387458083,
      301.5620696415291,
      301.62026398230114,
      301.6797538412962,
      301.74054431647704,
      301.8026403626208,
      301.8660470996097,
      301.93076790037526,
      301.99680310095994,
      302.0641509519487,
      302.1328092346725,
      302.2027756144839,
      302.2740459539244,
      302.3466132064447,
      302.42046838756795,
      302.495602158475,
      302.5720052247942,
      302.6496668236366,
      302.7285737198523,
      302.8087111288431,
      302.8900641890096,
      302.97261833636975,
      303.05635791472525,
      303.1412651941343,
      303.22732115095687,
      303.3145067232317,
      303.4028031462258,
      303.492190705664,
      303.5826477938826,
      303.67415149568166,
      303.76667857579844,
      303.8602057866782,
      303.9547088549158,
      304.0501617117902,
      304.1465369840636,
      304.2438068182773,
      304.34194320651227,
      304.4409172399868,
      304.5406984837898,
      304.64125529282694,
      304.7425553603136,
      304.8445660192051,
      304.94725377881974,
      305.05058389772995,
      305.15452057886864,
      305.2590273071389,
      305.3640671324565,
      305.46960251978845,
      305.5755951650199,
      305.68200621881607,
      305.78879651430447,
      305.8959268714208,
      306.00335812912215,
      306.11105110567956,
      306.218966807235,
      306.3270665154329,
      306.435312046087,
      306.5436658400532,
      306.6520909836647
    ],
    "status": "success"
  }
}