{
  "final_status": "fail",
  "final_lambda": 29604.272703000115,
  "final_reg_order": 1,
  "final_residual_norm": 74.71922117959208,
  "final_reg_norm": 2.3042048929293496e-06,
  "n_iterations": 9,
  "summary_notes": [
    "Completed in 9 iteration(s)"
  ],
  "final_config": {
    "parameterization_type": "piecewise_constant",
    "num_parameters": 24,
    "reg_order": 1,
    "lambda_strategy": "fixed",
    "lambda_value": 29604.272703000115,
    "lambda_grid": null,
    "max_retries": 8,
    "physical_bounds": [
      -500000.0,
      500000.0
    ],
    "planner_notes": [
      "num_parameters=24 (\u2248 N_t/5)",
      "reg_order=1 (default first-difference smoothness)",
      "noise_std provided \u2192 using discrepancy principle for lambda",
      "physical_bounds=(-500000.0, 500000.0) applied",
      "iter0: lambda increased to 3.789e-01 (factor=5.0)",
      "iter1: lambda increased to 1.895e+00 (factor=5.0)",
      "iter2: lambda increased to 9.473e+00 (factor=5.0)",
      "iter3: lambda increased to 4.737e+01 (factor=5.0)",
      "iter4: lambda increased to 2.368e+02 (factor=5.0)",
      "iter5: lambda increased to 1.184e+03 (factor=5.0)",
      "iter6: lambda increased to 5.921e+03 (factor=5.0)",
      "iter7: lambda increased to 2.960e+04 (factor=5.0)"
    ],
    "stop_tolerance": 0.001,
    "iteration_budget": 12,
    "skip_verifier": false
  },
  "final_result": {
    "estimated_x": [
      28840.944190168957,
      28840.944190267386,
      28840.94419047995,
      28840.94419080965,
      28840.944191248433,
      28840.944191781273,
      28840.94419239398,
      28840.944193069892,
      28840.944193780335,
      28840.94419450212,
      28840.94419522159,
      28840.944195920358,
      28840.944196579545,
      28840.944197188186,
      28840.944197742367,
      28840.944198227306,
      28840.94419864422,
      28840.944198991398,
      28840.94419927302,
      28840.944199495676,
      28840.944199648908,
      28840.944199744325,
      28840.944199791596,
      28840.944199803605
    ],
    "fitted_y": [
      300.0,
      300.04190238466475,
      300.13670439530324,
      300.2733888470881,
      300.43723543482616,
      300.61676619070624,
      300.8043968922352,
      300.9954269644264,
      301.18701636173097,
      301.37747091299985,
      301.56579440629105,
      301.75141720947124,
      301.934032459582,
      302.11349640262785,
      302.2897669318001,
      302.4628651168976,
      302.632850852413,
      302.7998072224044,
      302.9638304229941,
      303.12502320633627,
      303.2834906410836,
      303.4393373434086,
      303.59266577528876,
      303.7435751247838,
      303.8921607092879,
      304.0385136246952,
      304.1827206076871,
      304.3248640324538,
      304.46502199758334,
      304.6032684506581,
      304.7396733751489,
      304.87430294124005,
      305.00721973042954,
      305.13848291422624,
      305.26814844268307,
      305.3962692460462,
      305.5228953970558,
      305.6480742798063,
      305.7718507586067,
      305.89426733044684,
      306.0153642594305,
      306.13517971284523,
      306.25374989395556,
      306.3711091403684,
      306.4872900584655,
      306.6023236037359,
      306.71623919389407,
      306.8290648088845,
      306.9408270384252,
      307.0515511820124,
      307.16126133089267,
      307.2699804352769,
      307.37773037319624,
      307.484531988209,
      307.5904051648144,
      307.695368879275,
      307.7994412684709,
      307.90263965121216,
      308.0049805839794,
      308.10647989699135,
      308.20715274010934,
      308.3070136270999,
      308.406076474981,
      308.5043546056619,
      308.60186079840463,
      308.69860732261327,
      308.794605964063,
      308.88986805277045,
      308.9844044908641,
      309.07822573455087,
      309.17134187444844,
      309.2637626257472,
      309.3554973675565,
      309.4465551379868,
      309.5369446571015,
      309.62667433511484,
      309.71575231829434,
      309.8041864938792,
      309.8919844884409,
      309.9791536695233,
      310.06570118334935,
      310.1516339679356,
      310.2369587612892,
      310.32168210468734,
      310.4058103295616,
      310.48934960176297,
      310.57230593303694,
      310.65468516954735,
      310.73649300991065,
      310.81773500027725,
      310.89841652941413,
      310.9785428877227,
      311.0581192393692,
      311.13715061736633,
      311.21564194488576,
      311.2935980221434,
      311.371023564105,
      311.44792319392883,
      311.52430142985054,
      311.6001626950193,
      311.6755113240563,
      311.75035158272675,
      311.8246876679404,
      311.89852367660234,
      311.97186364332,
      312.0447115256481,
      312.1170712254013,
      312.1889465952114,
      312.260341399182,
      312.33125935387324,
      312.4017041135476,
      312.4716792865639,
      312.54118844029534,
      312.6102350683414,
      312.6788226331526,
      312.7469545234057,
      312.81463411630153,
      312.88186474313716,
      312.948649669633,
      313.0149921418365,
      313.08089534021826,
      300.0,
      300.0000163499143,
      300.00011669048513,
      300.00045252359655,
      300.00126830612624,
      300.0028829146865,
      300.0056537243397,
      300.00993742978966,
      300.01605784229656,
      300.02428507890653,
      300.034825921035,
      300.0478230095127,
      300.06335965299814,
      300.08146780210626,
      300.1021370350576,
      300.12532346791454,
      300.15095780904153,
      300.1789522594143,
      300.20920627517444,
      300.24161111865266,
      300.2760534913194,
      300.31241827161233,
      300.35059058880006,
      300.39045734108316,
      300.4319083038405,
      300.4748368542519,
      300.51914046968153,
      300.5647210145755,
      300.6114849027648,
      300.65934314992614,
      300.7082113145633,
      300.75800943079076,
      300.808661855868,
      300.8600971439642,
      300.91224785926465,
      300.96505041530776,
      301.01844486022156,
      301.072374730815,
      301.12678685912726,
      301.18163119537,
      301.23686064398623,
      301.29243090626557,
      301.34830031476343,
      301.4044296972292,
      301.46078223561636,
      301.5173233267319,
      301.57402046255885,
      301.6308431007423,
      301.68776256294547,
      301.7447519414028,
      301.8017859628484,
      301.8588409344152,
      301.91589461084214,
      301.9729261551281,
      302.0299160352485,
      302.0868459421846,
      302.1436987456591,
      302.20045838265565,
      302.2571098606979,
      302.3136391496476,
      302.3700331226859,
      302.42627953827963,
      302.482366953292,
      302.5382847098674,
      302.59402287969124,
      302.6495721984132,
      302.70492406728636,
      302.76007046791807,
      302.8150039885001,
      302.8697177483956,
      302.92420535059614,
      302.9784609063126,
      303.0324789562835,
      303.0862544871691,
      303.13978288400796,
      303.1930598941501,
      303.24608163381475,
      303.2988445405467,
      303.3513453846928,
      303.4035812382528,
      303.4555494289755,
      303.50724755839246,
      303.55867347394815,
      303.60982526244186,
      303.66070124510975,
      303.7112999120478,
      303.76161997467375,
      303.81166030834675,
      303.8614199753199,
      303.9108982149033,
      303.96009437296914,
      304.00900797900454,
      304.057638662501,
      304.10598620213716,
      304.15405050446617,
      304.2018315530938,
      304.24932946114,
      304.2965444138589,
      304.3434767145428,
      304.3901267533732,
      304.436494969714,
      304.48258190949133,
      304.52838815469863,
      304.57391438569425,
      304.61916134185566,
      304.6641297953487,
      304.70882059047347,
      304.753234605958,
      304.7973727746311,
      304.84123609653767,
      304.8848255717225,
      304.9281422625284,
      304.9711872394953,
      305.0139616289032,
