{
  "final_status": "weak_pass",
  "final_lambda": 9.959520485039825e-07,
  "final_reg_order": 2,
  "final_residual_norm": 7.81210628697469,
  "final_reg_norm": 4187.668599497641,
  "n_iterations": 1,
  "summary_notes": [
    "Completed in 1 iteration(s)"
  ],
  "final_config": {
    "parameterization_type": "piecewise_constant",
    "num_parameters": 24,
    "reg_order": 2,
    "lambda_strategy": "discrepancy",
    "lambda_value": 9.959520485039825e-07,
    "lambda_grid": null,
    "max_retries": 8,
    "physical_bounds": [
      -500000.0,
      500000.0
    ],
    "planner_notes": [
      "num_parameters=24 (\u2248 N_t/5)",
      "reg_order=2 (default first-difference smoothness)",
      "noise_std provided \u2192 using discrepancy principle for lambda",
      "physical_bounds=(-500000.0, 500000.0) applied"
    ],
    "stop_tolerance": 0.001,
    "iteration_budget": 12
  },
  "final_result": {
    "estimated_x": [
      8481.384282233157,
      15606.102962773171,
      22693.28579504018,
      29635.999436555034,
      36263.352031718656,
      42343.21458962185,
      47601.92597272592,
      51731.1460044282,
      54464.638603044754,
      55612.44326024862,
      55085.304274464834,
      52913.71465162718,
      49241.30789086375,
      44333.09106083932,
      38552.919086937494,
      32314.328084498255,
      25994.753929814477,
      19867.543637947056,
      14077.30831329553,
      8658.044516744738,
      3545.9256901022873,
      -1363.8363822692154,
      -6166.196594599564,
      -10933.247718291366
    ],
    "fitted_y": [
      300.0,
      300.0123224199715,
      300.0402012674063,
      300.08039666993375,
      300.1285797621647,
      300.1917265166603,
      300.2703233111124,
      300.36026619624323,
      300.45708355910784,
      300.55744172989836,
      300.6694709935748,
      300.7945450209465,
      300.9291646914878,
      301.06925193904647,
      301.2117277649624,
      301.3646808646574,
      301.5295452626393,
      301.7029598831834,
      301.8809827617163,
      302.0606414938869,
      302.2496448282858,
      302.44936415765363,
      302.65660275208484,
      302.8676144101005,
      303.07958096185797,
      303.29952316340683,
      303.5286765250929,
      303.76410370282053,
      304.0023738781189,
      304.24091363706805,
      304.4857156896785,
      304.7378087708217,
      304.9946375635216,
      305.253235046583,
      305.51138463198345,
      305.77367480521985,
      306.0408524768833,
      306.310885878144,
      306.5814414299875,
      306.8507874397871,
      307.1218036503233,
      307.39490261081863,
      307.66870545352685,
      307.94166248555547,
      308.21263951934947,
      308.4826034792958,
      308.7516025619115,
      309.0190069383785,
      309.2841597769164,
      309.5466050329152,
      309.80531794543765,
      310.05997763978536,
      310.3107530010362,
      310.55793281973035,
      310.80177689000635,
      311.0393357023582,
      311.26994288725433,
      311.49455957023076,
      311.7144056881284,
      311.9304434026501,
      312.1379963843839,
      312.33609904862743,
      312.52644298048546,
      312.71110006835875,
      312.89167250261374,
      313.0620997229777,
      313.22119029008815,
      313.37124690051644,
      313.51504600317793,
      313.6547159141349,
      313.7832646876495,
      313.89936596768587,
      314.00576485827423,
      314.10573812221014,
      314.2017837602233,
      314.28647616947876,
      314.3584477272169,
      314.42068908838746,
      314.47674292238736,
      314.5292984843732,
      314.57092814364347,
      314.60029513162584,
      314.62044860865035,
      314.63497947890863,
      314.6466039023534,
      314.6481826123545,
      314.6384490109962,
      314.62036829304407,
      314.59741857497977,
      314.5722227033631,
      314.53806268205307,
      314.4937511029837,
      314.4420877450616,
      314.3863501388646,
      314.3290036897838,
      314.2637609580966,
      314.18950372411376,
      314.10884134503226,
      314.0248280751268,
      313.93975702225913,
      313.8476706881525,
      313.7474926209449,
      313.6416660363338,
      313.53305614941206,
      313.42381184885943,
      313.3081733313798,
      313.1850798334443,
      313.0568583062532,
      312.92624570763684,
      312.7952940798128,
      312.6583355262471,
      312.5143097363365,
      312.3654773712231,
      312.21450476173516,
      312.0633912361916,
      311.90648558452733,
      311.7427193511656,
      311.57432645185565,
      311.4039471039492,
      311.233561676687,
      311.0644326620599,
      300.0,
      300.00000480809166,
      300.000034315688,
      300.00013307561954,
      300.00037297640364,
      300.0008518304978,
      300.001691443202,
      300.00303413393567,
      300.00503551668254,
      300.0078538012194,
      300.01164209687295,
      300.0165470915155,
      300.02271050219815,
      300.03026852472374,
      300.0393475359754,
      300.0500616220548,
      300.06251492681554,
      300.07680555546654,
      300.09302659358843,
      300.1112627989882,
      300.1315885706542,
      300.1540702543878,
      300.1787698335595,
      300.2057458250384,
      300.23505009641053,
      300.2667257279769,
      300.30080890795193,
      300.3373321554575,
      300.376325094995,
      300.4178115541101,
      300.4618074966945,
      300.5083224827433,
      300.55736236893574,
      300.6089300206543,
      300.663022926004,
      300.7196313722256,
      300.77873939478326,
      300.84032687006965,
      300.90437017065307,
      300.97084052782867,
      301.0397026120164,
      301.1109150134573,
      301.18443160734813,
      301.26020220992575,
      301.33817185168687,
      301.41827991139337,
      301.50046011656866,
      301.5846411440403,
      301.6707472597429,
      301.7586985959898,
      301.8484109116515,
      301.93979514721065,
      302.032757217767,
      302.1271986289202,
      302.2230177274112,
      302.3201101523523,
      302.4183679730604,
      302.5176787029268,
      302.61792584979975,
      302.7189910713466,
      302.82075527159554,
      302.92309738933477,
      303.02589269809283,
      303.12901322582127,
      303.23233069293536,
      303.3357181716353,
      303.4390486261734,
      303.54219262004034,
      303.64501860313663,
      303.7473963854428,
      303.84919925491977,
      303.95030237958014,
      304.050580086316,
      304.14990598072245,
      304.24815670663224,
      304.3452143389352,
      304.4409647340555,
      304.5352945608372,
      304.628091235515,
      304.7192466856519,
      304.8086597975817,
      304.8962347609433,
      304.98187798331753,
      305.06549782190757,
      305.1470081335071,
      305.2263305809656,
      305.30339298096857,
      305.3781261811477,
      305.45046361899216,
      305.520344533205,
      305.5877160226145,
      305.65253139310875,
      305.7147470665607,
      305.7743220160943,
      305.8312206311621,
      305.88541452448897,
      305.93688087522344,
      305.9855994381363,
      306.03155191566617,
      306.0747245504119,
      306.1151097111535,
      306.1527042399947,
      306.18750655274727,
      306.21951601062074,
      306.24873535551,
      306.2751721653101,
      306.2988372142021,
      306.31974168419447,
      306.3378965676926,
      306.3533150866106,
      306.3660141007227,
      306.3760125241397,
      306.3833286333933,
      306.387979555885,
      306.38998372639327,
      306.38936232074514,
      306.38613773610473,
      306.3803309687913,
      306.37196118400533,
      306.3610482438262,
      306.3476169043683
    ],
    "status": "success"
  }
}