{
  "final_status": "weak_pass",
  "final_lambda": 2.3502809753699754e-08,
  "final_reg_order": 1,
  "final_residual_norm": 7.80828168280977,
  "final_reg_norm": 25615.354190966882,
  "n_iterations": 1,
  "summary_notes": [
    "Completed in 1 iteration(s)"
  ],
  "final_config": {
    "parameterization_type": "piecewise_constant",
    "num_parameters": 24,
    "reg_order": 1,
    "lambda_strategy": "discrepancy",
    "lambda_value": 2.3502809753699754e-08,
    "lambda_grid": null,
    "max_retries": 8,
    "physical_bounds": null,
    "planner_notes": [
      "num_parameters=24 (\u2248 N_t/5)",
      "reg_order=1 (default first-difference smoothness)",
      "noise_std provided \u2192 using discrepancy principle for lambda"
    ],
    "stop_tolerance": 0.001,
    "iteration_budget": 12,
    "skip_verifier": false
  },
  "final_result": {
    "estimated_x": [
      54397.92213603316,
      55330.57517954978,
      56525.56870507629,
      55480.1410631969,
      51142.322983690574,
      43764.69275405976,
      35968.3129882393,
      28434.25660505356,
      23558.463934928965,
      23064.243394702906,
      27191.013774347073,
      35353.666527847665,
      44619.762570118335,
      52137.10687467828,
      55736.75262873121,
      55336.64695693971,
      51583.882856770106,
      45318.03227968129,
      37502.141318092654,
      30590.591841834444,
      25439.26481522693,
      22370.759982146046,
      21766.217224473916,
      22294.92592014223
    ],
    "fitted_y": [
      300.0,
      300.07903356572785,
      300.2578429819191,
      300.51564834766475,
      300.8246851761145,
      301.16465949872287,
      301.521622072868,
      301.8863507063967,
      302.25301266680816,
      302.618041345876,
      302.98104867597596,
      303.3412639066079,
      303.6975599267174,
      304.0490008907295,
      304.39499958730306,
      304.733744212311,
      305.0647444204111,
      305.3884339477946,
      305.7054562573993,
      306.01638061205585,
      306.31535611127,
      306.6010863955327,
      306.87552186078335,
      307.141126582997,
      307.39984706682355,
      307.6423035493589,
      307.8665713568338,
      308.07606365868776,
      308.27495695174787,
      308.466483191513,
      308.6414779047395,
      308.79834556270805,
      308.94093366827923,
      309.0737753961336,
      309.20033293245274,
      309.3119488820916,
      309.4071833028725,
      309.4897951484376,
      309.5641691045105,
      309.63363310729704,
      309.69328451862833,
      309.74261150635414,
      309.7842871987146,
      309.8212792887246,
      309.85580464473514,
      309.8885794942475,
      309.9202855151244,
      309.95161965434124,
      309.9831192331584,
      310.0151300961861,
      310.0538442866563,
      310.10093188873464,
      310.154850551424,
      310.2134901411579,
      310.275181997098,
      310.3506610188764,
      310.4423208972111,
      310.5465876261091,
      310.6590020996946,
      310.7761231663679,
      310.9091365511969,
      311.0601542795924,
      311.224767577642,
      311.3977190047069,
      311.57500172135633,
      311.7649102486795,
      311.96869012076314,
      312.1824968040677,
      312.40192047698866,
      312.62364077707406,
      312.85073195815295,
      313.0832550100912,
      313.3190655652644,
      313.5558912199962,
      313.79206797034357,
      314.0259607419137,
      314.2567991114524,
      314.4843966914586,
      314.70878950341233,
      314.93007218014907,
      315.14289548250736,
      315.34592884725527,
      315.54070232966933,
      315.72922426786965,
      315.9130777361759,
      316.0842323214007,
      316.24099327181455,
      316.3862029583128,
      316.52335559880265,
      316.6551465968805,
      316.77201081743283,
      316.87209435917913,
      316.95908048389606,
      317.0373906364265,
      317.1104047311508,
      317.17030521847505,
      317.2158365148969,
      317.2504747553941,
      317.2782476047108,
      317.30220027324344,
      317.3168344819917,
      317.32140296518133,
      317.3185961107543,
      317.3114608354022,
      317.3022789495072,
      317.28806494967534,
      317.26853672364825,
      317.24537929177137,
      317.2204408828127,
      317.1950845495768,
      317.16929562704064,
      317.1433488876642,
      317.11775155790144,
      317.0929482005756,
      317.06923082814126,
      317.04752722120077,
      317.0281081387495,
      317.01078429839396,
      316.9952648201144,
      316.98129887346903,
      316.96869627563433,
      300.0,
      300.00003083815017,
      300.00022009404006,
      300.00085352071727,
      300.0023921969214,
      300.0054380957991,
      300.01066746252064,
      300.01875797057596,
      300.0303282770053,
      300.0458981710812,
      300.065869904482,
      300.0905268549115,
      300.12004290189793,
      300.15449717250823,
      300.19388990910113,
      300.23815716806456,
      300.2871832780526,
      300.34081159567035,
      300.39885447576995,
      300.46110241490493,
      300.5273299720727,
      300.597297522516,
      300.67075195277846,
      300.7474294308823,
      300.82706112019207,
      300.90937621760435,
      300.99410002655486,
      301.080951013826,
      301.169641810797,
      301.2598853572869,
      301.351399520817,
      301.4439066608878,
      301.53713145192273,
      301.6308020206751,
      301.7246556352277,
      301.8184427605201,
      301.91192576481103,
      302.0048759121108,
      302.09707318861376,
      302.18831056957276,
      302.27839805463856,
      302.3671632801941,
      302.4544502718777,
      302.5401192791944,
      302.6240487133224,
      302.7061379356222,
      302.7863093307376,
      302.8645089225313,
      302.9407056424229,
      303.01488961293944,
      303.0870720313473,
      303.15728748290326,
      303.22559564577915,
      303.29207985724287,
      303.3568418169865,
      303.4199987801306,
      303.48168593150336,
      303.5420593142336,
      303.60129426532774,
      303.659577708204,
      303.71710238157607,
      303.77406718410145,
      303.83067921372253,
      303.887151892312,
      303.9436973875241,
      304.0005201353352,
      304.0578157695137,
      304.1157722644536,
      304.1745689818461,
      304.2343717790635,
      304.2953281516711,
      304.35756537820174,
      304.4211905908642,
      304.48629100087,
      304.5529331329883,
      304.62116141216774,
      304.69099703946745,
      304.76243793887807,
      304.8354602972576,
      304.91002138487863,
      304.9860609618934,
      305.06350053820114,
      305.14224264685555,
      305.2221726654673,
      305.3031637214158,
      305.3850796215809,
      305.46777388507235,
      305.5510878347208,
      305.6348520882915,
      305.7188923445762,
      305.80303306278955,
      305.8870961771635,
      305.97089819356034,
      306.05425115270543,
      306.13696852309835,
      306.2188699971343,
      306.29978174928243,
      306.3795346967911,
      306.45796534458515,
      306.5349202519406,
      306.61025966129205,
      306.6838575038336,
      306.7555994757485,
      306.8253827961823,
      306.8931183380219,
      306.95873252588206,
      307.0221670223633,
      307.0833770624048,
      307.1423304803,
      307.19900805907184,
      307.2534042045719,
      307.3055272509407,
      307.3553988317367,
      307.40305291121683,
      307.44853447902904,
      307.4918983366253,
      307.53320836634396,
      307.5725363808084,
      307.60996079583623,
      307.64556469575064,
      307.67943369265674
    ],
    "status": "success"
  }
}