{
  "final_status": "weak_pass",
  "final_lambda": 4.9334835386994775e-09,
  "final_reg_order": 1,
  "final_residual_norm": 1.5558176650454276,
  "final_reg_norm": 30061.708228438834,
  "n_iterations": 1,
  "summary_notes": [
    "Completed in 1 iteration(s)"
  ],
  "final_config": {
    "parameterization_type": "piecewise_constant",
    "num_parameters": 24,
    "reg_order": 1,
    "lambda_strategy": "discrepancy",
    "lambda_value": 4.9334835386994775e-09,
    "lambda_grid": null,
    "max_retries": 8,
    "physical_bounds": [
      -500000.0,
      500000.0
    ],
    "planner_notes": [
      "num_parameters=24 (\u2248 N_t/5)",
      "reg_order=1 (default first-difference smoothness)",
      "noise_std provided \u2192 using discrepancy principle for lambda",
      "physical_bounds=(-500000.0, 500000.0) applied"
    ],
    "stop_tolerance": 0.001,
    "iteration_budget": 12
  },
  "final_result": {
    "estimated_x": [
      49268.02181684583,
      53086.701484000136,
      57058.06468293885,
      57996.65909161019,
      54198.918678312846,
      46058.183481365304,
      36025.43293373453,
      27309.617077585877,
      21818.515272084067,
      20960.196151100507,
      25502.218998497454,
      34044.169569041835,
      43899.721148362536,
      52554.00490502308,
      58268.765994081245,
      58627.679623014315,
      54014.090591203865,
      45454.55480177134,
      35559.75689420305,
      27714.739259365677,
      22765.685427463293,
      22218.743904858467,
      24423.060087157344,
      25907.060959175767
    ],
    "fitted_y": [
      300.0,
      300.0715804443928,
      300.2335275532537,
      300.4670210376609,
      300.7469146918376,
      301.0591491636418,
      301.3922246675516,
      301.73665263918707,
      302.0856324846205,
      302.43475037016884,
      302.7870702194278,
      303.14251087783197,
      303.4986550531277,
      303.8530058894111,
      304.2037790529843,
      304.5512544377677,
      304.89520435979904,
      305.2350021032695,
      305.5700940798286,
      305.90014789388755,
      306.21950804916634,
      306.52672092549756,
      306.82331280228544,
      307.1113441418346,
      307.39247356758455,
      307.6560314424119,
      307.8996958047057,
      308.1271127917462,
      308.34281930155487,
      308.5503398560254,
      308.7374612379641,
      308.90186585198484,
      309.04834079482134,
      309.1826178328737,
      309.3090889707133,
      309.417996902456,
      309.50783757104705,
      309.58305902088756,
      309.64879480551707,
      309.70893256842675,
      309.75804119731345,
      309.79560000395475,
      309.8246531127139,
      309.84856263657616,
      309.869836570457,
      309.8888491948492,
      309.9062558591946,
      309.9229573065827,
      309.93971193009713,
      309.9570277337857,
      309.98180212500506,
      310.01592252107423,
      310.05771943800244,
      310.10488546118887,
      310.1555911907588,
      310.2210118671839,
      310.30361302488285,
      310.3996277215853,
      310.50437060572756,
      310.61422645069047,
      310.74112051064355,
      310.8873144813005,
      311.0481263526351,
      311.2179665993387,
      311.3925729952082,
      311.58172262691033,
      311.786988384885,
      312.0040259900996,
      312.2278051085459,
      312.4545281626664,
      312.6900282463038,
      312.93497833194954,
      313.18630866220525,
      313.4405974319906,
      313.6952980629174,
      313.9492990216089,
      314.2017625393646,
      314.45199878562505,
      314.69953115807874,
      314.94408080657996,
      315.1788096887214,
      315.4019169693538,
      315.6151809425901,
      315.8210065554004,
      316.0212997756806,
      316.20491843350925,
      316.36943628295796,
      316.5186645311166,
      316.6573294905444,
      316.78908158845053,
      316.9019686959057,
      316.9937406746392,
      317.06911845315983,
      317.13373359778353,
      317.1918845945346,
      317.2349999876597,
      317.26184056853,
      317.27646333047943,
      317.2835052188826,
      317.2864598336064,
      317.2804107853067,
      317.26486139203354,
      317.24252482488015,
      317.2163995374153,
      317.18871398389365,
      317.1601032872401,
      317.13121389609233,
      317.1027415182907,
      317.0752256716336,
      317.0490069962268,
      317.0274716974231,
      317.0115390652876,
      317.00038062434453,
      316.992845720608,
      316.98800879381344,
      316.9873852548211,
      316.9911143493253,
      316.99834222050885,
      317.00811185032586,
      317.0196877391101,
      317.03256948319716,
      300.0,
      300.0000279300127,
      300.0001993384589,
      300.00077303094804,
      300.0021666050004,
      300.0049269516914,
      300.00967351929893,
      300.01703569618326,
      300.0275990055724,
      300.04186710106046,
      300.0602427891056,
      300.0830262821714,
      300.11042362746304,
      300.1425588315958,
      300.17948537958694,
      300.2211969340983,
      300.2676374776821,
      300.3187107708837,
      300.3742888302616,
      300.4342189445041,
      300.49832751177286,
      300.56642042553227,
      300.6382831272154,
      300.7136831783824,
      300.7923759829984,
      300.8741075834721,
      300.95861219619,
      301.04560899666825,
      301.13480363825863,
      301.22589572882515,
      301.31858399400164,
      301.4125649779344,
      301.5075299224194,
      301.60316636788247,
      301.6991660508617,
      301.7952315023063,
      301.89107655719647,
      301.9864245396317,
      302.08100927282356,
      302.17458074642,
      302.26691021272694,
      302.35779115804803,
      302.4470379481012,
      302.5344855158017,
      302.6199913058369,
      302.7034379538459,
      302.78473495046694,
      302.8638187044457,
      302.940651366604,
      303.01521886201823,
      303.0875309033632,
      303.1576237178367,
      303.22556207902346,
      303.29143777860605,
      303.3553637621705,
      303.41747069005027,
      303.4779088712319,
      303.53685084359205,
      303.59448935431965,
      303.6510290385883,
      303.706680311536,
      303.7616598361829,
      303.81619280762413,
      303.8705110416179,
      303.92484496063656,
      303.97941709483376,
      304.03444173137314,
      304.09012686028376,
      304.1466733331623,
      304.2042692210715,
      304.26308487639915,
      304.323272327118,
      304.38496673996735,
      304.4482867682604,
      304.51333230486705,
      304.58018105300755,
      304.6488858329776,
      304.7194734879023,
      304.79194561914636,
      304.8662806620724,
      304.94243418924117,
      305.0203367865743,
      305.09989235258917,
      305.18097998140536,
      305.26345998377036,
      305.3471772845657,
      305.43195957359984,
      305.5176144671274,
      305.6039315175723,
      305.69069029401896,
      305.7776662005533,
      305.8646299847913,
      305.95134508816545,
      306.0375695329234,
      306.1230638031341,
      306.2075976294439,
      306.29095141598185,
      306.3729150150358,
      306.45328894064954,
      306.53188932806614,
      306.60855217278635,
      306.6831338754397,
      306.7555095050266,
      306.8255722222813,
      306.89323462386056,
      306.9584310048547,
      307.0211189743137,
      307.0812795877036,
      307.13891629611993,
      307.1940529699781,
      307.246732507388,
      307.2970167346828,
      307.34498586268114,
      307.39073640791,
      307.4343771166393,
      307.47602465273485,
      307.51580058648284,
      307.5538288629841,
      307.59023353661684,
      307.6251360706268,
      307.65865264162153
    ],
    "status": "success"
  }
}