{
  "final_status": "weak_pass",
  "final_lambda": 0.00390625,
  "final_reg_order": 1,
  "final_residual_norm": 23.20591930005015,
  "final_reg_norm": 7.273214500447832,
  "n_iterations": 9,
  "summary_notes": [
    "Completed in 9 iteration(s)"
  ],
  "final_config": {
    "parameterization_type": "piecewise_constant",
    "num_parameters": 24,
    "reg_order": 1,
    "lambda_strategy": "fixed",
    "lambda_value": 0.00390625,
    "lambda_grid": null,
    "max_retries": 8,
    "physical_bounds": [
      -500000.0,
      500000.0
    ],
    "planner_notes": [
      "num_parameters=24 (\u2248 N_t/5)",
      "reg_order=1 (default first-difference smoothness)",
      "noise_std provided \u2192 using discrepancy principle for lambda",
      "lambda_value=1.0 supplied \u2192 strategy forced to 'fixed'",
      "physical_bounds=(-500000.0, 500000.0) applied",
      "iter0: lambda decreased to 5.000e-01 (factor=2.0)",
      "iter1: lambda decreased to 2.500e-01 (factor=2.0)",
      "iter2: lambda decreased to 1.250e-01 (factor=2.0)",
      "iter3: lambda decreased to 6.250e-02 (factor=2.0)",
      "iter4: lambda decreased to 3.125e-02 (factor=2.0)",
      "iter5: lambda decreased to 1.562e-02 (factor=2.0)",
      "iter6: lambda decreased to 7.812e-03 (factor=2.0)",
      "iter7: lambda decreased to 3.906e-03 (factor=2.0)"
    ],
    "stop_tolerance": 0.001,
    "iteration_budget": 12
  },
  "final_result": {
    "estimated_x": [
      35276.20286092044,
      35276.31273381683,
      35276.532773493615,
      35276.81469037119,
      35277.07939980265,
      35277.230797435914,
      35277.17325568862,
      35276.82105118853,
      35276.10095783069,
      35274.97052749374,
      35273.42514202732,
      35271.48990021468,
      35269.22213736228,
      35266.71315986536,
      35264.07982884944,
      35261.44122123782,
      35258.92786632803,
      35256.65636587137,
      35254.72569889137,
      35253.20551327297,
      35252.11347438952,
      35251.438264563556,
      35251.11571997005,
      35251.028833494376
    ],
    "fitted_y": [
      300.0,
      300.0512520329447,
      300.1672071465101,
      300.33438989951924,
      300.5347954559048,
      300.7543849369694,
      300.9838819001268,
      301.2175368925784,
      301.4518761154219,
      301.6848273346188,
      301.91517234498656,
      302.1422144787878,
      302.36557830808397,
      302.5850878843947,
      302.8006916142847,
      303.01241561839873,
      303.2203332259085,
      303.42454592944995,
      303.6251712323401,
      303.82233469403025,
      304.01616513340116,
      304.2067905625184,
      304.3943361760153,
      304.578923142114,
      304.76066793178444,
      304.93968211271977,
      305.1160717877036,
      305.2899376268254,
      305.4613750626673,
      305.6304744746401,
      305.79732133464637,
      305.96199652984956,
      306.1245766132595,
      306.28513398138307,
      306.44373708822013,
      306.60045017722035,
      306.7553343699178,
      306.9084477653124,
      307.059845423829,
      307.20957946963654,
      307.3576982013026,
      307.50424808863215,
      307.6492737257428,
      307.79281750299873,
      307.93491960355135,
      308.0756164463039,
      308.2149437052325,
      308.3529361100108,
      308.4896268050522,
      308.62504721126317,
      308.7592248625978,
      308.892187433401,
      309.02396238895545,
      309.15457608005914,
      309.28405348168013,
      309.4124154198267,
      309.53968360215003,
      309.6658801064364,
      309.7910262609663,
      309.91514224820617,
      310.03824383803124,
      310.1603482439368,
      310.281473546501,
      310.4016373070951,
      310.5208561182195,
      310.63914196677507,
      310.7565086912582,
      310.87297133012737,
      310.988544623618,
      311.10324242550905,
      311.2170739419208,
      311.3300504688887,
      311.44218472628273,
      311.55348924734284,
      311.6639758148735,
      311.7736516039192,
      311.8825260067591,
      311.99060992845756,
      312.09791418073183,
      312.2044488931058,
      312.3102198749355,
      312.4152350851392,
      312.5195039710744,
      312.62303594839386,
      312.7258398245934,
      312.8279205234412,
      312.9292849378702,
      313.0299413149658,
      313.1298979043557,
      313.22916244810034,
      313.3277393444465,
      313.42563468927267,
      313.5228557370778,
      313.61940973143004,
      313.71530350509033,
      313.81054123542685,
      313.9051284101658,
      313.99907142800765,
      314.0923766706694,
      314.1850501821821,
      314.277096076252,
      314.36851938265977,
      314.4593257720471,
      314.54952086677207,
      314.63911005052967,
      314.7280974607363,
      314.81648776713763,
      314.90428601637257,
      314.99149718587796,
      315.07812609064894,
      315.16417689300266,
      315.24965396760774,
      315.3345618363344,
      315.4189049427454,
      315.5026876386819,
      315.5859140059597,
      315.66858816765983,
      315.7507142333851,
      315.8322962296812,
      315.91333814128615,
      315.9938438566636,
      300.0,
      300.0000199980587,
      300.00014272754726,
      300.00055349485393,
      300.00155130233964,
      300.00352617738304,
      300.0069152361391,
      300.01215476291577,
      300.01964082167285,
      300.0297038016892,
      300.04259662485174,
      300.05849376120966,
      300.0774971104107,
      300.0996457550811,
      300.124926951258,
      300.15328702664294,
      300.1846412323086,
      300.21888218277195,
      300.25588690430806,
      300.29552240121893,
      300.3376500992251,
      300.38212919418334,
      300.42881918875673,
      300.4775817492147,
      300.5282820607791,
      300.5807897137513,
      300.63497931303107,
      300.6907308290319,
      300.7479297961827,
      300.806467377026,
      300.8662402899028,
      300.92715072659234,
      300.98910616573323,
      301.05201921843064,
      301.1158073997701,
      301.1803929322776,
      301.24570248299807,
      301.31166698480723,
      301.37822139982586,
      301.44530450318774,
      301.5128586826205,
      301.58082974559767,
      301.6491667164193,
      301.7178216698204,
      301.78674955910816,
      301.85590804598405,
      301.9252573537091,
      301.9947601081172,
      302.0643812133369,
      302.13408773834584,
      302.203848750984,
      302.27363525123224,
      302.34342000803275,
      302.4131775112027,
      302.48288384620434,
      302.55251659450323,
      302.62205477878814,
      302.6914787256805,
      302.76077006976055,
      302.82991162253126,
      302.89888730100455,
      302.9676821049346,
      303.0362820094507,
      303.1046739489986,
      303.172845750628,
      303.24078605468856,
      303.30848431608865,
      303.3759306988236,
      303.44311610800327,
      303.51003209916485,
      303.57667082111436,
      303.6430250452569,
      303.709088068087,
      303.7748537311416,
      303.8403163644056,
      303.9054707432184,
      303.97031209556275,
      304.0348360426401,
      304.0990386127572,
      304.1629162047111,
      304.226465532648,
      304.2896836474482,
      304.3525679014202,
      304.4151159400884,
      304.4773256975157,
      304.53919531702775,
      304.6007232147869,
      304.66190800849597,
      304.7227485452424,
      304.78324389059475,
      304.84339324319325,
      304.9031960285034,
      304.96265179558804,
      305.02176027700887,
      305.0805213636326,
      305.1389350431284,
      305.1970014637543,
      305.25472086339846,
      305.31209362545536,
      305.369120241324,
      305.4258012647585,
      305.48213738176196,
      305.53812932377014,
      305.5937779435746,
      305.6490841675304,
      305.7040489637636,
      305.75867339010557,
      305.81295854757633,
      305.8669056041907,
      305.9205158111054,
      305.9737904205223,
      306.0267307617564,
      306.0793381748254,
