{
  "final_status": "weak_pass",
  "final_lambda": 5.996522204464461e-08,
  "final_reg_order": 1,
  "final_residual_norm": 7.822791129278691,
  "final_reg_norm": 19232.126676132084,
  "n_iterations": 1,
  "summary_notes": [
    "Completed in 1 iteration(s)"
  ],
  "final_config": {
    "parameterization_type": "piecewise_constant",
    "num_parameters": 24,
    "reg_order": 1,
    "lambda_strategy": "discrepancy",
    "lambda_value": 5.996522204464461e-08,
    "lambda_grid": null,
    "max_retries": 1,
    "physical_bounds": null,
    "planner_notes": [
      "num_parameters=24 (\u2248 N_t/5)",
      "reg_order=1 (default first-difference smoothness)",
      "noise_std provided \u2192 using discrepancy principle for lambda"
    ],
    "stop_tolerance": 0.001,
    "iteration_budget": 1
  },
  "final_result": {
    "estimated_x": [
      54761.36989978713,
      55084.75850316847,
      54604.03572296037,
      52684.57579252036,
      48821.56112659653,
      43152.281161313185,
      36783.33509065275,
      31326.87840169008,
      27926.54387896876,
      27450.000020427455,
      30288.309268883735,
      35622.09327568278,
      41848.53934257452,
      47362.41182381252,
      50952.396367058805,
      51318.19074161144,
      48618.687351841625,
      43552.60532828313,
      37576.64514584951,
      32345.40898623319,
      28273.664460481603,
      26065.592470286785,
      25378.490351956887,
      25280.424276461825
    ],
    "fitted_y": [
      300.0,
      300.079561611131,
      300.2595657031463,
      300.5190935387949,
      300.8301951289085,
      301.17154667479895,
      301.5288710423333,
      301.89311954163503,
      302.2587346166763,
      302.62237078142687,
      302.98135301886566,
      303.33436373796405,
      303.6809720768434,
      304.02113144699223,
      304.35494204395843,
      304.6797751588253,
      304.9950875216766,
      305.301815843313,
      305.6011502262178,
      305.8940665075074,
      306.1756666157046,
      306.44499508172595,
      306.70391460679247,
      306.95469979775163,
      307.1991361474984,
      307.43021378081806,
      307.646585445393,
      307.8509626787827,
      308.04661642843166,
      308.2360746341388,
      308.41177924678385,
      308.5723861680353,
      308.7210174913136,
      308.8613673210356,
      308.99626184923727,
      309.1196451152005,
      309.2306113414811,
      309.33197015184123,
      309.4269533779112,
      309.51800838693737,
      309.6017999148433,
      309.6780248863243,
      309.74858214084577,
      309.81556387503366,
      309.88053112909176,
      309.9438020405511,
      310.0058089405514,
      310.0670935254013,
      310.12810181993996,
      310.18913065646416,
      310.2544779789196,
      310.3253171169197,
      310.4006026122508,
      310.47889273111605,
      310.559045870608,
      310.64804192970115,
      310.7474229798709,
      310.8548397955178,
      310.96736990207944,
      311.082759142742,
      311.20856244018125,
      311.3462229712858,
      311.4927928106879,
      311.644747997813,
      311.7994014564897,
      311.96300202398527,
      312.13656501543664,
      312.31733162311235,
      312.5021033522037,
      312.68846549357187,
      312.88006413901354,
      313.0773117661911,
      313.2782748054305,
      313.4808016521999,
      313.683292402623,
      313.8852536433682,
      314.08621426150245,
      314.28568937772997,
      314.4833102755425,
      314.6788483609172,
      314.868262332377,
      315.05047633950096,
      315.2265202815753,
      315.3977977558722,
      315.56542459316927,
      315.72280053474196,
      315.8684885031273,
      316.0047459530822,
      316.1343736261045,
      316.25953642923514,
      316.37299142449785,
      316.4733663392283,
      316.5635061792195,
      316.6468102443562,
      316.725875312595,
      316.79481026140763,
      316.85268171707446,
      316.902131943826,
      316.94621705237614,
      316.9872472922055,
      317.0208140077201,
      317.0462887403911,
      317.0657762216168,
      317.08167280061963,
      317.0957760324045,
      317.1060394563988,
      317.11232273542817,
      317.11587584115875,
      317.1180506343427,
      317.1198403882945,
      317.1208749705057,
      317.12125911626987,
      317.1214550885072,
      317.121911099759,
      317.12293647465106,
      317.1245683063412,
      317.1268582485517,
      317.12987580909925,
      317.1336687951593,
      317.1382539934454,
      317.143623568541,
      300.0,
      300.0000310441885,
      300.00022156455003,
      300.0008592233284,
      300.00240817985946,
      300.0054740803171,
      300.0107362444611,
      300.0188736404403,
      300.0305038417517,
      300.046143305227,
      300.0661883889964,
      300.0909128026652,
      300.12047583308606,
      300.1549371001561,
      300.1942738193326,
      300.238397220898,
      300.2871662251387,
      300.34039900308954,
      300.397883759867,
      300.4593888701726,
      300.5246700808109,
      300.5934736331126,
      300.66553791617054,
      300.74059641343484,
      300.8183828249487,
      300.89863399175505,
      300.98108880617923,
      301.0654860669659,
      301.15156511492785,
      301.2390702261303,
      301.3277534847812,
      301.41737349826997,
      301.5076927872501,
      301.5984780854796,
      301.68950453208765,
      301.78055909893186,
      301.8714401967756,
      301.96195592780066,
      302.0519241158809,
      302.1411753267584,
      302.22955562663793,
      302.31692684356574,
      302.40316542736906,
      302.48816199927205,
      302.57182232656226,
      302.65406880761907,
      302.7348413977266,
      302.81409756062175,
      302.89181143734976,
      302.96797250603663,
      303.04258542900277,
      303.11567166237603,
      303.1872706011707,
      303.2574385856732,
      303.3262451898139,
      303.3937710522121,
      303.4601090967948,
      303.52536612190045,
      303.5896615896061,
      303.653122409409,
      303.7158791756735,
      303.7780665769409,
      303.8398248906979,
      303.9012988333192,
      303.9626325097743,
      304.0239653153667,
      304.0854317748662,
      304.1471627713466,
      304.2092850407233,
      304.2719175234561,
      304.3351681438867,
      304.3991333513635,
      304.46389892211334,
      304.52954014658405,
      304.5961203823084,
      304.66368897684663,
      304.73227977177146,
      304.80191058756554,
      304.8725837681143,
      304.9442874142022,
      305.0169955186453,
      305.09066671413626,
      305.16524328974,
      305.2406523407916,
      305.316809397238,
      305.3936204554041,
      305.4709809885022,
      305.54877430875314,
      305.6268728465839,
      305.7051430079829,
      305.7834485733221,
      305.8616503775755,
      305.9396046017783,
      306.01716392954495,
      306.09418230880414,
      306.1705187782551,
      306.24603781126103,
      306.3206080379694,
      306.3941029029833,
      306.4664040005034,
      306.5374036549059,
      306.6070046713811,
      306.6751185942766,
      306.74166543239045,
      306.8065753148967,
      306.8697901569607,
      306.9312637697605,
      306.9909608815759,
      307.04885654186535,
      307.10493635950485,
      307.1591967063517,
      307.211644494858,
      307.26229624124903,
      307.3111771334165,
      307.35832009149544,
      307.4037647717483,
      307.44755673102367,
      307.48974621048984,
      307.5303871739141,
      307.5695362437107,
      307.60725170572744
    ],
    "status": "success"
  }
}