{
  "final_status": "weak_pass",
  "final_lambda": 1.4150793782397743e-09,
  "final_reg_order": 0,
  "final_residual_norm": 1.558016635009634,
  "final_reg_norm": 173986.6048728577,
  "n_iterations": 1,
  "summary_notes": [
    "Completed in 1 iteration(s)"
  ],
  "final_config": {
    "parameterization_type": "piecewise_constant",
    "num_parameters": 24,
    "reg_order": 0,
    "lambda_strategy": "discrepancy",
    "lambda_value": 1.4150793782397743e-09,
    "lambda_grid": null,
    "max_retries": 8,
    "physical_bounds": [
      -500000.0,
      500000.0
    ],
    "planner_notes": [
      "num_parameters=24 (\u2248 N_t/5)",
      "reg_order=0 (default first-difference smoothness)",
      "noise_std provided \u2192 using discrepancy principle for lambda",
      "physical_bounds=(-500000.0, 500000.0) applied"
    ],
    "stop_tolerance": 0.001,
    "iteration_budget": 12
  },
  "final_result": {
    "estimated_x": [
      10745.36711091568,
      14113.44111938696,
      20300.143470816332,
      26350.30342718469,
      34348.73276867604,
      38852.4357778909,
      49062.3075294524,
      53507.491010852515,
      57108.132645383645,
      59399.29151653029,
      57386.00242235291,
      55837.234492852236,
      50843.63221158579,
      44905.24452980307,
      36203.148509772676,
      28266.18659110016,
      21620.197478508515,
      17170.313478798085,
      10511.74983584812,
      8027.610290519273,
      5838.118100863316,
      2021.53094602033,
      816.6470776457035,
      1717.0898763797493
    ],
    "fitted_y": [
      300.0,
      300.01561171170675,
      300.0509324141237,
      300.1018573978239,
      300.1629022694311,
      300.23468404582303,
      300.31566131733086,
      300.402796176484,
      300.49331144638774,
      300.5852355159676,
      300.68630005557355,
      300.79810292847236,
      300.91783483440895,
      301.04208669767485,
      301.1682643417421,
      301.3034723394113,
      301.44899581176196,
      301.6019285560107,
      301.75885009649585,
      301.917179667759,
      302.0868709695668,
      302.2699706377466,
      302.4628460866473,
      302.661099470308,
      302.8613909352642,
      303.06810000154337,
      303.2816380849409,
      303.49952990836084,
      303.7190603903497,
      303.93822603728677,
      304.1705894653796,
      304.4192983138486,
      304.6800429720426,
      304.94740880709895,
      305.217253421532,
      305.4933459299186,
      305.7757575259736,
      306.06185112300767,
      306.3488391956219,
      306.6346885664557,
      306.9233515516784,
      307.2154598235569,
      307.5092396659132,
      307.80266504715894,
      308.0942414662287,
      308.38636526487414,
      308.6793826747414,
      308.97214943749424,
      309.2633844875679,
      309.55215847564483,
      309.8349819964868,
      310.1107844547528,
      310.38019795059944,
      310.644213485405,
      310.90365513560334,
      311.1568595051193,
      311.4036409380659,
      311.644876325459,
      311.88156604911114,
      312.1144888239111,
      312.33692846717,
      312.5473444013666,
      312.7478934342456,
      312.9413015327703,
      313.1296878103811,
      313.3058402240679,
      313.4683915535202,
      313.6201720696866,
      313.76456683177474,
      313.9041656390559,
      314.02803449896555,
      314.13392108935034,
      314.2258008663486,
      314.3085103764849,
      314.38575089121525,
      314.44842082842547,
      314.4949936778311,
      314.5294024169067,
      314.55622984370893,
      314.578941100069,
      314.5901360964536,
      314.5886580067894,
      314.5778584710764,
      314.56159475843344,
      314.5427651171633,
      314.5167762361973,
      314.4830597494514,
      314.44396693424005,
      314.4021271865108,
      314.3594915359872,
      314.30762817054625,
      314.24473012633916,
      314.173746532278,
      314.0982814405999,
      314.02106950383376,
      313.9402646784027,
      313.85597387262476,
      313.7697452726329,
      313.68316722446025,
      313.5973803126004,
      313.50990718525657,
      313.42030739699186,
      313.32961525523183,
      313.2390264588769,
      313.14941889041734,
      313.05578743768257,
      312.9569733626307,
      312.85457635384137,
      312.75059233634767,
      312.6465325746882,
      312.5416101044406,
      312.43592915083343,
      312.33025760651003,
      312.22536180735796,
      312.12177888955256,
      312.02113564620157,
      311.92394053666885,
      311.8299178697333,
      311.7386178515328,
      311.6496574709885,
      311.5627554019634,
      300.0,
      300.0000060915422,
      300.0000434757645,
      300.00016859823097,
      300.00047253705856,
      300.0010760065333,
      300.0021200546141,
      300.0037552680148,
      300.00613083809657,
      300.0093846427636,
      300.01363896434566,
      300.0190031137163,
      300.02557844093093,
      300.0334608336961,
      300.04273895990485,
      300.0534932181528,
      300.06579822917377,
      300.0797262492912,
      300.0953478276909,
      300.11272857816766,
      300.131928295928,
      300.15300529929914,
      300.1760218370855,
      300.20104529795555,
      300.2281437841084,
      300.257380846783,
      300.288813010015,
      300.3224890871663,
      300.35844891284864,
      300.3967205171999,
      300.437322385025,
      300.4802729638116,
      300.5256008357758,
      300.57334836592355,
      300.6235669360309,
      300.67630946339665,
      300.7316249976745,
      300.7895554334636,
      300.8501323916086,
      300.9133733999838,
      300.97928011579484,
      301.0478399875168,
      301.11902937658647,
      301.1928156253625,
      301.2691570500063,
      301.34800290669705,
      301.42929476242153,
      301.51296843141984,
      301.59895520037696,
      301.6871817741111,
      301.77756829354587,
      301.87002511077964,
      301.96445019192146,
      302.0607289500457,
      302.15873652069297,
      302.2583407477227,
      302.3594045817951,
      302.4617880014706,
      302.56535035948036,
      302.6699531126641,
      302.77545984340566,
      302.88173268001236,
      302.98862826444133,
      303.09599703785256,
      303.2036865100207,
      303.31154365005,
      303.4194137904665,
      303.52713856426345,
      303.63455680442195,
      303.74150913188964,
      303.8478397680513,
      303.95339260192475,
      304.0580059864867,
      304.16151228739074,
      304.26374347135527,
      304.3645358461459,
      304.4637298336724,
      304.56116780127667,
      304.65669503120574,
      304.75016505920973,
      304.84144371654327,
      304.9304085393785,
      305.0169461252012,
      305.1009518452427,
      305.18233309520554,
      305.2610120587142,
      305.3369254461977,
      305.4100225096026,
      305.48026431864866,
      305.5476250748458,
      305.6120908244432,
      305.67365378874916,
      305.73230582733976,
      305.7880359066578,
      305.84083257356446,
      305.8906881589806,
      305.93760191655747,
      305.98158161091874,
      306.02264485638597,
      306.06082055170657,
      306.0961489212917,
      306.12867965253974,
      306.1584691074544,
      306.18557850603395,
      306.2100734619158,
      306.2320222770148,
      306.2514920893897,
      306.26854481168556,
      306.2832356437688,
      306.2956146901449,
      306.30572975684214,
      306.3136288274321,
      306.319361592535,
      306.3229806665257,
      306.3245426405098,
      306.32410932022947,
      306.32174929494784,
      306.3175387405824,
      306.311561116103,
      306.3039056391041,
      306.29466497156506
    ],
    "status": "success"
  }
}