{
  "final_status": "weak_pass",
  "final_lambda": 8.193937867803223e-08,
  "final_reg_order": 1,
  "final_residual_norm": 7.8346256988017045,
  "final_reg_norm": 21949.525004960455,
  "n_iterations": 1,
  "summary_notes": [
    "Completed in 1 iteration(s)"
  ],
  "final_config": {
    "parameterization_type": "piecewise_constant",
    "num_parameters": 24,
    "reg_order": 1,
    "lambda_strategy": "discrepancy",
    "lambda_value": 8.193937867803223e-08,
    "lambda_grid": null,
    "max_retries": 8,
    "physical_bounds": [
      -500000.0,
      500000.0
    ],
    "planner_notes": [
      "num_parameters=24 (\u2248 N_t/5)",
      "reg_order=1 (default first-difference smoothness)",
      "noise_std provided \u2192 using discrepancy principle for lambda",
      "physical_bounds=(-500000.0, 500000.0) applied"
    ],
    "stop_tolerance": 0.001,
    "iteration_budget": 1,
    "skip_verifier": false
  },
  "final_result": {
    "estimated_x": [
      16779.661446640042,
      18497.333932158217,
      22318.30731233643,
      27598.01082776494,
      33718.43636201072,
      39998.280554619574,
      46106.042127592606,
      51036.029349245844,
      54417.25531757428,
      56048.40637333176,
      55790.64116966899,
      53774.62109185294,
      49884.29551220866,
      44303.73713193413,
      37487.28020189402,
      30334.741385115594,
      23606.734102671206,
      17683.86172571237,
      12609.004202149476,
      8661.331801949926,
      5695.40945150367,
      3630.5511853899925,
      2652.0733650601746,
      2498.022780885668
    ],
    "fitted_y": [
      300.0,
      300.0243788075677,
      300.0795346177411,
      300.1590576323431,
      300.2543835777527,
      300.3613301413946,
      300.4761397827742,
      300.5954215593918,
      300.71664643951,
      300.83814516424917,
      300.96443785526213,
      301.09637011216876,
      301.2321346540426,
      301.3695967350185,
      301.50715187594733,
      301.65144438536294,
      301.80388126788523,
      301.9621092027475,
      302.1232624567061,
      302.28516889501293,
      302.45532159157534,
      302.63521896359055,
      302.8220494118774,
      303.01243720205053,
      303.20382869424157,
      303.4037011553112,
      303.61346300468966,
      303.83015292273774,
      304.05026319281694,
      304.27114940990526,
      304.49998384287426,
      304.7380789799977,
      304.98252458474406,
      305.22989571911836,
      305.4776172231827,
      305.7311996897242,
      305.99154083748033,
      306.2562046868965,
      306.5223855249731,
      306.7879910744387,
      307.05660308846075,
      307.32873059215177,
      307.602653922698,
      307.87643485828903,
      308.1486453235724,
      308.4207615667448,
      308.69289640898336,
      308.9641628718873,
      309.23361409402105,
      309.5005762427952,
      309.76427441521315,
      310.0244041026353,
      310.2809803875948,
      310.5341255344545,
      310.78397644362735,
      311.027731254719,
      311.26473647061135,
      311.4958677710443,
      311.7222522228825,
      311.94478421577855,
      312.15842863485585,
      312.36211293250665,
      312.5575997392923,
      312.74706707269075,
      312.93220301517425,
      313.10602916416036,
      313.2671363687424,
      313.41810957483466,
      313.56208556655383,
      313.7014723023644,
      313.82795790978207,
      313.9399372697038,
      314.0406229863512,
      314.1338647309394,
      314.22259998228793,
      314.2983644225171,
      314.35962096975163,
      314.4098174994146,
      314.45302747539245,
      314.49234145498497,
      314.51999991931046,
      314.53467037182764,
      314.53965275046465,
      314.5388009514941,
      314.5350236624434,
      314.5216008869046,
      314.49741630212594,
      314.4653974112667,
      314.4289387372623,
      314.39059056573615,
      314.3446220610763,
      314.29008249339785,
      314.22947288586505,
      314.16568681066894,
      314.10089031424263,
      314.0307339032148,
      313.95453371347816,
      313.874257599739,
      313.7921587212169,
      313.7099125649008,
      313.62427201982996,
      313.5347253621336,
      313.44274173780116,
      313.3499980860066,
      313.25773381251537,
      313.1637257180911,
      313.0676299681687,
      312.97046627172296,
      312.8733899192946,
      312.7772465520286,
      312.6811355129118,
      312.5849714835505,
      312.4892677608955,
      312.39457333242433,
      312.30127378817434,
      312.2093675438887,
      312.1189025037366,
      312.02997141811613,
      311.9426433005403,
      311.8569446601954,
      311.772867065278,
      300.0,
      300.0000095123802,
      300.00006789052463,
      300.00026327823025,
      300.0007379005093,
      300.0016782535238,
      300.00329628674336,
      300.0058085477153,
      300.0094179888857,
      300.01430075599364,
      300.0206006042767,
      300.0284307281019,
      300.03787895185854,
      300.04901233874807,
      300.0618793867182,
      300.0765133991386,
      300.0929386649193,
      300.1111766359878,
      300.13124873349665,
      300.1531748508687,
      300.17697273261814,
      300.2026608655108,
      300.230262084763,
      300.2598040574633,
      300.2913156188953,
      300.32482420950134,
      300.36035738950335,
      300.3979455524992,
      300.43762192366455,
      300.4794186543684,
      300.5233641191933,
      300.56948433726615,
      300.6178056976051,
      300.6683551987168,
      300.7211569556716,
      300.7762293827008,
      300.8335856828572,
      300.89323572978714,
      300.95518625278834,
      301.0194383436938,
      301.0859853605399,
      301.1548132427922,
      301.22590195853184,
      301.299226070294,
      301.3747536145317,
      301.4524449429854,
      301.5322527974128,
      301.6141231536313,
      301.69799595812526,
      301.78380526578866,
      301.87147886007705,
      301.96093787296667,
      302.05209674663286,
      302.14486397044845,
      302.2391433470549,
      302.3348344743736,
      302.4318320300918,
      302.5300249878618,
      302.6292973281529,
      302.7295302700118,
      302.8306032679842,
      302.9323925520325,
      303.0347692279524,
      303.13759970918966,
      303.2407489127006,
      303.3440819416925,
      303.44746224029325,
      303.55074890981103,
      303.6537970581802,
      303.7564618663238,
      303.85860103848194,
      303.96007288502665,
      304.0607331642445,
      304.1604353219496,
      304.25903509411864,
      304.3563936483375,
      304.4523760686296,
      304.5468482916909,
      304.63967725022115,
      304.73073533288414,
      304.8199035556236,
      304.9070702890102,
      304.9921283034691,
      305.07497457520367,
      305.15551399119767,
      305.233661937786,
      305.3093429917193,
      305.3824879812788,
      305.453033419987,
      305.5209242873693,
      305.586115875516,
      305.6485723569514,
      305.708263906452,
      305.7651659030438,
      305.8192609932462,
      305.87054061472924,
      305.9190040108129,
      305.96465602107,
      306.0075063692029,
      306.0475710550315,
      306.0848733159041,
      306.1194427114204,
      306.1513132166933,
      306.18052246364357,
      306.20711254233913,
      306.2311305843276,
      306.25262809026,
      306.2716595280582,
      306.288281675445,
      306.30255406086354,
      306.3145394277721,
      306.3243037013564,
      306.3319153712653,
      306.33744508434285,
      306.3409655695459,
      306.342551603648,
      306.3422800114559,
      306.34022927040843,
      306.3364790870264,
      306.3311098688717,
      306.32420210177975
    ],
    "status": "success"
  }
}