{
  "final_status": "fail",
  "final_lambda": 390625.0,
  "final_reg_order": 1,
  "final_residual_norm": 35.51181622994626,
  "final_reg_norm": 2.2237063863318305e-07,
  "n_iterations": 9,
  "summary_notes": [
    "Completed in 9 iteration(s)"
  ],
  "final_config": {
    "parameterization_type": "piecewise_constant",
    "num_parameters": 24,
    "reg_order": 1,
    "lambda_strategy": "fixed",
    "lambda_value": 390625.0,
    "lambda_grid": null,
    "max_retries": 8,
    "physical_bounds": [
      -500000.0,
      500000.0
    ],
    "planner_notes": [
      "num_parameters=24 (\u2248 N_t/5)",
      "reg_order=1 (default first-difference smoothness)",
      "noise_std provided \u2192 using discrepancy principle for lambda",
      "lambda_value=1.0 supplied \u2192 strategy forced to 'fixed'",
      "physical_bounds=(-500000.0, 500000.0) applied",
      "iter0: lambda increased to 5.000e+00 (factor=5.0)",
      "iter1: lambda increased to 2.500e+01 (factor=5.0)",
      "iter2: lambda increased to 1.250e+02 (factor=5.0)",
      "iter3: lambda increased to 6.250e+02 (factor=5.0)",
      "iter4: lambda increased to 3.125e+03 (factor=5.0)",
      "iter5: lambda increased to 1.562e+04 (factor=5.0)",
      "iter6: lambda increased to 7.812e+04 (factor=5.0)",
      "iter7: lambda increased to 3.906e+05 (factor=5.0)"
    ],
    "stop_tolerance": 0.001,
    "iteration_budget": 12
  },
  "final_result": {
    "estimated_x": [
      32166.500370226102,
      32166.500370233905,
      32166.500370251633,
      32166.500370278987,
      32166.500370315476,
      32166.500370360336,
      32166.500370412632,
      32166.50037047104,
      32166.500370534173,
      32166.500370600617,
      32166.5003706688,
      32166.500370737256,
      32166.50037080424,
      32166.500370868205,
      32166.500370927843,
      32166.500370981925,
      32166.500371029615,
      32166.5003710701,
      32166.500371102844,
      32166.50037112774,
      32166.500371145048,
      32166.50037115547,
      32166.500371160393,
      32166.500371161696
    ],
    "fitted_y": [
      300.0,
      300.04673401338545,
      300.1524673378631,
      300.304912432585,
      300.4876516414814,
      300.68788350932186,
      300.8971493013983,
      301.11020643459517,
      301.3238873868787,
      301.53630263769327,
      301.7463411051132,
      301.9533674745623,
      302.1570394997053,
      302.35719685073747,
      302.5537925656501,
      302.74685014373205,
      302.93643638571643,
      303.12264395581616,
      303.305580142218,
      303.4853595450956,
      303.66209934822814,
      303.8359162307413,
      304.0069244691726,
      304.175234688637,
      304.34095319727,
      304.50418159493853,
      304.6650166196506,
      304.8235501438986,
      304.9798692715671,
      305.1340564768957,
      305.28618981292254,
      305.4363430797021,
      305.58458607480327,
      305.730984792611,
      305.8756016345984,
      306.01849563422667,
      306.15972263796186,
      306.29933549360567,
      306.43738423862624,
      306.57391627020434,
      306.7089764951667,
      306.84260748174756,
      306.9748496076933,
      307.10574116996975,
      307.23531853469575,
      307.363616226737,
      307.4906670558694,
      307.6165022283149,
      307.7411513997665,
      307.8646427869241,
      307.98700325891707,
      308.10825841227097,
      308.22843264770245,
      308.34754921217376,
      308.4656302830017,
      308.58269702453964,
      308.69876966497264,
      308.8138675200871,
      308.9280090554386,
      309.0412119265774,
      309.15349303024567,
      309.2648685537454,
      309.3753540188213,
      309.4849642834894,
      309.5937136005474,
      309.70161565414406,
      309.80868358903416,
      309.9149300416622,
      310.02036717124633,
      310.1250066396652,
      310.2288597010523,
      310.33193719082516,
      310.43424956956835,
      310.53580691754786,
      310.63661896030976,
      310.73669507782233,
      310.8360443556728,
      310.9346755905526,
      311.03259728842914,
      311.1298176663739,
      311.2263446946174,
      311.3221861111762,
      311.4173494309958,
      311.5118419496069,
      311.60567072849835,
      311.69884264448507,
      311.7913644025074,
      311.8832425228318,
      311.9744833611637,
      312.06509310316267,
      312.1550777589564,
      312.24444322896557,
      312.33319527281975,
      312.42133950387233,
      312.50888141297014,
      312.5958263538261,
      312.6821795850736,
      312.76794626295236,
      312.8531314266813,
      312.93774000942875,
      313.0217768456269,
      313.1052466929126,
      313.1881542321277,
      313.2705040325784,
      313.35230059408957,
      313.4335483305489,
      313.5142515936765,
      313.59441468033896,
      313.67404178866633,
      313.75313706376346,
      313.831704581254,
      313.9097483655649,
      313.9872723954117,
      314.0642805672297,
      314.14077674271323,
      314.21676470127653,
      314.29224820953453,
      314.3672309829055,
      314.4417166636694,
      314.51570887216496,
      314.58921115559264,
      300.0,
      300.00001823517016,
      300.0001301456883,
      300.0005047026318,
      300.0014145504117,
      300.0032153342734,
      300.0063056370439,
      300.0110832827421,
      300.01790942025934,
      300.02708531296645,
      300.0388415855764,
      300.05333732637365,
      300.07066545006927,
      300.0908615914004,
      300.11391412688596,
      300.13977411247305,
      300.1683642667312,
      300.19958666681424,
      300.2333291754758,
      300.26947051685704,
      300.3078843283406,
      300.3484422140685,
      300.391016057936,
      300.4354797167402,
      300.4817102562147,
      300.5295887592062,
      300.57900088152456,
      300.6298371719221,
      300.6819932531104,
      300.7353698802714,
      300.7898728752323,
      300.8454130514995,
      300.90190604421224,
      300.95927216935155,
      301.0174362152966,
      301.0763272636362,
      301.1358784496414,
      301.196026799533,
      301.2567130147241,
      301.3178812743469,
      301.3794790524077,
      301.4414569422548,
      301.503768471905,
      301.56636995228206,
      301.62922031996925,
      301.6922809817911,
      301.7555156813362,
      301.8188903545091,
      301.88237301616664,
      301.9459336558958,
      302.00954408625176,
      302.0731778824196,
      302.13681023410885,
      302.2004179016712,
      302.26397910090725,
      302.32747341164446,
      302.39088172836847,
      302.4541861358885,
      302.51736991299396,
      302.5804174117768,
      302.6433139918071,
      302.7060460000198,
      302.76860067380704,
      302.83096612639036,
      302.8931312846532,
      302.9550858160028,
      303.01682013019877,
      303.0783252842732,
      303.13959301178636,
      303.2006156387173,
      303.2613860304391,
      303.3218976191456,
      303.3821443160854,
      303.44212052984665,
      303.5018211133317,
      303.56124132353125,
      303.6203768288382,
      303.67922365602226,
      303.7377782030294,
      303.7960372042409,
      303.85399767927714,
      303.9116569531101,
      303.96901262497977,
      304.02606256108055,
      304.08280488907576,
      304.1392379249593,
      304.1953602315665,
      304.25117055457804,
      304.30666784811825,
      304.36185126378456,
      304.4167200720239,
      304.47127374807,
      304.5255118786923,
      304.5794342170496,
      304.63304065891987,
      304.68633118601866,
      304.73930592450927,
      304.79196508100705,
      304.8443089937759,
      304.8963380979878,
      304.9480528836684,
      304.9994539596929,
      305.0505419751624,
      305.1013176888852,
      305.151781925494,
      305.2019355461906,
      305.2517794926287,
      305.30131474485955,
      305.35054234327345,
      305.39946340322723,
      305.4480790400777,
      305.496390438663,
      305.5443987929635,
