{
  "final_status": "weak_pass",
  "solver_name": "tsvd",
  "final_lambda": 0.05,
  "final_reg_order": 2,
  "final_residual_norm": 7.037892821875559,
  "final_reg_norm": 43019.12912935255,
  "n_iterations": 3,
  "summary_notes": [
    "Completed in 3 iteration(s)"
  ],
  "final_config": {
    "parameterization_type": "piecewise_constant",
    "num_parameters": 24,
    "reg_order": 2,
    "lambda_strategy": "fixed",
    "lambda_value": 0.05,
    "lambda_grid": null,
    "max_retries": 6,
    "physical_bounds": null,
    "planner_notes": [
      "num_parameters=24 (\u2248 N_t/5)",
      "reg_order=1 (default first-difference smoothness)",
      "noise_std provided \u2192 using discrepancy principle for lambda",
      "lambda_strategy overridden to 'fixed' from config",
      "lambda_value=0.01 supplied \u2192 strategy forced to 'fixed'",
      "solver_name='tsvd' from config overrides",
      "iter0: oscillatory solution \u2192 increase reg_order to 2",
      "iter1: lambda increased to 5.000e-02 (factor=5.0)"
    ],
    "stop_tolerance": 0.001,
    "iteration_budget": 10,
    "skip_verifier": false,
    "solver_name": "tsvd"
  },
  "final_result": {
    "estimated_x": [
      -2632.2712199418543,
      104.67482157121685,
      3778.490590900113,
      2174.100542213304,
      -3130.4918797022738,
      -2945.9723377400214,
      10035.516267329473,
      31930.232771490428,
      49734.776887759996,
      54124.03596170387,
      48985.96753950766,
      45726.094191210075,
      48961.99153528274,
      52481.7932371417,
      50599.75937835277,
      47252.22800852954,
      48493.58664718827,
      51215.745612740146,
      48532.150828797385,
      44159.943731909094,
      49044.29357840882,
      60179.438381084256,
      55583.5922414794,
      23734.605937624445
    ],
    "fitted_y": [
      300.0,
      299.9961756300185,
      299.9875231877632,
      299.97504819574243,
      299.96009415489897,
      299.9476850923494,
      299.93955682521124,
      299.93509285944833,
      299.93315547549906,
      299.93281006278136,
      299.93876542389387,
      299.95202832411195,
      299.9709538656159,
      299.99351929324035,
      300.0181718267007,
      300.041558407618,
      300.06243391741697,
      300.0810282346419,
      300.09793165024064,
      300.11364839349426,
      300.1208169725479,
      300.1176354462996,
      300.10626961389795,
      300.0895164973164,
      300.06954656282636,
      300.04806376267976,
      300.0260324713808,
      300.0039267055601,
      299.9819812380576,
      299.96031996903974,
      299.95787151263255,
      299.97962236631855,
      300.02063088150715,
      300.0742763058413,
      300.13538937835006,
      300.2323587700207,
      300.3714062405794,
      300.542876837907,
      300.7348191894505,
      300.93805715205,
      301.17243039402763,
      301.44100741657667,
      301.73475270402207,
      302.04326082881903,
      302.3586868500164,
      302.68230854656616,
      303.01269098989957,
      303.346327804473,
      303.67993710735124,
      304.0112108957157,
      304.33126191758595,
      304.63732691933853,
      304.930957372022,
      305.2146052692181,
      305.4902904714992,
      305.7546899694759,
      306.00751126055394,
      306.2506475397726,
      306.48622145076445,
      306.71587116327015,
      306.94542103348306,
      307.17685268639065,
      307.4094338844522,
      307.6418635247019,
      307.87310772292915,
      308.10762147266837,
      308.3463709883426,
      308.5878171156493,
      308.8300781770156,
      309.0717327142009,
      309.3091376971046,
      309.5410403483335,
      309.76786355688023,
      309.99041797343756,
      310.20939063842184,
      310.42040369074743,
      310.6225096751667,
      310.8172134206291,
      311.0063853466342,
      311.1914796002179,
      311.37527663498804,
      311.55887545396934,
      311.74220029856804,
      311.9248750211704,
      312.10657606458017,
      312.29104832556,
      312.4792096483502,
      312.66995809336026,
      312.8618770887322,
      313.0538764651637,
      313.24134641987854,
      313.4228317618446,
      313.59910509477714,
      313.7713937846322,
      313.9406903519736,
      314.1013133536406,
      314.25202296255344,
      314.39475871493295,
      314.53192410683255,
      314.6653716403145,
      314.8034233762922,
      314.94870751924805,
      315.0998275265403,
      315.2545766332394,
      315.4111851803588,
      315.58465213681956,
      315.77849006804894,
      315.98800042110224,
      316.20723214197966,
      316.431593577966,
      316.65138478784354,
      316.8629843768766,
      317.0670224807157,
      317.2651775833647,
      317.4588909878109,
      317.6028818908319,
      317.6856439591638,
      317.71975033731957,
      317.7217216761661,
      317.7044121265849,
      317.6763234280452,
      300.0,
      299.99999850776686,
      299.99998934982824,
      299.9999586988264,
      299.99988424353603,
      299.9997384321235,
      299.99949506676217,
      299.99913596903644,
      299.9986547836143,
      299.9980571186583,
      299.9973600977451,
      299.9965931694042,
      299.9957987561874,
      299.99503071521445,
      299.99435024012536,
      299.99381948591775,
      299.99349435824575,
      299.99341871926066,
      299.9936215665209,
      299.99411726271205,
      299.9949048528532,
      299.9959648431989,
      299.9972563656522,
      299.9987181092748,
      300.00027363957247,
      300.00183937492494,
      300.00333278126953,
      300.0046789095968,
      300.00581445286724,
      300.00668942840696,
      300.0072744169545,
      300.00757505966664,
      300.0076449537047,
      300.00758785793124,
      300.0075475568211,
      300.00770253849805,
      300.0082735707213,
      300.0095328503033,
      300.01180072110486,
      300.015426603221,
      300.02077095067136,
      300.0281988928151,
      300.03807916104677,
      300.05077780545327,
      300.06664328740084,
      300.085989692239,
      300.1090846037657,
      300.13614271157763,
      300.16732328543685,
      300.2027297647413,
      300.24240821709384,
      300.2863443525847,
      300.3344627465282,
      300.3866316414352,
      300.4426733633807,
      300.50237603788486,
      300.5655033733023,
      300.6318026941815,
      300.7010127072355,
      300.77287146923135,
      300.84712568967643,
      300.9235407521634,
      301.00190845756407,
      301.0820501507819,
      301.1638150687858,
      301.2470775349898,
      301.3317354023604,
      301.41770861499526,
      301.504936179584,
      301.59337105878313,
      301.68297303550645,
      301.7737008347155,
      301.8655057379832,
      301.95832852669844,
      302.052099648871,
      302.14673976372745,
      302.24215905765374,
      302.33825664252214,
      302.4349221347811,
      302.5320395338671,
      302.6294931327624,
      302.72717410761936,
      302.82498573664753,
      302.9228461706005,
      303.0206884778135,
      303.1184604276536,
      303.21612527580544,
      303.31366218316873,
      303.41106490814786,
      303.5083383207966,
      303.60549226032026,
      303.7025338403376,
      303.7994608166508,
      303.89625852117393,
      303.992900465004,
      304.08934897966003,
      304.1855540241038,
      304.28145188705986,
      304.3769666280048,
      304.47201456584037,
      304.5665132682933,
      304.66039365288225,
      304.7536100927914,
      304.84614474729983,
      304.93800533317517,
      305.0292249177082,
      305.1198676367062,
      305.2100341203126,
      305.29985983350997,
      305.38950461718946,
      305.4791345598774,
      305.56890096966026,
      305.65892300125086,
      305.74927894390817,
      305.84000630822624,
      305.9310899700499,
      306.02243259028626,
      306.1138274757288,
      306.20495594684087,
      306.2954132427202,
      306.38475171405975
    ],
    "status": "success"
  }
}