{
  "final_status": "fail",
  "final_lambda": 390625.0,
  "final_reg_order": 1,
  "final_residual_norm": 36.19150768268576,
  "final_reg_norm": 2.1616363093671522e-07,
  "n_iterations": 9,
  "summary_notes": [
    "Completed in 9 iteration(s)"
  ],
  "final_config": {
    "parameterization_type": "piecewise_constant",
    "num_parameters": 24,
    "reg_order": 1,
    "lambda_strategy": "fixed",
    "lambda_value": 390625.0,
    "lambda_grid": null,
    "max_retries": 8,
    "physical_bounds": [
      -500000.0,
      500000.0
    ],
    "planner_notes": [
      "num_parameters=24 (\u2248 N_t/5)",
      "reg_order=1 (default first-difference smoothness)",
      "noise_std provided \u2192 using discrepancy principle for lambda",
      "lambda_value=1.0 supplied \u2192 strategy forced to 'fixed'",
      "physical_bounds=(-500000.0, 500000.0) applied",
      "iter0: lambda increased to 5.000e+00 (factor=5.0)",
      "iter1: lambda increased to 2.500e+01 (factor=5.0)",
      "iter2: lambda increased to 1.250e+02 (factor=5.0)",
      "iter3: lambda increased to 6.250e+02 (factor=5.0)",
      "iter4: lambda increased to 3.125e+03 (factor=5.0)",
      "iter5: lambda increased to 1.562e+04 (factor=5.0)",
      "iter6: lambda increased to 7.812e+04 (factor=5.0)",
      "iter7: lambda increased to 3.906e+05 (factor=5.0)"
    ],
    "stop_tolerance": 0.001,
    "iteration_budget": 12
  },
  "final_result": {
    "estimated_x": [
      30813.407831202963,
      30813.40783121167,
      30813.40783123149,
      30813.40783126216,
      30813.407831303182,
      30813.407831353492,
      30813.40783141175,
      30813.407831475863,
      30813.407831543514,
      30813.407831612483,
      30813.407831680754,
      30813.407831746747,
      30813.407831808887,
      30813.407831865956,
      30813.407831917128,
      30813.407831961802,
      30813.40783199976,
      30813.40783203084,
      30813.407832055127,
      30813.407832072957,
      30813.407832084926,
      30813.40783209187,
      30813.40783209508,
      30813.407832095934
    ],
    "fitted_y": [
      300.0,
      300.044768134471,
      300.1460537580539,
      300.2920862086304,
      300.4671384432741,
      300.65894750343165,
      300.85941047335865,
      301.06350530061616,
      301.2681977058418,
      301.47167765167313,
      301.6728807941462,
      301.8711985433644,
      302.06630304967706,
      302.2580407275961,
      302.44636659058233,
      302.6313031494207,
      302.8129143948536,
      302.99128909314845,
      303.1665300193856,
      303.3387469530514,
      303.50805214855757,
      303.67455737689096,
      303.83837210751545,
      303.9996023120707,
      304.15834982681173,
      304.3147119777796,
      304.4687814336719,
      304.6206462023396,
      304.770389723619,
      304.91809100244836,
      305.06382480854376,
      305.20766183754034,
      305.3496689509534,
      305.4899093670963,
      305.6284428625072,
      305.76532598738885,
      305.9006122390106,
      306.0343522421171,
      306.1665939293368,
      306.29738270407523,
      306.4267615841414,
      306.55477134712515,
      306.6814506722721,
      306.8068362455759,
      306.93096290340463,
      307.0538637183262,
      307.17557011996456,
      307.29611200184337,
      307.41551777218086,
      307.5338144607338,
      307.65102780637454,
      307.7671823289037,
      307.88230140261527,
      307.99640729658165,
      308.1095212552249,
      308.2216635526141,
      308.3328535660302,
      308.4431097987359,
      308.5524499395281,
      308.66089090127167,
      308.7684488699427,
      308.87513935191987,
      308.9809772160216,
      309.0859766952574,
      309.1901514428772,
      309.2935145674023,
      309.3960786606499,
      309.497855827509,
      309.5988577157169,
      309.6990954965922,
      309.79857995086024,
      309.89732145814384,
      309.9953300390001,
      310.09261534966606,
      310.1891867065799,
      310.2850530951392,
      310.38022321874325,
      310.47470550404853,
      310.5685080992164,
      310.6616388756652,
      310.75410546835536,
      310.8459152898019,
      310.93707553883183,
      311.0275932040877,
      311.1174750500146,
      311.20672766415265,
      311.2953574693969,
      311.38337071173703,
      311.47077347952415,
      311.55757169821624,
      311.64377112512335,
      311.72937741246346,
      311.8143960775857,
      311.8988324977162,
      311.9826919327279,
      312.0659795111284,
      312.14870027034505,
      312.2308591497191,
      312.3124609764933,
      312.39351047632107,
      312.4740122802727,
      312.55397094585385,
      312.6333909570055,
      312.7122766908247,
      312.7906324578501,
      312.86846248629786,
      312.94577094483185,
      313.0225619495699,
      313.0988395220464,
      313.1746076330014,
      313.24987018661625,
      313.3246310380294,
      313.39889399859055,
      313.4726628008304,
      313.5459411440001,
      313.6187326485318,
      313.69104092259676,
      313.7628695253231,
      313.8342219457774,
      313.90510165200783,
      313.97551204200084,
      300.0,
      300.0000174681028,
      300.00012467107473,
      300.00048347217904,
      300.001355046966,
      300.00308008036745,
      300.00604038871603,
      300.01061706145555,
      300.0171560556517,
      300.02594596195,
      300.03720770377254,
      300.0510936773121,
      300.0676928887973,
      300.0870394739803,
      300.109122298325,
      300.13389447662337,
      300.1612819783091,
      300.1911909996871,
      300.22351412059453,
      300.25813516667444,
      300.29493309078714,
      300.33378489808103,
      300.37456786169014,
      300.4171611446595,
      300.46144698398575,
      300.50731146479797,
      300.55464505282515,
      300.603342900916,
      300.6533050224411,
      300.70443634734227,
      300.75664665907726,
      300.80985052280636,
      300.8639671224995,
      300.91892012606746,
      300.9746374856866,
      301.031051266148,
      301.08809741540546,
      301.14571560868893,
      301.20384904182254,
      301.26244424205856,
      301.32145089292317,
      301.38082166606904,
      301.4405120443695,
      301.500480176541,
      301.56068672651065,
      301.6210947245353,
      301.6816694393392,
      301.7423782397425,
      301.8031904860656,
      301.86407743029156,
      301.92501207068824,
      301.98596909400754,
      302.0469247336107,
      302.1078567274314,
      302.1687442076285,
      302.22956761300964,
      302.29030864173893,
      302.35095013223304,
      302.4114760666636,
      302.4718714553561,
      302.5321222737341,
      302.59221544305257,
      302.6521387375662,
      302.711880770517,
      302.7714309345821,
      302.83077933181204,
      302.88991677538246,
      302.9488346985139,
      303.0075251824965,
      303.0659808761193,
      303.1241949448752,
      303.18216109723465,
      303.2398735005712,
      303.29732679867726,
      303.3545160609693,
      303.4114367439539,
      303.46808469823424,
      303.524456117715,
      303.58054755186345,
      303.6363558724303,
      303.691878224406,
      303.7471120452886,
      303.80205503530664,
      303.8567051504136,
      303.9110605970331,
      303.9651197619973,
      304.01888126859626,
      304.07234391527385,
      304.1255067001495,
      304.1783688105089,
      304.2309295474879,
      304.2831884083946,
      304.33514499738106,
      304.38679907798956,
      304.4381505503822,
      304.48919939704376,
      304.5399457388303,
      304.5903897736659,
      304.64053182558524,
      304.6903723114548,
      304.7399117006871,
      304.78915057654484,
      304.83808956082447,
      304.88672938041486,
      304.93507082526037,
      304.98311472033595,
      305.03086196768453,
      305.07831350613117,
      305.12547033230186,
      305.1723335146357,
      305.2189041215717,
      305.26518328810744,
      305.3111721579981,
