{
  "final_status": "weak_pass",
  "final_lambda": 9.211707177659636e-09,
  "final_reg_order": 0,
  "final_residual_norm": 15.490363179640152,
  "final_reg_norm": 199726.4004061698,
  "n_iterations": 1,
  "summary_notes": [
    "Completed in 1 iteration(s)"
  ],
  "final_config": {
    "parameterization_type": "piecewise_constant",
    "num_parameters": 24,
    "reg_order": 0,
    "lambda_strategy": "discrepancy",
    "lambda_value": 9.211707177659636e-09,
    "lambda_grid": null,
    "max_retries": 8,
    "physical_bounds": [
      -500000.0,
      500000.0
    ],
    "planner_notes": [
      "num_parameters=24 (\u2248 N_t/5)",
      "reg_order=0 (default first-difference smoothness)",
      "noise_std provided \u2192 using discrepancy principle for lambda",
      "physical_bounds=(-500000.0, 500000.0) applied"
    ],
    "stop_tolerance": 0.001,
    "iteration_budget": 12
  },
  "final_result": {
    "estimated_x": [
      44353.015783788724,
      54439.362563491566,
      58327.02067161905,
      57008.3790300773,
      53103.44142526196,
      40432.234900469906,
      38944.38123443013,
      29620.79901843537,
      23424.14205758776,
      23138.990869929574,
      24810.09734445187,
      36190.17363831236,
      46492.9989165339,
      54480.83949900054,
      53956.5091277515,
      51280.60119392516,
      48396.96701397617,
      45438.96382650804,
      34821.34670955139,
      30387.512039434747,
      25765.719644704863,
      17364.904894955987,
      13550.465641822431,
      9324.567563626686
    ],
    "fitted_y": [
      300.0,
      300.06443953832303,
      300.2102307109856,
      300.4204307518524,
      300.67240205501594,
      300.96314747444524,
      301.28484961405036,
      301.6264267322863,
      301.9783632366821,
      302.33403963763107,
      302.69491982446544,
      303.0599662811614,
      303.4262287914259,
      303.79090954438425,
      304.1520482019293,
      304.50653979502465,
      304.8532326914875,
      305.192325278467,
      305.52439542332024,
      305.84999901351904,
      306.16391515253963,
      306.4650183521942,
      306.7551019791153,
      307.0364193515855,
      307.31075624949807,
      307.5609406235601,
      307.7829717434185,
      307.98225542371426,
      308.16565759624814,
      308.33851473873756,
      308.502223747855,
      308.6584646043219,
      308.80920542504634,
      308.95608064753173,
      309.10023521846097,
      309.2288679720752,
      309.3388951408353,
      309.43417451136327,
      309.5196509682665,
      309.5991521037767,
      309.66620001490196,
      309.7199968524113,
      309.7638553381362,
      309.801501858411,
      309.8357331582805,
      309.8679524857906,
      309.899161238164,
      309.93012427987566,
      309.96136304063845,
      309.9931960583365,
      310.0282269845019,
      310.0671764092725,
      310.10943192550064,
      310.1541315603129,
      310.2005803437111,
      310.26483073121597,
      310.35090122051724,
      310.4542286087004,
      310.56885409778465,
      310.69013925623693,
      310.8299769310696,
      310.99037475692205,
      311.16622197694613,
      311.3515453218496,
      311.5418112288889,
      311.7456553943025,
      311.96429142757745,
      312.1935677650158,
      312.4287591747593,
      312.6663147846157,
      312.9031699774786,
      313.1377253251799,
      313.3693618943957,
      313.5978856831327,
      313.82326177912284,
      314.04162969047195,
      314.25202521117933,
      314.45554243132165,
      314.6536280569691,
      314.84743276670207,
      315.0335583438547,
      315.2114289397261,
      315.38249571123504,
      315.54847135183513,
      315.71067661576154,
      315.8657024677702,
      316.0129934410742,
      316.15404726533006,
      316.2906140153459,
      316.42403219661685,
      316.5397653136182,
      316.63432717232604,
      316.71212474191213,
      316.77879715008004,
      316.83870912103566,
      316.88829997777117,
      316.9276672224631,
      316.95958782818644,
      316.9869733881075,
      317.0119718062719,
      317.0292550527217,
      317.03790415936294,
      317.04017967078914,
      317.03872050131656,
      317.03551455335173,
      317.01963996864225,
      316.9886656600039,
      316.94624474920033,
      316.89690726844026,
      316.8441164718647,
      316.7845854201713,
      316.71822991518746,
      316.64730857005725,
      316.5742202067677,
      316.5007227422295,
      316.4217906561729,
      316.33646724155005,
      316.24672792294484,
      316.1549106926857,
      316.0627696033378,
      315.9714226187213,
      300.0,
      300.0000251436986,
      300.0001794523402,
      300.00069591293857,
      300.0019504632465,
      300.00443920527215,
      300.0087353845626,
      300.0154405251219,
      300.0251380919941,
      300.03835500523235,
      300.05553644738137,
      300.0770356445168,
      300.103114375248,
      300.1339491927858,
      300.1696393715624,
      300.2102147326797,
      300.2556428458648,
      300.3058365757254,
      300.36066289572614,
      300.4199525307226,
      300.4835076828306,
      300.5511063767795,
      300.6225057778523,
      300.6974470738103,
      300.7756625880187,
      300.85687665698373,
      300.9407977890862,
      301.027110095947,
      301.11547294970933,
      301.2055308565265,
      301.2969285845985,
      301.3893258843133,
      301.48240864917216,
      301.5758961220559,
      301.6695445125611,
      301.76314250945507,
      301.856498494754,
      301.9494271109167,
      302.0417423901808,
      302.13325948352355,
      302.2237985384682,
      302.31318595214145,
      302.4012543150845,
      302.48784425271,
      302.57280907626586,
      302.6560206350751,
      302.73737425102007,
      302.81679150652394,
      302.894220762572,
      302.9696358223655,
      303.0430342002541,
      303.1144358958979,
      303.1838816662911,
      303.2514301795315,
      303.3171537462548,
      303.3811399552397,
      303.44350094517375,
      303.5043824558315,
      303.56396486354123,
      303.62245408865357,
      303.68007238015076,
      303.7370550627923,
      303.79364942754563,
      303.8501100598829,
      303.9066887398876,
      303.9636261409136,
      304.0211498670853,
      304.07947535735076,
      304.1388049401147,
      304.1993229819906,
      304.2611887390251,
      304.3245296318399,
      304.38943693259216,
      304.45596509588347,
      304.52413414883125,
      304.59393265887394,
      304.66532000067065,
      304.7382288266297,
      304.81256929879294,
      304.88823511049293,
      304.96510863406417,
      305.04306386853057,
      305.121968276954,
      305.2016853722648,
      305.28207864958125,
      305.3630142935058,
      305.4443617109803,
      305.5259929761861,
      305.60778338287696,
      305.68961360295674,
      305.77136661097256,
      305.8529177967629,
      305.9341247760259,
      306.01482481867185,
      306.09484130284216,
      306.17399325227586,
      306.25210294412506,
      306.3290010215859,
      306.40453120958097,
      306.47855518421676,
      306.5509544628529,
      306.62162805077423,
      306.69048828040496,
      306.75745863581994,
      306.82247431077445,
      306.8854799157036,
      306.94642200447726,
      307.0052411284407,
      307.0618692816746,
      307.1162340280656,
      307.1682644868786,
      307.2178955375965,
      307.26507005286555,
      307.30974123749303,
      307.3518755882658,
      307.39145348391764,
      307.42846642884024,
      307.4629128889808,
      307.4947962620186,
      307.5241255687459,
      307.5509179266815
    ],
    "status": "success"
  }
}