{
  "final_status": "fail",
  "final_lambda": 1.0,
  "final_reg_order": 1,
  "final_residual_norm": 37.50746365837244,
  "final_reg_norm": 0.0859248212406456,
  "n_iterations": 1,
  "summary_notes": [
    "Completed in 1 iteration(s)"
  ],
  "final_config": {
    "parameterization_type": "piecewise_constant",
    "num_parameters": 24,
    "reg_order": 1,
    "lambda_strategy": "fixed",
    "lambda_value": 5.0,
    "lambda_grid": null,
    "max_retries": 1,
    "physical_bounds": null,
    "planner_notes": [
      "num_parameters=24 (\u2248 N_t/5)",
      "reg_order=1 (default first-difference smoothness)",
      "noise_std provided \u2192 using discrepancy principle for lambda",
      "lambda_value=1.0 supplied \u2192 strategy forced to 'fixed'",
      "iter0: lambda increased to 5.000e+00 (factor=5.0)"
    ],
    "stop_tolerance": 0.001,
    "iteration_budget": 1,
    "skip_verifier": false
  },
  "final_result": {
    "estimated_x": [
      32247.95827909486,
      32247.961253028774,
      32247.968025992213,
      32247.978502166552,
      32247.992491493853,
      32248.00969947184,
      32248.02980030305,
      32248.052273581794,
      32248.07662332684,
      32248.10230660259,
      32248.128723741458,
      32248.1552666163,
      32248.181256827997,
      32248.20606565276,
      32248.229142264725,
      32248.2500730979,
      32248.26851175265,
      32248.284161763317,
      32248.296804584363,
      32248.30641440668,
      32248.313070908363,
      32248.317063093735,
      32248.318949731194,
      32248.319468051086
    ],
    "fitted_y": [
      300.0,
      300.04685236182127,
      300.1528534436057,
      300.3056845877421,
      300.48888656236227,
      300.68962549836493,
      300.8994212414173,
      301.11301793103775,
      301.3272400222948,
      301.54019320845885,
      301.7507636029771,
      301.9583142845113,
      302.16250213714704,
      302.3631664214316,
      302.56026005363213,
      302.75380660592765,
      302.94387305107534,
      303.1305522832658,
      303.3139518566314,
      303.4941866571564,
      303.67137418281635,
      303.8456314117767,
      304.01707290356745,
      304.18580955569405,
      304.35194793959147,
      304.5155899335568,
      304.6768325247757,
      304.83576781042666,
      304.99248310538877,
      305.1470610854681,
      305.2995800258209,
      305.45011391816547,
      305.5987327274485,
      305.74550260395483,
      305.89048609866495,
      306.0337424216548,
      306.17532756602844,
      306.3152945028757,
      306.4536933838103,
      306.59057171652114,
      306.72597455076544,
      306.85994456813336,
      306.99252223716087,
      307.123745938171,
      307.25365211907206,
      307.38227542281356,
      307.5096487480405,
      307.63580336787976,
      307.7607689987503,
      307.88457391795475,
      308.0072450940453,
      308.1288081942399,
      308.249287668552,
      308.36870680802997,
      308.4870878350066,
      308.6044519988205,
      308.7208195847139,
      308.8362099448106,
      308.95064157657754,
      309.0641321690971,
      309.176698692481,
      309.2883573806581,
      309.39912378233765,
      309.5090127786241,
      309.6180386474835,
      309.72621513676216,
      309.8335554298112,
      309.94007218327295,
      310.04577757328815,
      310.1506832808638,
      310.254800615513,
      310.3581404449686,
      310.46071324531187,
      310.56252910944767,
      310.66359777790217,
      310.76392867866156,
      310.8635309246954,
      310.9624133249944,
      311.0605843953957,
      311.15805236506196,
      311.25482524566354,
      311.3509107986176,
      311.44631654910614,
      311.5410498008758,
      311.63511762565406,
      311.7285269355788,
      311.8212844557439,
      311.91339671545745,
      312.00487007783505,
      312.0957107377526,
      312.18592473487587,
      312.27551798707077,
      312.36449626251175,
      312.4528651817779,
      312.5406302444572,
      312.6277968285657,
      312.7143702079062,
      312.8003555471894,
      312.88575789311983,
      312.9705821874894,
      313.05483328426436,
      313.138515954361,
      313.22163488730797,
      313.304194660375,
      313.3861997821693,
      313.46765468198623,
      313.54856372326674,
      313.6289312118863,
      313.7087613545079,
      313.78805830525255,
      313.8668261519619,
      313.9450689295832,
      314.0227906260822,
      314.0999951468646,
      314.1766863628185,
      314.2528680634063,
      314.32854402492154,
      314.40371797207087,
      314.4783935562494,
      314.552574406957,
      314.6262640804623,
      300.0,
      300.0000182813486,
      300.00013047526704,
      300.0005059807323,
      300.0014181325956,
      300.0032234767339,
      300.006321605346,
      300.0111113499091,
      300.0179547739072,
      300.02715390365836,
      300.03893994794646,
      300.0534723979812,
      300.0708444038381,
      300.0910916905805,
      300.1142026053884,
      300.1401280803684,
      300.1687906385007,
      300.2000921090953,
      300.2339200710825,
      300.2701529416464,
      300.30866403833517,
      300.34932464031607,
      300.39200630723366,
      300.43658257664504,
      300.482930203175,
      300.5309299687331,
      300.58046723977714,
      300.63143228811055,
      300.683720472358,
      300.7372322966124,
      300.7918733444368,
      300.84755420371465,
      300.90419029618243,
      300.96170173628275,
      301.0200131221795,
      301.07905335610803,
      301.1387554042482,
      301.1990561335906,
      301.25989609563345,
      301.32121932839556,
      301.38297317309946,
      301.4451080982027,
      301.5075775142687,
      301.5703376218215,
      301.6333472536861,
      301.6965677191674,
      301.7599626702427,
      301.82349795676106,
      301.8871415127935,
      301.9508632521322,
      302.0146349161349,
      302.0784300132417,
      302.1422236705079,
      302.20599258961215,
      302.2697149313567,
      302.33337022400406,
      302.39693931379145,
      302.4604042402945,
      302.5237482400955,
      302.5869556257848,
      302.6500117199606,
      302.71290283507255,
      302.77561617628135,
      302.8381398267962,
      302.90046268553596,
      302.9625743937964,
      303.02446533709065,
      303.0861265498414,
      303.1475497447124,
      303.20872722827346,
      303.2696518478325,
      303.3303170189387,
      303.3907166374055,
      303.45084509764445,
      303.510697239494,
      303.5702683078833,
      303.6295539601709,
      303.688550212996,
      303.74725345511257,
      303.80566041255014,
      303.8637680972808,
      303.92157382738804,
      303.97907519591416,
      304.0362700635299,
      304.09315655302703,
      304.14973297598834,
      304.2059978914509,
      304.2619500417562,
      304.31758837821576,
      304.3729120501052,
      304.42792032583685,
      304.482612679118,
      304.53698869547003,
      304.59104812722325,
      304.6447908696815,
      304.69821690429234,
      304.75132635730864,
      304.80411943563536,
      304.8565964781582,
      304.9087579209114,
      304.9606042549135,
      305.01213609032766,
      305.0633540776422,
      305.1142589773296,
      305.1648516158509,
      305.215132856324,
      305.26510364251897,
      305.31476495669966,
      305.3641178416221,
      305.4131634151983,
      305.4619027953395,
      305.5103371696136,
      305.55846773475514,
      305.6062957498258,
      305.65382252704944,
      305.70104935298934,
      305.7479775930346,
      305.7946085905813,
      305.84094374768915,
      305.88698450125224,
      305.9327322643403
    ],
    "status": "success"
  }
}