{
  "final_status": "weak_pass",
  "final_lambda": 0.0757869381196803,
  "final_reg_order": 2,
  "final_residual_norm": 1.50855369344658,
  "final_reg_norm": 0.003311534218430187,
  "n_iterations": 1,
  "summary_notes": [
    "Completed in 1 iteration(s)"
  ],
  "final_config": {
    "parameterization_type": "piecewise_constant",
    "num_parameters": 24,
    "reg_order": 2,
    "lambda_strategy": "discrepancy",
    "lambda_value": 0.0757869381196803,
    "lambda_grid": null,
    "max_retries": 8,
    "physical_bounds": [
      -500000.0,
      500000.0
    ],
    "planner_notes": [
      "num_parameters=24 (\u2248 N_t/5)",
      "reg_order=2 (default first-difference smoothness)",
      "noise_std provided \u2192 using discrepancy principle for lambda",
      "physical_bounds=(-500000.0, 500000.0) applied"
    ],
    "stop_tolerance": 0.001,
    "iteration_budget": 12,
    "skip_verifier": false
  },
  "final_result": {
    "estimated_x": [
      1411.7240361062306,
      4738.214748699243,
      8064.705536319639,
      11391.19653402774,
      14717.687961140688,
      18044.18009363967,
      21370.673227652886,
      24697.167565066273,
      28023.663261994105,
      31350.160374531617,
      34676.65881811561,
      38003.15837465658,
      41329.658704463196,
      44656.15946497068,
      47982.660398441934,
      51309.16137208065,
      54635.66231341968,
      57962.16315548353,
      61288.66383768564,
      64615.164350460276,
      67941.66469943136,
      71268.164934813,
      74594.66514394572,
      77921.16536677531
    ],
    "fitted_y": [
      300.0,
      300.0020510633498,
      300.00669148968984,
      300.01338200317224,
      300.02140206536654,
      300.0350228320334,
      300.05514147954597,
      300.080257207541,
      300.1085331720766,
      300.13856258687383,
      300.1742549164263,
      300.2163085311193,
      300.2631101290779,
      300.3127594405993,
      300.36381564430445,
      300.42017229783954,
      300.4825231933558,
      300.5492575359757,
      300.6184819439768,
      300.6887651159553,
      300.76401163201257,
      300.84492705444836,
      300.9299126332272,
      301.0170869840059,
      301.10503055830037,
      301.1976593214068,
      301.2956897775801,
      301.3975336338504,
      301.5013194666405,
      301.6056371873173,
      301.71441173504337,
      301.8283681069049,
      301.9459260498044,
      302.0652217425897,
      302.184852285575,
      302.30874941686784,
      302.4376445651302,
      302.56996355628286,
      302.7038483221737,
      302.83790140865045,
      302.9760597102546,
      303.1190595390185,
      303.2653313490636,
      303.4130214568315,
      303.5607365665439,
      303.7124175209641,
      303.8688043794341,
      304.0283311558117,
      304.189147546152,
      304.34986346603716,
      304.51442281698365,
      304.68356856864744,
      304.8557375033439,
      305.02908195388704,
      305.2022143483325,
      305.3790809853794,
      305.56042712248876,
      305.74469172252697,
      305.9300292024234,
      306.1150539802031,
      306.3037142575231,
      306.496757113475,
      306.69262325362786,
      306.88946876368385,
      307.0859096580474,
      307.28589567123834,
      307.4901753529045,
      307.6971908196188,
      307.9050995140411,
      308.1125187506941,
      308.3233995163852,
      308.53849156507715,
      308.7562381757654,
      308.9747979080518,
      309.1927891546883,
      309.41416393909236,
      309.63967302002106,
      309.8677606466331,
      310.0965863161344,
      310.32476932509536,
      310.5562625742246,
      310.7918176713281,
      311.02987968954477,
      311.2686089242654,
      311.50662544561004,
      311.74788290470093,
      311.99313364133053,
      312.240823438747,
      312.4891132842577,
      312.7366239207615,
      312.9873096515139,
      313.2419234565808,
      313.49891174280475,
      313.75643610545535,
      314.0131178798735,
      314.2729119486129,
      314.5365718582291,
      314.80254457137744,
      315.0689922253122,
      315.3345366863339,
      315.603133356141,
      315.8755362919388,
      316.1501929582469,
      316.42526598139074,
      316.69937771000394,
      316.97648401714434,
      317.25733942531474,
      317.5403918576176,
      317.82380438837356,
      318.10619980810964,
      318.39153442393365,
      318.6805631868441,
      318.9717344429901,
      319.2632116810051,
      319.55361810160855,
      319.84691041304444,
      320.1438439658996,
      320.4428675007414,
      320.74214489194327,
      321.04029972350145,
      321.33645607493753,
      300.0,
      300.00000080030543,
      300.00000571183654,
      300.0000221503995,
      300.00006208181776,
      300.0001430004429,
      300.0002902012919,
      300.0005386174195,
      300.0009322943905,
      300.0015212337796,
      300.00235866162336,
      300.00350050400476,
      300.00500565929127,
      300.0069350421425,
      300.0093487717693,
      300.0123042569432,
      300.0158566600254,
      300.0200601862237,
      300.0249680644429,
      300.03063054012256,
      300.03709363130446,
      300.04440013207727,
      300.0525913245619,
      300.0617072806945,
      300.0717851059451,
      300.08285786691346,
      300.0949557262456,
      300.10810774016625,
      300.1223422219109,
      300.1376850190438,
      300.15415845885485,
      300.17178248943827,
      300.1905764740608,
      300.2105595453867,
      300.2317488672968,
      300.25415856472125,
      300.27780084085583,
      300.302687757103,
      300.32883156320685,
      300.3562429393205,
      300.3849299027975,
      300.41489891195613,
      300.4461566183962,
      300.4787101848156,
      300.51256550747524,
      300.5477261056629,
      300.5841942100961,
      300.62197249715126,
      300.6610643962634,
      300.70147229940096,
      300.7431964319702,
      300.7862359347845,
      300.83059058054806,
      300.8762610803346,
      300.92324727291447,
      300.9715469896085,
      301.02115712936467,
      301.0720753615364,
      301.12430043142245,
      301.17783033706195,
      301.2326611850003,
      301.28878826381384,
      301.34620773750305,
      301.4049169445571,
      301.46491257277904,
      301.52618950338467,
      301.5887418851122,
      301.65256481861957,
      301.7176546563408,
      301.7840071684063,
      301.85161638232995,
      301.92047565767507,
      301.99057936207487,
      302.06192317174214,
      302.134502233459,
      302.208309997641,
      302.2833392943891,
      302.35958400347175,
      302.43703935629554,
      302.51570009415957,
      302.5955592947874,
      302.6766094517769,
      302.75884413949484,
      302.8422583152991,
      302.9268464764302,
      303.0126014791511,
      303.0995156242311,
      303.18758231415643,
      303.2767963588766,
      303.3671521305645,
      303.458642375897,
      303.55125930803797,
      303.6449962563236,
      303.7398479765082,
      303.8358088023149,
      303.9328714539524,
      304.03102813324284,
      304.13027216872973,
      304.230598329923,
      304.33200097628827,
      304.4344728601658,
      304.53800622894624,
      304.6425944625403,
      304.74823239334216,
      304.8549144525493,
      304.96263346815874,
      305.0713817725008,
      305.1811528356403,
      305.2919415866579,
      305.4037425623478,
      305.51654869659086,
      305.6303524360072,
      305.7451473657482,
      305.86092853762545,
      305.97769061682,
      306.0954266639091,
      306.2141292599856,
      306.33379212387723,
      306.45441044677347,
      306.5759790379147,
      306.6984892133908
    ],
    "status": "success"
  }
}