{
  "final_status": "fail",
  "final_lambda": 1.0,
  "final_reg_order": 1,
  "final_residual_norm": 20.192617120330354,
  "final_reg_norm": 0.01583829504360782,
  "n_iterations": 1,
  "summary_notes": [
    "Completed in 1 iteration(s)"
  ],
  "final_config": {
    "parameterization_type": "piecewise_constant",
    "num_parameters": 24,
    "reg_order": 1,
    "lambda_strategy": "fixed",
    "lambda_value": 0.5,
    "lambda_grid": null,
    "max_retries": 1,
    "physical_bounds": null,
    "planner_notes": [
      "num_parameters=24 (\u2248 N_t/5)",
      "reg_order=1 (default first-difference smoothness)",
      "noise_std provided \u2192 using discrepancy principle for lambda",
      "lambda_value=1.0 supplied \u2192 strategy forced to 'fixed'",
      "iter0: lambda decreased to 5.000e-01 (factor=2.0)"
    ],
    "stop_tolerance": 0.001,
    "iteration_budget": 1
  },
  "final_result": {
    "estimated_x": [
      42115.495156421486,
      42115.49424253265,
      42115.49217479037,
      42115.48895883789,
      42115.48474354723,
      42115.47979376009,
      42115.47451450571,
      42115.46921515013,
      42115.46424656204,
      42115.45985558334,
      42115.45612404563,
      42115.452998035435,
      42115.45023999642,
      42115.44758744742,
      42115.44483007567,
      42115.441910509595,
      42115.438872450366,
      42115.4358287054,
      42115.432940167506,
      42115.4304546944,
      42115.42853082925,
      42115.427256003095,
      42115.42664017883,
      42115.42649528112
    ],
    "fitted_y": [
      300.0,
      300.0611886929483,
      300.1996249935609,
      300.39922086424895,
      300.6384807208881,
      300.9006436581186,
      301.174634681529,
      301.4535896943093,
      301.7333614705465,
      302.01147606743683,
      302.28647874623584,
      302.5575376909793,
      302.8242048005242,
      303.08627015668384,
      303.3436722731059,
      303.59644191322303,
      303.84466653814013,
      304.08846747424866,
      304.3279851953897,
      304.5633697485516,
      304.79477455683855,
      305.02235238678963,
      305.2462528622408,
      305.4666208266384,
      305.6835954706652,
      305.8973098126719,
      306.107890510245,
      306.3154578540543,
      306.5201258917032,
      306.7220026085501,
      306.9211901928839,
      307.11778526969715,
      307.3118792272265,
      307.5035584746779,
      307.69290471634736,
      307.87999523831303,
      308.06490315903363,
      308.24769767450186,
      308.42844430160267,
      308.60720509956747,
      308.7840388589971,
      308.95900131332405,
      309.13214533140234,
      309.3035210581357,
      309.47317610967826,
      309.6411556843033,
      309.8075027388801,
      309.97225813375036,
      310.13546069950183,
      310.297147382029,
      310.45735335676363,
      310.6161121364336,
      310.7734556706349,
      310.929414398645,
      311.0840173587231,
      311.23729225774383,
      311.3892655797948,
      311.53996261648444,
      311.6894075464552,
      311.8376234873637,
      311.98463255887367,
      312.1304559543893,
      312.2751139977862,
      312.41862614414094,
      312.5610110557284,
      312.7022866460183,
      312.8424701247918,
      312.9815780381317,
      313.11962630751185,
      313.2566302028719,
      313.3926044558858,
      313.5275632526688,
      313.66152029048806,
      313.7944887689022,
      313.9264814226585,
      314.05751052938615,
      314.18758798411136,
      314.3167253056475,
      314.44493363242157,
      314.57222372421245,
      314.6986060127604,
      314.82409062870835,
      314.9486874127489,
      315.0724059185623,
      315.19525539298263,
      315.3172448361739,
      315.438383026197,
      315.5586785014318,
      315.6781395850608,
      315.7967743772057,
      315.91459074351087,
      316.0315964087448,
      316.14779891533107,
      316.2632056144151,
      316.3778236963419,
      316.49166016785955,
      316.60472191357513,
      316.717015685727,
      316.8285480835333,
      316.9393255670069,
      317.0493544637099,
      317.15864100244323,
      317.2671913127531,
      317.375011378292,
      317.48210709146,
      317.5884842299894,
      317.69414849136746,
      317.79910550209803,
      317.9033607594895,
      318.006919691231,
      318.10978763294383,
      318.21196985373257,
      318.3134715632301,
      318.4142978633631,
      318.51445381047023,
      318.6139443528474,
      318.71277442211544,
      318.8109488829283,
      318.90847250417175,
      319.0053500259717,
      319.101586092666,
      300.0,
      300.0000238752495,
      300.0001703993298,
      300.00066080552756,
      300.0018520662904,
      300.0042098267901,
      300.0082559502342,
      300.0145113063221,
      300.02344874612453,
      300.03546271279066,
      300.0508551625008,
      300.06983438901636,
      300.0925220452475,
      300.1189647876147,
      300.149147397502,
      300.18300579258727,
      300.22043878850684,
      300.2613181751531,
      300.30549713154494,
      300.3528168715426,
      300.40311194892865,
      300.4562142553675,
      300.51195604879933,
      300.57017217027385,
      300.63070166228977,
      300.69338882693967,
      300.758083953681,
      300.8246437382823,
      300.89293151982775,
      300.9628173573285,
      301.0341779435409,
      301.10689650681206,
      301.1808625884361,
      301.2559718583175,
      301.3321258420591,
      301.409231686354,
      301.4872018453713,
      301.56595386768885,
      301.6454101138021,
      301.7254974975767,
      301.80614724685165,
      301.88729467361486,
      301.9688789322084,
      302.05084282062677,
      302.1331325746366,
      302.2156976642895,
      302.2984906191598,
      302.3814668392173,
      302.4645844463993,
      302.54780414815554,
      302.6310890387487,
      302.7144045202515,
      302.7977181086317,
      302.8809993762961,
      302.9642198012702,
      303.0473526475006,
      303.13037290021583,
      303.21325710313346,
      303.2959833632475,
      303.3785311928264,
      303.46088142323003,
      303.54301617857504,
      303.6249187488514,
      303.7065735707701,
      303.78796614636866,
      303.869082947252,
      303.9499114169855,
      304.03043984660576,
      304.11065741292396,
      304.1905540684038,
      304.27012047173616,
      304.34934802374795,
      304.4282287524891,
      304.5067553371719,
      304.58492103874704,
      304.6627196472365,
      304.7401454913085,
      304.8171933688505,
      304.89385856372667,
      304.9701368002938,
      305.046024176371,
      305.1215171895723,
      305.1966126966074,
      305.2713079037059,
      305.34560035943684,
      305.4194878589504,
      305.4929685205848,
      305.5660407020753,
      305.6387030340699,
      305.7109544057671,
      305.7827938619758,
      305.8542207156319,
      305.92523442570376,
      305.9958346690116,
      306.0660213091071,
      306.1357943220615,
      306.2051538730721,
      306.2741002326722,
      306.34263384376214,
      306.41075527612514,
      306.47846517136634,
      306.5457643267022,
      306.6126535920183,
      306.6791339608402,
      306.74520651287895,
      306.81087237572785,
      306.87613278231805,
      306.940989015856,
      307.00544243855126,
      307.0694945107686,
      307.1331466928749,
      307.1964005362107,
      307.25925760408825,
      307.32171954121657,
      307.38378806173193,
      307.4454648462559,
      307.5067516783529,
      307.56765031286034,
      307.62816258122405,
      307.68829036037585,
      307.74803549612585
    ],
    "status": "success"
  }
}