{
  "final_status": "weak_pass",
  "final_lambda": 6.741350437731557e-09,
  "final_reg_order": 0,
  "final_residual_norm": 15.654068601187983,
  "final_reg_norm": 200635.45631753452,
  "n_iterations": 1,
  "summary_notes": [
    "Completed in 1 iteration(s)"
  ],
  "final_config": {
    "parameterization_type": "piecewise_constant",
    "num_parameters": 24,
    "reg_order": 0,
    "lambda_strategy": "discrepancy",
    "lambda_value": 6.741350437731557e-09,
    "lambda_grid": null,
    "max_retries": 8,
    "physical_bounds": [
      -500000.0,
      500000.0
    ],
    "planner_notes": [
      "num_parameters=24 (\u2248 N_t/5)",
      "reg_order=0 (default first-difference smoothness)",
      "noise_std provided \u2192 using discrepancy principle for lambda",
      "physical_bounds=(-500000.0, 500000.0) applied"
    ],
    "stop_tolerance": 0.001,
    "iteration_budget": 12,
    "skip_verifier": false
  },
  "final_result": {
    "estimated_x": [
      6449.149756967965,
      5739.786641025072,
      11694.289277088854,
      14014.476665794084,
      17462.798905374515,
      12609.771387537408,
      24184.495728645757,
      24092.425503233713,
      24866.197606379425,
      28495.53353130852,
      29252.61470265688,
      38850.11148072499,
      45381.67752401157,
      50420.848069983964,
      47995.794360516804,
      47666.99981818256,
      51771.13925043822,
      59471.17560352539,
      58505.06797059313,
      64946.05889619347,
      67836.50505728638,
      60088.86539047277,
      49632.93430678394,
      26663.330288720947
    ],
    "fitted_y": [
      300.0,
      300.009369830339,
      300.0305685941464,
      300.06113272870454,
      300.0977706131832,
      300.13688503045836,
      300.17650958066855,
      300.21586413946443,
      300.2546756977998,
      300.2928477290578,
      300.33899517742134,
      300.3953767712433,
      300.4597191373806,
      300.5289926451411,
      300.6008426394766,
      300.67709295330917,
      300.757678749268,
      300.84114947903385,
      300.92599369492143,
      301.0111048014858,
      301.100787073295,
      301.1959352225605,
      301.29499438946556,
      301.3960792284443,
      301.4977603315512,
      301.5920643814013,
      301.67658821300233,
      301.7528703842708,
      301.823218246032,
      301.8894817505868,
      301.96972558324984,
      302.06915813598766,
      302.1838588833599,
      302.3082395290108,
      302.4379018233047,
      302.5698077718569,
      302.7021322653754,
      302.8338396156718,
      302.9643478563369,
      303.09333281146706,
      303.2217451235398,
      303.3497968730327,
      303.47716502281685,
      303.6034613895801,
      303.72840573698886,
      303.85710783865943,
      303.9908729138968,
      304.1282895156109,
      304.2675123847067,
      304.4071230083,
      304.54730334529484,
      304.6877925242961,
      304.82798847300205,
      304.9673368144114,
      305.10545571016485,
      305.25606214389614,
      305.42269600139934,
      305.6016390466069,
      305.7879818389009,
      305.9779183715181,
      306.178442245744,
      306.390515705995,
      306.6107388136563,
      306.835256189052,
      307.06117942104885,
      307.293964683675,
      307.5344077820822,
      307.77993237458463,
      308.0276068786019,
      308.2752436796726,
      308.51792006966735,
      308.7538813949853,
      308.983588852144,
      309.2080388797779,
      309.4280908364822,
      309.6438807695966,
      309.85570369868117,
      310.0639783057315,
      310.269085893319,
      310.47132113452125,
      310.67686544200143,
      310.88744849026097,
      311.1016315087794,
      311.31742514620873,
      311.5332854436896,
      311.7593985114535,
      311.99810141864964,
      312.24611218459944,
      312.4993181533416,
      312.7545674376552,
      313.0084012108072,
      313.2592000851979,
      313.50659928977956,
      313.75067599010447,
      313.99159180038197,
      314.2388532142718,
      314.4950396954717,
      314.7577955765881,
      315.0239261923354,
      315.2909532311152,
      315.56146199606405,
      315.8355801971484,
      316.1116410577032,
      316.3878591501858,
      316.6629266220896,
      316.92476163633125,
      317.16992922253223,
      317.40112824205954,
      317.6221871189454,
      317.8361447069147,
      318.02985160400505,
      318.20061721684203,
      318.35324925683074,
      318.4935996591695,
      318.62616223980694,
      318.72053445867175,
      318.7698114273078,
      318.7839016537316,
      318.77521837642365,
      318.7533203465176,
      318.72449774714414,
      300.0,
      300.00000365601915,
      300.0000260932654,
      300.00010118921284,
      300.00028360708615,
      300.000644249037,
      300.00126136427633,
      300.002210987498,
      300.0035595138453,
      300.00535950128267,
      300.00765177426723,
      300.0104734212357,
      300.01386638448304,
      300.01788163609353,
      300.0225775941522,
      300.0280160375826,
      300.0342585086067,
      300.0413636290063,
      300.0493846055827,
      300.0583665503155,
      300.0683459849451,
      300.07935331285614,
      300.0914160764019,
      300.1045604675475,
      300.11881032735306,
      300.1341817907867,
      300.1506746026387,
      300.1682646309015,
      300.1869015341067,
      300.20651218329317,
      300.2270143542333,
      300.24833889028326,
      300.27044987062516,
      300.2933534140283,
      300.31709332035575,
      300.34173799884474,
      300.36736482469945,
      300.3940465805329,
      300.4218421702218,
      300.45079176928624,
      300.48091599614025,
      300.5122179797044,
      300.5446866737344,
      300.57830010175206,
      300.6130278681851,
      300.6488350077603,
      300.68568771611183,
      300.7235585312852,
      300.76242850466616,
      300.80228582168616,
      300.84312259954964,
      300.88493169602623,
      300.9277041907792,
      300.97142760668646,
      301.01608465900796,
      301.06165798162266,
      301.1081415998071,
      301.1555520602794,
      301.20393218657483,
      301.2533457974731,
      301.3038704534853,
      301.35559332489777,
      301.40860870482686,
      301.4630139347475,
      301.518902603655,
      301.57635945597923,
      301.63545962981084,
      301.6962699086512,
      301.75884882632374,
      301.82324428705937,
      301.889488448801,
      301.957591383118,
      302.02753636004894,
      302.09927902488647,
      302.1727504158658,
      302.24786231019976,
      302.3245131879649,
      302.40259364721413,
      302.4819909967452,
      302.56259280033356,
      302.6442917808692,
      302.72699257170376,
      302.8106173415863,
      302.895107602279,
      302.9804216442739,
      303.06653358650505,
      303.1534368716641,
      303.24114795089605,
      303.32970540428255,
      303.4191632103599,
      303.50958009078255,
      303.601008289552,
      303.69348464707866,
      303.7870258168946,
      303.88162731269625,
      303.9772690279872,
      304.0739264959782,
      304.1715819296323,
      304.2702299273446,
      304.3698763563729,
      304.47053437302793,
      304.57222109310266,
      304.6749549562531,
      304.7787530443877,
      304.8836277089828,
      304.98957879545844,
      305.0965817569022,
      305.20457754271405,
      305.313470215623,
      305.423132938267,
      305.5334133061363,
      305.6441332520707,
      305.75508780444915,
      305.8660492693767,
      305.97677810397465,
      306.0870243814269,
      306.19651399914426,
      306.30493301335144,
      306.41192616401315,
      306.5171131482987,
      306.62011557986733
    ],
    "status": "success"
  }
}