{
  "final_status": "weak_pass",
  "final_lambda": 4.388400196433951e-08,
  "final_reg_order": 1,
  "final_residual_norm": 1.5455223262947329,
  "final_reg_norm": 14641.885199016084,
  "n_iterations": 1,
  "summary_notes": [
    "Completed in 1 iteration(s)"
  ],
  "final_config": {
    "parameterization_type": "piecewise_constant",
    "num_parameters": 24,
    "reg_order": 1,
    "lambda_strategy": "discrepancy",
    "lambda_value": 4.388400196433951e-08,
    "lambda_grid": null,
    "max_retries": 8,
    "physical_bounds": [
      -500000.0,
      500000.0
    ],
    "planner_notes": [
      "num_parameters=24 (\u2248 N_t/5)",
      "reg_order=1 (default first-difference smoothness)",
      "noise_std provided \u2192 using discrepancy principle for lambda",
      "physical_bounds=(-500000.0, 500000.0) applied"
    ],
    "stop_tolerance": 0.001,
    "iteration_budget": 1,
    "skip_verifier": false
  },
  "final_result": {
    "estimated_x": [
      4459.801882721978,
      5588.152556484973,
      7774.67082245715,
      10729.218691294895,
      14092.966743363562,
      17570.309552953364,
      21040.416301899953,
      24495.3494858778,
      27866.650274131887,
      31168.813675555233,
      34503.46556378179,
      37864.797472623846,
      41202.99358329682,
      44537.84591448485,
      47947.57049202009,
      51328.61780694009,
      54749.07258735983,
      58184.12094648606,
      61620.17861268144,
      64991.13948740831,
      67898.39580454743,
      70147.52644135668,
      71503.36621854575,
      71936.52090469324
    ],
    "fitted_y": [
      300.0,
      300.0064795497952,
      300.02113920111395,
      300.04227531827405,
      300.06761163582513,
      300.0970126214381,
      300.12973574124965,
      300.1646230966736,
      300.20065961328254,
      300.23713425899075,
      300.27677301083185,
      300.32013761640815,
      300.3662342668,
      300.413858460503,
      300.4620945327041,
      300.5146410712441,
      300.57226555670985,
      300.6336312690129,
      300.69711500542263,
      300.7614821182434,
      300.8308181801696,
      300.90592043362165,
      300.985221701338,
      301.06684774820195,
      301.1493782797446,
      301.23694526314006,
      301.33031868284314,
      301.4278481494641,
      301.52758052860185,
      301.62804085835046,
      301.73331820255146,
      301.84416293172677,
      301.95892039180046,
      302.07564007105657,
      302.19285235675494,
      302.3146306971973,
      302.44172653668466,
      302.57249800026096,
      302.70500926604507,
      302.83780356685435,
      302.9748434349595,
      303.1168572585321,
      303.2622427043088,
      303.40911335171427,
      303.556051792672,
      303.70694768447703,
      303.8625218647421,
      304.0212114911991,
      304.1811748906004,
      304.3410293399308,
      304.5047355771316,
      304.6730428134998,
      304.8443866451152,
      305.0169164364637,
      305.1892421229305,
      305.365358950336,
      305.54602444922244,
      305.7296636893341,
      305.9144129790073,
      306.0988726959556,
      306.28699878648865,
      306.4795370756743,
      306.67492036672894,
      306.8712967395366,
      307.0672763711484,
      307.26681739020444,
      307.4706692778185,
      307.6772696586582,
      307.8847709968159,
      308.09178692287094,
      308.3023869996284,
      308.5173513426663,
      308.7350906859545,
      308.9537207362203,
      309.171826618402,
      309.39341770849,
      309.619252069553,
      309.84774503516707,
      310.0770235151769,
      310.30568237740636,
      310.5377951967238,
      310.7741397880928,
      311.01311970148487,
      311.2528441009726,
      311.4918939819905,
      311.73435522421096,
      311.9810060294648,
      312.23024158727765,
      312.48016229109805,
      312.72934288605967,
      312.9818669592596,
      313.23851111690084,
      313.49766931041955,
      313.7574412504169,
      314.0164015251747,
      314.27853936916773,
      314.54460703504776,
      314.8130239564059,
      315.0819237658503,
      315.34990769590667,
      315.6203091495141,
      315.89371493602056,
      316.168728788651,
      316.4437255765906,
      316.7174940507477,
      316.9925353704615,
      317.26926235803177,
      317.5465768116052,
      317.8232174942209,
      318.09825168241025,
      318.373065402212,
      318.64784347372233,
      318.92189642280914,
      319.1944586235574,
      319.46497557854053,
      319.7337400136455,
      320.00073648603654,
      320.2657179830604,
      320.5284418896607,
      320.78874989357035,
      321.0465629171506,
      300.0,
      300.00000252825896,
      300.00001804436215,
      300.0000699757113,
      300.0001961237472,
      300.0004464374223,
      300.00087882566436,
      300.0015543727276,
      300.0025327149103,
      300.0038680973348,
      300.00560771646326,
      300.00779271320044,
      300.0104601234634,
      300.01364398895697,
      300.01737496306896,
      300.02168060905854,
      300.0265874441106,
      300.03212320861394,
      300.0383174692001,
      300.0452000382101,
      300.0528000157108,
      300.06114691337456,
      300.0702722951871,
      300.0802098109417,
      300.09099303173593,
      300.1026539765825,
      300.1152239370178,
      300.1287349916432,
      300.14322002405186,
      300.1587105828925,
      300.1752354640773,
      300.1928216258703,
      300.211495826712,
      300.2312848069475,
      300.252213326993,
      300.2743029321269,
      300.29757301443425,
      300.3220425955133,
      300.3477306232002,
      300.37465412136305,
      300.4028269978343,
      300.43226108841014,
      300.4629678895787,
      300.4949588709604,
      300.5282436970321,
      300.56282910393753,
      300.59871997241953,
      300.635921065026,
      300.67443736845405,
      300.7142723747905,
      300.75542704394286,
      300.7979009882242,
      300.8416942772159,
      300.8868078102764,
      300.93324155036163,
      300.98099343136244,
      301.03006048670403,
      301.0804405967084,
      301.1321328084278,
      301.1851354921381,
      301.2394451635192,
      301.2950575263074,
      301.3519691434985,
      301.4101777168412,
      301.4696802454348,
      301.5304718615689,
      301.59254690572885,
      301.6559006175616,
      301.7205294441287,
      301.7864292057531,
      301.8535939830867,
      301.9220172926018,
      301.99169385715265,
      302.0626199359001,
      302.13479143757405,
      302.2082026891503,
      302.2828474689761,
      302.3587206539605,
      302.43581848307684,
      302.5141366581043,
      302.59366915758943,
      302.6744093712775,
      302.7563518383068,
      302.8394925647615,
      302.9238271306534,
      303.00934947480295,
      303.09605301478695,
      303.18393235286374,
      303.27298357887844,
      303.36320235136196,
      303.45458265558915,
      303.54711791822456,
      303.6408026967762,
      303.7356329894237,
      303.8316043168961,
      303.92871044875443,
      304.02694444937237,
      304.1263003015687,
      304.2267732078204,
      304.3283577186081,
      304.431046280201,
      304.5348298195655,
      304.6396989136415,
      304.745644001293,
      304.85265383105224,
      304.96071421307624,
      305.06980843043965,
      305.1799181653705,
      305.2910238152505,
      305.4031035053099,
      305.5161321367055,
      305.6300815258132,
      305.74492090797025,
      305.8606172985447,
      305.9771351442259,
      306.09443583641956,
      306.21247773096354,
      306.33121631961444,
      306.45060466921524,
      306.5705936992227,
      306.6911323906015
    ],
    "status": "success"
  }
}