{
  "final_status": "weak_pass",
  "solver_name": "tsvd",
  "final_lambda": 0.01,
  "final_reg_order": 1,
  "final_residual_norm": 1.324616201102584,
  "final_reg_norm": 40828.57589652451,
  "n_iterations": 1,
  "summary_notes": [
    "Completed in 1 iteration(s)"
  ],
  "final_config": {
    "parameterization_type": "piecewise_constant",
    "num_parameters": 24,
    "reg_order": 1,
    "lambda_strategy": "fixed",
    "lambda_value": 0.01,
    "lambda_grid": null,
    "max_retries": 1,
    "physical_bounds": null,
    "planner_notes": [
      "num_parameters=24 (\u2248 N_t/5)",
      "reg_order=1 (default first-difference smoothness)",
      "noise_std provided \u2192 using discrepancy principle for lambda",
      "lambda_strategy overridden to 'fixed' from config",
      "lambda_value=0.01 supplied \u2192 strategy forced to 'fixed'",
      "solver_name='tsvd' from config overrides"
    ],
    "stop_tolerance": 0.001,
    "iteration_budget": 1,
    "skip_verifier": false,
    "solver_name": "tsvd"
  },
  "final_result": {
    "estimated_x": [
      -3176.933377164596,
      11225.56297696629,
      3914.975549406916,
      12497.645644034674,
      14910.957439811718,
      19507.45792249255,
      18794.94749534092,
      25904.814968200062,
      29438.806986883556,
      28977.639640695368,
      34941.19497898643,
      37422.37118663794,
      44648.518643223535,
      38083.035346504694,
      54583.62004763107,
      46992.715246181666,
      55768.807451663924,
      60727.279450624614,
      53025.826399718986,
      73278.63371404965,
      63104.02088257363,
      72231.16674189575,
      76295.60976891304,
      76883.86829701919
    ],
    "fitted_y": [
      300.0,
      299.9953843021385,
      299.98494152086784,
      299.9698852385857,
      299.95183694967096,
      299.95298606836667,
      299.97965979362573,
      300.02687418164106,
      300.08759109657956,
      300.15626532908846,
      300.2185978314222,
      300.26951642238527,
      300.3104292812019,
      300.3442375056354,
      300.37335768384105,
      300.4118950493283,
      300.4641538955998,
      300.5274946132243,
      300.5979344512872,
      300.67230944747877,
      300.7520316174943,
      300.8367300948648,
      300.92471103214604,
      301.0142895817651,
      301.10424547160954,
      301.2004797545801,
      301.30428100583174,
      301.4136290276377,
      301.52603643670193,
      301.63960756574164,
      301.7520777435342,
      301.86243305749315,
      301.9705166188528,
      302.07645538659864,
      302.1804128671439,
      302.2928567999871,
      302.41660773589115,
      302.5490390735902,
      302.6865983240931,
      302.8265238190561,
      302.9721423383885,
      303.12370013910794,
      303.27920095933877,
      303.4364740675132,
      303.5939152054491,
      303.7498297099774,
      303.9034327209991,
      304.0545572424358,
      304.20325874723335,
      304.3496398840478,
      304.5024652524907,
      304.6640990377434,
      304.83234515721665,
      305.0042359268528,
      305.17746971371565,
      305.3541512531324,
      305.53431953039086,
      305.716501277086,
      305.89913860108373,
      306.0810939715008,
      306.27214895287966,
      306.4746414833044,
      306.68558493795314,
      306.90118197698825,
      307.11851837092985,
      307.3261591153817,
      307.5204523831028,
      307.70323869936794,
      307.87749689450357,
      308.0456466922605,
      308.2333032302372,
      308.44780943666797,
      308.6835295701349,
      308.9324722123492,
      309.188355905566,
      309.43600867664026,
      309.66998630111294,
      309.891667069128,
      310.10403578234616,
      310.30960720096914,
      310.5228548898751,
      310.74823175611385,
      310.98308982319304,
      311.2234065696756,
      311.4659952514986,
      311.715965363466,
      311.97393252612807,
      312.2372564918328,
      312.50298452788917,
      312.76891710074034,
      313.0224530185875,
      313.2598111078882,
      313.48345200415764,
      313.6970483115556,
      313.903542210317,
      314.13434303375607,
      314.39843738152524,
      314.68888577019123,
      314.99585980505907,
      315.31163137635036,
      315.61631524577325,
      315.9028857258389,
      316.1733463614676,
      316.4317833471652,
      316.68161026515315,
      316.9384144211115,
      317.20716109003735,
      317.48530066293125,
      317.76877418577044,
      318.0543435563582,
      318.34578226708817,
      318.64334265880734,
      318.94471353311957,
      319.24739189118867,
      319.54953077212963,
      319.85080667359256,
      320.15074476322553,
      320.4487273809646,
      320.7442492549581,
      321.03698522072955,
      321.3267584625691,
      300.0,
      299.9999981989982,
      299.9999871461247,
      299.99995015290375,
      299.9998602915341,
      299.9996906013807,
      299.9994354961493,
      299.9991313378804,
      299.9988645336788,
      299.9987645720178,
      299.99898299233035,
      299.9996650657931,
      300.00092491441694,
      300.0028319424428,
      300.00540973512295,
      300.0086486308687,
      300.0125275868954,
      300.0170352231974,
      300.0221816997674,
      300.0279995515446,
      300.03453822079587,
      300.04185723910626,
      300.050019983346,
      300.05908809037,
      300.06911646706305,
      300.08015188868194,
      300.0922359660398,
      300.10540925972543,
      300.11971305573894,
      300.1351876964044,
      300.15186833206917,
      300.16977991131665,
      300.1889333068155,
      300.2093236732901,
      300.23093099031485,
      300.2537261937371,
      300.27768260240117,
      300.30278684340203,
      300.32904368589317,
      300.3564735841416,
      300.38510745776887,
      300.41498251994267,
      300.44613917611645,
      300.47861760671697,
      300.5124534996072,
      300.547673415833,
      300.5842907550503,
      300.62230328675435,
      300.6616926926034,
      300.7024258380784,
      300.74446053341114,
      300.78775562320465,
      300.83228050588934,
      300.87801952625193,
      300.92497015356,
      300.9731385455621,
      301.0225356489801,
      301.0731741727589,
      301.1250657013244,
      301.178217487177,
      301.2326335212239,
      301.28832107974745,
      301.34529777745075,
      301.40359396220333,
      301.4632490181149,
      301.52430015679505,
      301.5867664292962,
      301.65063497870005,
      301.71585540868955,
      301.78234297814134,
      301.8499970475559,
      301.9187321599428,
      301.98850664391614,
      302.05933538446897,
      302.13128397070466,
      302.2044462840647,
      302.27891368888055,
      302.35474770325476,
      302.43196485672524,
      302.5105349073418,
      302.59039356341,
      302.67146512287246,
      302.7536843409369,
      302.83700902664646,
      302.9214212594574,
      303.00692347380635,
      303.09353477157345,
      303.18128744882466,
      303.2702222046843,
      303.3603814496109,
      303.45179770691954,
      303.54447825016956,
      303.6383924410155,
      303.7334678023096,
      303.8295953673506,
      303.9266524809464,
      304.0245403364747,
      304.1232181026691,
      304.22271756364563,
      304.3231349851003,
      304.42460230366714,
      304.52724767223367,
      304.63116045138395,
      304.7363720106884,
      304.84285383829825,
      304.9505330918777,
      305.0593194674356,
      305.1691310424354,
      305.27990980439023,
      305.3916244679661,
      305.5042665721497,
      305.6178456189013,
      305.73238413353033,
      305.84791209533233,
      305.96446033199766,
      306.0820543077356,
      306.20070975260444,
      306.32043009902736,
      306.4412056812094,
      306.56301393850856,
      306.68582031913496
    ],
    "status": "success"
  }
}