{
  "final_status": "fail",
  "final_lambda": 1.0,
  "final_reg_order": 1,
  "final_residual_norm": 22.24310132156835,
  "final_reg_norm": 0.027536217508815287,
  "n_iterations": 1,
  "summary_notes": [
    "Completed in 1 iteration(s)"
  ],
  "final_config": {
    "parameterization_type": "piecewise_constant",
    "num_parameters": 24,
    "reg_order": 1,
    "lambda_strategy": "fixed",
    "lambda_value": 0.5,
    "lambda_grid": null,
    "max_retries": 1,
    "physical_bounds": null,
    "planner_notes": [
      "num_parameters=24 (\u2248 N_t/5)",
      "reg_order=1 (default first-difference smoothness)",
      "noise_std provided \u2192 using discrepancy principle for lambda",
      "lambda_value=1.0 supplied \u2192 strategy forced to 'fixed'",
      "iter0: lambda decreased to 5.000e-01 (factor=2.0)"
    ],
    "stop_tolerance": 0.001,
    "iteration_budget": 1
  },
  "final_result": {
    "estimated_x": [
      35422.7032905648,
      35422.70376124789,
      35422.70474193611,
      35422.706031875954,
      35422.70732220283,
      35422.70823972964,
      35422.7083968479,
      35422.70743566765,
      35422.70506445292,
      35422.70110066856,
      35422.69549648697,
      35422.68834134883,
      35422.67986069821,
      35422.67040247231,
      35422.66040596757,
      35422.65035232511,
      35422.64073714832,
      35422.63201596929,
      35422.624569045125,
      35422.61866375719,
      35422.614412710296,
      35422.61177121681,
      35422.61050116108,
      35422.610159608535
    ],
    "fitted_y": [
      300.0,
      300.05146488025355,
      300.1679015500121,
      300.33577860521814,
      300.53701643655774,
      300.75751770291214,
      300.98796739517076,
      301.22259222529084,
      301.45790402391606,
      301.69182199483726,
      301.92312258301786,
      302.1511061615199,
      302.3753958381171,
      302.59581505234985,
      302.8123120878561,
      303.02491282435614,
      303.23369082512335,
      303.43874813414305,
      303.6402028996287,
      303.83818132214026,
      304.03281244944446,
      304.2242247723245,
      304.4125441348659,
      304.5978923599893,
      304.78038651680765,
      304.96013849107675,
      305.1372548136876,
      305.3118366568719,
      305.4839799414674,
      305.6537754901466,
      305.8213092571969,
      305.98666251333015,
      306.1499121215495,
      306.3111307567002,
      306.47038713704893,
      306.62774627054773,
      306.78326965659,
      306.9370154931004,
      307.08903888331366,
      307.2393920227995,
      307.38812436110413,
      307.53528277489283,
      307.6809117303499,
      307.8250534025089,
      307.96774783980715,
      308.10903305694626,
      308.2489451839213,
      308.3875185877128,
      308.5247859282239,
      308.6607782801899,
      308.79552522564774,
      308.9290549507909,
      309.06139432896066,
      309.19256896350265,
      309.3226032791057,
      309.4515205737386,
      309.5793431215027,
      309.706092196815,
      309.83178813847445,
      309.95645039232926,
      310.0800975552296,
      310.2027474510873,
      310.3244171768611,
      310.4451230993763,
      310.56488091783496,
      310.683705690226,
      310.80161188976024,
      310.91861343651203,
      311.03472372587186,
      311.1499556042612,
      311.2643214531458,
      311.3778332025734,
      311.49050237678506,
      311.6023400820816,
      311.71335703276526,
      311.823563546472,
      311.9329696263391,
      312.0415849643376,
      312.1494189331451,
      312.2564805859076,
      312.36277868845696,
      312.46832176010696,
      312.57311808115156,
      312.67717569106,
      312.7805023702237,
      312.8831056815381,
      312.98499300691316,
      313.0861715308699,
      313.186648257414,
      313.2864300020595,
      313.3855233748712,
      313.4839348721178,
      313.58167084009244,
      313.6787374645827,
      313.77514079540305,
      313.87088672162974,
      313.96598103313596,
      314.060429411015,
      314.1542374079278,
      314.2474104588912,
      314.33995388310007,
      314.43187291907606,
      314.5231727235955,
      314.613858330897,
      314.7039346980722,
      314.7934066830725,
      314.8822790777404,
      314.97055661522313,
      315.05824392009004,
      315.1453455581101,
      315.2318660162704,
      315.3178097262379,
      315.40318107011916,
      315.48798433945876,
      315.57222378733303,
      315.65590357550155,
      315.73902785184646,
      315.82160070803786,
      315.9036261551926,
      315.98510818019525,
      316.06605068932475,
      300.0,
      300.0000200811097,
      300.00014332028815,
      300.0005557934923,
      300.0015577448261,
      300.0035408213714,
      300.0069439543486,
      300.01220523935706,
      300.0197223842606,
      300.02982714921467,
      300.042773504993,
      300.0587366443363,
      300.0778188876879,
      300.1000594770888,
      300.12544561243146,
      300.15392339509,
      300.18540772047965,
      300.2197907530792,
      300.25694900405034,
      300.2967489208445,
      300.33905134922384,
      300.3837148958854,
      300.4305984755996,
      300.47956317575455,
      300.5304736175138,
      300.5831988458033,
      300.6376129414298,
      300.69359537345184,
      300.7510311985208,
      300.8098111253141,
      300.8698314420467,
      300.93099393391515,
      300.99320569583784,
      301.0563789774114,
      301.12043095336674,
      301.18528352624116,
      301.2508630626026,
      301.3171002138434,
      301.38392967858164,
      301.45128998519925,
      301.5191232904873,
      301.5873751863444,
      301.6559944964069,
      301.7249331089248,
      301.79414580359855,
      301.8635900804284,
      301.93322601272394,
      302.00301608803164,
      302.07292508329505,
      302.1429199500861,
      302.2129696474815,
      302.2830450756143,
      302.3531189125736,
      302.42316556607926,
      302.49316104663285,
      302.5630828668424,
      302.6329099870543,
      302.7026226784283,
      302.7722025269653,
      302.8416323006175,
      302.910895876804,
      302.9799782202588,
      303.0488652763091,
      303.1175439547666,
      303.18600206147244,
      303.254228217759,
      303.3222118624603,
      303.389943147203,
      303.4574129686233,
      303.5246128757495,
      303.5915350116126,
      303.6581721434473,
      303.7245175660363,
      303.79056512184565,
      303.85630914263794,
      303.9217444051782,
      303.986866139285,
      304.0516699694329,
      304.116151928847,
      304.1803084212507,
      304.2441361644908,
      304.30763221268336,
      304.3707939219793,
      304.4336189425091,
      304.4961052123474,
      304.5582508769748,
      304.6200543537089,
      304.68151426122597,
      304.74262944774995,
      304.80339897897505,
      304.86382205148686,
      304.9238980873967,
      304.9836266316474,
      305.04300741241843,
      305.1020403149534,
      305.16072531914256,
      305.2190625639547,
      305.27705227696026,
      305.3346948307092,
      305.3919907044765,
      305.4489404379519,
      305.5055447017132,
      305.5618042106415,
      305.6177198004349,
      305.67329237928465,
      305.72852289565947,
      305.7834123866302,
      305.8379619315563,
      305.89217267624787,
      305.946045849074,
      305.99958267840816,
      306.0527844691422,
      306.1056525362386,
      306.1581882631223,
      306.2103930916128,
      306.26226843534135,
      306.313815794523,
      306.36503664521064,
      306.41593252789045,
      306.4665050213053,
      306.5167556780206
    ],
    "status": "success"
  }
}