{
  "final_status": "weak_pass",
  "final_lambda": 9.211707177659636e-09,
  "final_reg_order": 0,
  "final_residual_norm": 7.620412774276038,
  "final_reg_norm": 158334.2133744083,
  "n_iterations": 1,
  "summary_notes": [
    "Completed in 1 iteration(s)"
  ],
  "final_config": {
    "parameterization_type": "piecewise_constant",
    "num_parameters": 24,
    "reg_order": 0,
    "lambda_strategy": "discrepancy",
    "lambda_value": 9.211707177659636e-09,
    "lambda_grid": null,
    "max_retries": 8,
    "physical_bounds": [
      -500000.0,
      500000.0
    ],
    "planner_notes": [
      "num_parameters=24 (\u2248 N_t/5)",
      "reg_order=0 (default first-difference smoothness)",
      "noise_std provided \u2192 using discrepancy principle for lambda",
      "physical_bounds=(-500000.0, 500000.0) applied"
    ],
    "stop_tolerance": 0.001,
    "iteration_budget": 12,
    "skip_verifier": false
  },
  "final_result": {
    "estimated_x": [
      3493.070908005294,
      9584.763604311593,
      13347.929065297669,
      22362.649451385336,
      33229.96258668871,
      40208.9633145958,
      41252.41134956818,
      40037.07242775808,
      36644.56566988555,
      34478.09027360279,
      38086.67853491857,
      42899.39286669793,
      43047.0816253065,
      38261.71727335256,
      37143.43629369562,
      35073.42206989558,
      38264.37800803225,
      40220.463999400374,
      37428.39443157311,
      34874.93965489809,
      23346.252797358557,
      14166.576723131042,
      7938.058934863706,
      2150.8669873060717
    ],
    "fitted_y": [
      300.0,
      300.00507500724956,
      300.01655695261167,
      300.03311148976417,
      300.0529557689678,
      300.0835501245227,
      300.1262987971252,
      300.17830546044576,
      300.2361169665753,
      300.29710378673803,
      300.36501076924816,
      300.44021100378694,
      300.5206299375362,
      300.6039716157356,
      300.6885228794511,
      300.7862736653431,
      300.8999904560832,
      301.0258387770799,
      301.1589992493399,
      301.2957711520184,
      301.4495238449027,
      301.6229220413619,
      301.81094071892755,
      302.00753192086,
      302.20809583235297,
      302.41977724581164,
      302.6434131859781,
      302.8752661051393,
      303.11116541447075,
      303.34800676391455,
      303.5853154437509,
      303.82230099198154,
      304.0578904968068,
      304.2911928963514,
      304.5216260766491,
      304.7470990474561,
      304.9669974299608,
      305.18174362582226,
      305.3919818647179,
      305.5982583904979,
      305.79604840948514,
      305.98435256525397,
      306.1646879165273,
      306.33896018100234,
      306.5086632067627,
      306.671664690556,
      306.8278001793749,
      306.97832929813273,
      307.12464665025846,
      307.26781433739234,
      307.413788865973,
      307.5644073504979,
      307.7185890726629,
      307.8746879396387,
      308.03140003797387,
      308.1948609829849,
      308.36638448048757,
      308.5438268001419,
      308.724558559741,
      308.90657124498773,
      309.08876885072834,
      309.2704075342097,
      309.45095894499633,
      309.63007773496304,
      309.8075580397487,
      309.97633627484254,
      310.1345373251424,
      310.28397638632754,
      310.42710609656746,
      310.56585495036603,
      310.6998887877377,
      310.8295978164106,
      310.95591934532814,
      311.0797448991931,
      311.2017242950802,
      311.31927737411456,
      311.431885652996,
      311.540510196786,
      311.6463151499628,
      311.75019292164905,
      311.8573680904618,
      311.9694234721162,
      312.08536279528215,
      312.20369146300465,
      312.32321938805694,
      312.4459959775162,
      312.57227306524123,
      312.7010024829882,
      312.8310037405799,
      312.96138856247336,
      313.08752044779004,
      313.20797774814463,
      313.32361332840605,
      313.4357271000869,
      313.54535932866804,
      313.6494968393484,
      313.74760418590415,
      313.84092773534985,
      313.9309387906833,
      314.0187589631853,
      314.08837705151404,
      314.1358566916366,
      314.1658818265063,
      314.1845057588311,
      314.1964178519736,
      314.191372350034,
      314.16778169193805,
      314.13030538623997,
      314.0843134622673,
      314.03385867615566,
      313.972530781521,
      313.8995686853665,
      313.8183068734568,
      313.73247355201,
      313.6448490911112,
      313.54881361890057,
      313.44323325490467,
      313.3309328986167,
      313.21519844757125,
      313.09849388311056,
      312.98239798199086,
      300.0,
      300.00000198021974,
      300.0000141329678,
      300.0000548073946,
      300.0001536108943,
      300.00035261758444,
      300.0007093985005,
      300.00129915308287,
      300.0022127331378,
      300.0035502073819,
      300.0054142357236,
      300.0079062622974,
      300.01112453679195,
      300.0151618789781,
      300.0201023103036,
      300.0260223835457,
      300.03299899152836,
      300.0411178460024,
      300.0504762264924,
      300.06117834491806,
      300.0733323187109,
      300.087053516476,
      300.10246924559385,
      300.11971802383306,
      300.1389416337452,
      300.1602770026973,
      300.18385281708635,
      300.2097888305458,
      300.23819391691796,
      300.26916136136646,
      300.3027634145917,
      300.339047397878,
      300.3780340609704,
      300.4197178682955,
      300.4640685349344,
      300.5110327522309,
      300.560535714855,
      300.61248309795275,
      300.66676413302264,
      300.72325571776895,
      300.781825036918,
      300.84232976107734,
      300.90461777725045,
      300.96852879414615,
      301.0338983157728,
      301.10056170306007,
      301.1683567155566,
      301.2371250203954,
      301.3067139220131,
      301.3769786911138,
      301.4477871164223,
      301.519025964586,
      301.59060619465833,
      301.66246432757157,
      301.73455947766945,
      301.80687041303565,
      301.879395059775,
      301.9521503481218,
      302.02516973556976,
      302.098497562476,
      302.17218189999863,
      302.2462678754802,
      302.32079262812846,
      302.39578243182234,
      302.47125156207943,
      302.54719984080634,
      302.62360802793876,
      302.7004339869435,
      302.7776130002609,
      302.85506253252566,
      302.9326890871595,
      303.0103947346222,
      303.08808224540894,
      303.16565911623695,
      303.24304054275655,
      303.32015026331624,
      303.3969191899201,
      303.4732832274496,
      303.5491821497143,
      303.6245599224418,
      303.69936781000786,
      303.7735697940855,
      303.84714717886175,
      303.92009999504376,
      303.9924446384812,
      304.06421020527677,
      304.135435572501,
      304.2061668818212,
      304.2764548384931,
      304.34635140544987,
      304.41590481707664,
      304.48515345870413,
      304.5541207909739,
      304.6228136765704,
      304.6912241497296,
      304.75933197973853,
      304.82710634316766,
      304.8945070387254,
      304.9614867715066,
      305.0279946456057,
      305.093973647296,
      305.15935042409086,
      305.2240248431408,
      305.28786779633305,
      305.3507289276473,
      305.4124452728496,
      305.47284496321976,
      305.5317485657347,
      305.5889733892917,
      305.6443421631941,
      305.6976902732452,
      305.74886803194437,
      305.797740033508,
      305.8441857323021,
      305.8881025568491,
      305.9294070689681,
      305.9680319580604,
      306.00392142414665,
      306.0370290670751,
      306.06731932979403,
      306.09477110490224
    ],
    "status": "success"
  }
}