{
  "final_status": "weak_pass",
  "final_lambda": 1.035589364917839e-09,
  "final_reg_order": 0,
  "final_residual_norm": 1.5790330598696154,
  "final_reg_norm": 167501.35119628388,
  "n_iterations": 1,
  "summary_notes": [
    "Completed in 1 iteration(s)"
  ],
  "final_config": {
    "parameterization_type": "piecewise_constant",
    "num_parameters": 24,
    "reg_order": 0,
    "lambda_strategy": "discrepancy",
    "lambda_value": 1.035589364917839e-09,
    "lambda_grid": null,
    "max_retries": 8,
    "physical_bounds": [
      -500000.0,
      500000.0
    ],
    "planner_notes": [
      "num_parameters=24 (\u2248 N_t/5)",
      "reg_order=0 (default first-difference smoothness)",
      "noise_std provided \u2192 using discrepancy principle for lambda",
      "physical_bounds=(-500000.0, 500000.0) applied"
    ],
    "stop_tolerance": 0.001,
    "iteration_budget": 12,
    "skip_verifier": false
  },
  "final_result": {
    "estimated_x": [
      1938.055469001883,
      2488.845295970066,
      10095.828285059522,
      20642.042922436594,
      36287.52003994836,
      43970.08243255927,
      49876.55247356997,
      40772.462082068,
      31977.28327315218,
      31790.572056239216,
      37606.543075646136,
      47980.49640845059,
      48987.05621161785,
      42391.667260779526,
      32415.57306083753,
      30889.179676147385,
      38434.728040530965,
      48546.77561697703,
      46522.11228044699,
      38213.70316395067,
      24410.635128958507,
      9941.357245304556,
      2960.6603697261994,
      2272.883849658439
    ],
    "fitted_y": [
      300.0,
      300.00281575891654,
      300.0091862700198,
      300.0183711998739,
      300.02938137254205,
      300.0422457214738,
      300.05666462154,
      300.07211180245287,
      300.08811529772055,
      300.104342061944,
      300.1316323334229,
      300.1727586570338,
      300.22474032208424,
      300.2836527392131,
      300.34644666676866,
      300.42643462186004,
      300.52639630364337,
      300.64155683720037,
      300.7660922857894,
      300.8955500725494,
      301.0497458244717,
      301.2328540935398,
      301.43783063322905,
      301.65606806607445,
      301.8809895735139,
      302.1194583579309,
      302.3717713784041,
      302.63343349824856,
      302.8996232904866,
      303.1667849933025,
      303.4412265771233,
      303.72384504818405,
      304.0116166829513,
      304.30112080790354,
      304.58982039731126,
      304.8628818234087,
      305.1158980628058,
      305.35184031489274,
      305.5751112782425,
      305.7892483669622,
      305.98387622838777,
      306.1571899705115,
      306.3135432933295,
      306.4580753843692,
      306.5947251909105,
      306.7258415099995,
      306.8530105171016,
      306.97733949840546,
      307.0995743165377,
      307.2202024241449,
      307.3479886143614,
      307.48535416343685,
      307.6302099056175,
      307.77967435912865,
      307.93149045811373,
      308.0992392601488,
      308.28595433233977,
      308.4871176487239,
      308.6971047801511,
      308.9115946968726,
      309.12921301797485,
      309.3485954984294,
      309.56831074948366,
      309.78723023413363,
      310.0046020496379,
      310.21038902060866,
      310.401821219675,
      310.5812892847174,
      310.75210863433125,
      310.916900855185,
      311.0629319369358,
      311.1875157253339,
      311.2951652489421,
      311.3914176327597,
      311.48053111771304,
      311.56310228979277,
      311.64030505704125,
      311.7137960621757,
      311.78500638358423,
      311.85493741117034,
      311.93518848423696,
      312.0290222060274,
      312.13378143752976,
      312.24574064258275,
      312.36196104987675,
      312.4951761790846,
      312.6480148062864,
      312.81585960622266,
      312.99308612553267,
      313.1753844512965,
      313.3569773905163,
      313.53533616829634,
      313.71017245427566,
      313.8818868358537,
      314.0509145131048,
      314.2055071770828,
      314.3427166991773,
      314.4658681867771,
      314.5793118292066,
      314.686438877752,
      314.76944958210316,
      314.8244948569549,
      314.857719076041,
      314.8767040880369,
      314.8872752446973,
      314.872246378175,
      314.82847783989376,
      314.7629347274355,
      314.6838602039987,
      314.59751663031733,
      314.49785368561265,
      314.3847206155758,
      314.2622782965919,
      314.13495706145403,
      314.00602008046036,
      313.87655508543907,
      313.7475454113934,
      313.61996080674584,
      313.4945279095303,
      313.3716945762384,
      313.2516936146724,
      300.0,
      300.0000010986824,
      300.000007841374,
      300.00003040870723,
      300.0000852277098,
      300.0001940385135,
      300.0003821478603,
      300.0006764181235,
      300.00110327730545,
      300.00168696661757,
      300.00245251860764,
      300.0034341721681,
      300.0046836671657,
      300.0062727870732,
      300.0082888855755,
      300.01083197757566,
      300.0140178151744,
      300.0179819102935,
      300.02287794298456,
      300.0288689133177,
      300.03612305534926,
      300.0448200630352,
      300.05515930604673,
      300.0673597457956,
      300.08164883624477,
      300.0982493157889,
      300.11737093603506,
      300.1392061055615,
      300.1639255914415,
      300.1916725691669,
      300.22255962094664,
      300.25667117310917,
      300.2940683552552,
      300.334792198576,
      300.37886359138076,
      300.4262760250249,
      300.4769824123199,
      300.53088400021824,
      300.58782853851534,
      300.647618734258,
      300.7100221952049,
      300.7747771774221,
      300.8415967838726,
      300.91017638936233,
      300.9802054480594,
      301.0513811460509,
      301.1234206296838,
      301.1960696457776,
      301.2691071329188,
      301.3423462660377,
      301.4156362137374,
      301.4888661085272,
      301.56196772920777,
      301.6349133391104,
      301.7077080860427,
      301.7803851906801,
      301.8530076734961,
      301.9256710596011,
      301.9985005000671,
      302.07164050226,
      302.14524113321,
      302.21944515033147,
      302.29437832901755,
      302.37014358651527,
      302.4468181707502,
      302.52444963210195,
      302.603049386371,
      302.682587904202,
      302.7629959936639,
      302.84417248412086,
      302.9259901081062,
      303.0082954385582,
      303.0909075507656,
      303.17362183171286,
      303.25622031131803,
      303.3384847353029,
      303.42020825127076,
      303.50120374394515,
      303.58130907849187,
      303.66038975186996,
      303.7383437370535,
      303.81510964886877,
      303.8906729482093,
      303.96506531406726,
      304.03835636946343,
      304.11064655527866,
      304.1820660000273,
      304.252774618828,
      304.32295751292827,
      304.3928139396247,
      304.4625417241856,
      304.5323211545001,
      304.60230244741234,
      304.67259952060033,
      304.74328968400187,
      304.8144128333646,
      304.88596745072556,
      304.9579075222007,
      305.03014569071547,
      305.10256325258086,
      305.17501620544334,
      305.24733251970446,
      305.31930765404167,
      305.39070753133103,
      305.4612810635081,
      305.5307698968415,
      305.5989086860179,
      305.66542207466074,
      305.7300276379749,
      305.79244729659627,
      305.8524194012968,
      305.90970567611305,
      305.96409395943914,
      306.01540077471503,
      306.06347529145745,
      306.1082032714222,
      306.1495093858912,
      306.18735694433303,
      306.2217456581942,
      306.25270793303906,
      306.28030430780075
    ],
    "status": "success"
  }
}