{
  "final_status": "weak_pass",
  "final_lambda": 1.859622832800086e-06,
  "final_reg_order": 2,
  "final_residual_norm": 15.580957372862292,
  "final_reg_norm": 2394.9817731942817,
  "n_iterations": 1,
  "summary_notes": [
    "Completed in 1 iteration(s)"
  ],
  "final_config": {
    "parameterization_type": "piecewise_constant",
    "num_parameters": 24,
    "reg_order": 2,
    "lambda_strategy": "discrepancy",
    "lambda_value": 1.859622832800086e-06,
    "lambda_grid": null,
    "max_retries": 8,
    "physical_bounds": [
      -500000.0,
      500000.0
    ],
    "planner_notes": [
      "num_parameters=24 (\u2248 N_t/5)",
      "reg_order=2 (default first-difference smoothness)",
      "noise_std provided \u2192 using discrepancy principle for lambda",
      "physical_bounds=(-500000.0, 500000.0) applied"
    ],
    "stop_tolerance": 0.001,
    "iteration_budget": 12,
    "skip_verifier": false
  },
  "final_result": {
    "estimated_x": [
      -10355.509641688583,
      -5449.936867493548,
      -478.8742779716213,
      4666.4514411502805,
      10100.633123051335,
      15880.348777803038,
      21951.462167359725,
      28099.947299494983,
      34024.75426109201,
      39418.16184178255,
      44031.78494904686,
      47708.36633415571,
      50375.28844009618,
      52059.053886131325,
      52878.71800599037,
      53021.511662250894,
      52683.52530384608,
      52025.085691350774,
      51160.10956312269,
      50173.43122996335,
      49113.302216079755,
      48015.58642531663,
      46914.775144785046,
      45821.898305131246
    ],
    "fitted_y": [
      300.0,
      299.984954703787,
      299.95091548756915,
      299.9018381359752,
      299.8430080606529,
      299.7856736934683,
      299.7344287220623,
      299.6890869949529,
      299.6481644622075,
      299.61031713229823,
      299.58183504422374,
      299.56401870413407,
      299.5545962919892,
      299.55079404864233,
      299.5504792910437,
      299.55971586852706,
      299.57958183233194,
      299.6075678816179,
      299.64071414870546,
      299.6767679063006,
      299.72214558763204,
      299.77800435938275,
      299.8417164979998,
      299.9101807752599,
      299.98104407346636,
      300.06116839322317,
      300.15181775775113,
      300.25022743983067,
      300.35312664724046,
      300.4580383032152,
      300.5721741405089,
      300.6968720324949,
      300.82924167222114,
      300.96586303153515,
      301.1041505455172,
      301.2513637133761,
      301.4088368058816,
      301.57363680280065,
      301.7423029916112,
      301.9122247967555,
      302.0903261425615,
      302.2778552955846,
      302.4719700089083,
      302.6693325301589,
      302.8674319547476,
      303.0724905154916,
      303.28560216175543,
      303.50416147949807,
      303.72512664846295,
      303.9462171827748,
      304.1726773193871,
      304.40540298019727,
      304.6421499232318,
      304.8803152526327,
      305.11795593419396,
      305.359178373902,
      305.6046613575089,
      305.85260494517127,
      306.10093756505796,
      306.3481217478199,
      306.5970634533063,
      306.8482214215259,
      307.10028095280865,
      307.35174500532105,
      307.60151245733994,
      307.85134577332855,
      308.101503440477,
      308.35115003314473,
      308.59935030333264,
      308.8454277591189,
      309.0901650545161,
      309.33365854930514,
      309.5755007245995,
      309.81525240306894,
      310.05260998713413,
      310.2876131430789,
      310.5202445283522,
      310.75043799315426,
      310.9781448057452,
      311.2033527770277,
      311.42558919408043,
      311.6447634666673,
      311.8610544905345,
      312.07469046901485,
      312.2858640720962,
      312.4937661150998,
      312.69825838086035,
      312.8996819179986,
      313.09844696282534,
      313.29487941224676,
      313.4879523761093,
      313.677494740288,
      313.86394907493997,
      314.0478395556768,
      314.22957439389205,
      314.40799938155476,
      314.5829230310019,
      314.7548455662186,
      314.92435547709675,
      315.09190634170056,
      315.25626313767617,
      315.41721843442605,
      315.5753038778872,
      315.731143629965,
      315.88521569567416,
      316.03624329844587,
      316.1840093389047,
      316.3290593789426,
      316.47203332782254,
      316.6134190403119,
      316.75193913566864,
      316.8873750692708,
      317.0202707827136,
      317.1512635186599,
      317.28083736525167,
      317.4077219452153,
      317.53169680109903,
      317.65329775783175,
      317.77315292476635,
      317.8917382564518,
      318.0093642793423,
      300.0,
      299.9999941294675,
      299.9999581015989,
      299.99983751875664,
      299.99954460726957,
      299.9989676535919,
      299.9979898457283,
      299.99650887828705,
      299.99445006475264,
      299.991770657042,
      299.9884600121858,
      299.9845392454512,
      299.98005963215763,
      299.97509777980474,
      299.96974756450044,
      299.96411351885536,
      299.9583082443833,
      299.95245153456773,
      299.9466678901172,
      299.94108142034315,
      299.93581244130934,
      299.9309781007068,
      299.92669435505485,
      299.92307577479005,
      299.9202320764694,
      299.9182660774821,
      299.91727555183644,
      299.9173562322972,
      299.9186022570967,
      299.921102950126,
      299.9249409212453,
      299.9301941539143,
      299.9369392523065,
      299.9452519627143,
      299.95520384372725,
      299.9668601566719,
      299.9802818203605,
      299.9955285574411,
      300.012659384814,
      300.0317292503279,
      300.0527867856026,
      300.07587599453444,
      300.10103919252543,
      300.1283174850018,
      300.1577476174691,
      300.189359785147,
      300.22317905249133,
      300.2592279972443,
      300.29752723530544,
      300.3380927149301,
      300.38093377624045,
      300.4260543131993,
      300.4734550739168,
      300.5231342453761,
      300.57508534574447,
      300.6292956522223,
      300.6857471339641,
      300.7444183462432,
      300.80528505874724,
      300.8683187993133,
      300.933485701287,
      301.00074719298226,
      301.0700614368028,
      301.14138396926376,
      301.21466686235607,
      301.2898580053951,
      301.3669015764934,
      301.44573903822425,
      301.5263097362508,
      301.6085506197188,
      301.69239592323794,
      301.77777745815064,
      301.8646252049966,
      301.9528678547248,
      302.0424329440522,
      302.13324685845055,
      302.2252350042348,
      302.3183220568098,
      302.4124324108429,
      302.5074905755098,
      302.603421385201,
      302.70015005048657,
      302.79760211974354,
      302.8957038120124,
      302.994382526745,
      303.09356714655553,
      303.193187955432,
      303.29317637521035,
      303.3934651575536,
      303.49398893116177,
      303.5946845195956,
      303.69549074334975,
      303.79634798260906,
      303.89719825107244,
      303.9979857473468,
      304.09865716237147,
      304.1991614218622,
      304.2994491236603,
      304.39947254127367,
      304.4991861699473,
      304.59854701183303,
      304.6975142704654,
      304.7960487123536,
      304.8941126182575,
      304.991670326232,
      305.08868850576204,
      305.1851358445232,
      305.2809823628618,
      305.3761993587649,
      305.470759934838,
      305.56463928909426,
      305.65781440978657,
      305.7502633940626,
      305.84196538069705,
      305.9329010792679,
      306.0230530476175,
      306.11240538137065,
      306.2009430405401,
      306.28865176919936,
      306.3755186229563,
      306.46153283815636
    ],
    "status": "success"
  }
}