{
  "final_status": "fail",
  "final_lambda": 0.20835888428887428,
  "final_reg_order": 1,
  "final_residual_norm": 37.203427036631076,
  "final_reg_norm": 0.14196407190958085,
  "n_iterations": 9,
  "summary_notes": [
    "Completed in 9 iteration(s)"
  ],
  "final_config": {
    "parameterization_type": "piecewise_constant",
    "num_parameters": 24,
    "reg_order": 1,
    "lambda_strategy": "fixed",
    "lambda_value": 0.20835888428887428,
    "lambda_grid": null,
    "max_retries": 8,
    "physical_bounds": [
      -500000.0,
      500000.0
    ],
    "planner_notes": [
      "num_parameters=24 (\u2248 N_t/5)",
      "reg_order=1 (default first-difference smoothness)",
      "noise_std provided \u2192 using discrepancy principle for lambda",
      "physical_bounds=(-500000.0, 500000.0) applied",
      "iter0: lambda increased to 2.667e-06 (factor=5.0)",
      "iter1: lambda increased to 1.333e-05 (factor=5.0)",
      "iter2: lambda increased to 6.667e-05 (factor=5.0)",
      "iter3: lambda increased to 3.334e-04 (factor=5.0)",
      "iter4: lambda increased to 1.667e-03 (factor=5.0)",
      "iter5: lambda increased to 8.334e-03 (factor=5.0)",
      "iter6: lambda increased to 4.167e-02 (factor=5.0)",
      "iter7: lambda increased to 2.084e-01 (factor=5.0)"
    ],
    "stop_tolerance": 0.001,
    "iteration_budget": 12,
    "skip_verifier": false
  },
  "final_result": {
    "estimated_x": [
      35761.01763398775,
      35761.01878437547,
      35761.021266953685,
      35761.02394245754,
      35761.02557090441,
      35761.024693640415,
      35761.02034809001,
      35761.01053325882,
      35760.99434455853,
      35760.971296755684,
      35760.94119216572,
      35760.904483546816,
      35760.86150949689,
      35760.81340484915,
      35760.76207067799,
      35760.71039909091,
      35760.66122939386,
      35760.616802049844,
      35760.57864834391,
      35760.54831907841,
      35760.52617489169,
      35760.51200083068,
      35760.50518783147,
      35760.50352872156
    ],
    "fitted_y": [
      300.0,
      300.0519564098534,
      300.1695051402911,
      300.3389855518317,
      300.54214536084254,
      300.7647525866233,
      300.997403254745,
      301.23426893751974,
      301.47182815051866,
      301.70798022404296,
      301.9414899191457,
      302.17165092736684,
      302.39808275622994,
      302.62060715818444,
      302.8391719223194,
      303.05380317711587,
      303.264575188707,
      303.4715909750024,
      303.6749698118333,
      303.8748391044755,
      304.07132913328627,
      304.2645696161221,
      304.45468759871267,
      304.6418060672352,
      304.8260432087302,
      305.0075119748218,
      305.1863199131051,
      305.3625691627425,
      305.5363565615972,
      305.707773800484,
      305.8769076485546,
      306.0438401513035,
      306.20864890774345,
      306.37140728923674,
      306.5321846722294,
      306.6910466739318,
      306.8480553784966,
      307.0032695435263,
      307.1567448033266,
      307.30853385565996,
      307.4586866047328,
      307.60725037115276,
      307.7542700519565,
      307.899788232551,
      308.043845349661,
      308.1864797571803,
      308.32772792524116,
      308.46762455771943,
      308.6062026369742,
      308.743493542563,
      308.87952710878204,
      309.01433178491317,
      309.1479347121972,
      309.2803617520821,
      309.4116375728623,
      309.541785658913,
      309.6708284899308,
      309.7987875571974,
      309.9256834101862,
      310.0515356929446,
      310.17636313805025,
      310.3001837314526,
      310.4230147494267,
      310.5448727343008,
      310.66577354977,
      310.78573235106404,
      310.90476374064093,
      311.02288178957747,
      311.1401000427348,
      311.25643148553445,
      311.37188856833365,
      311.4864833257696,
      311.6002274115903,
      311.7131320612561,
      311.8252081088462,
      311.9364659214828,
      312.0469155887876,
      312.1565669150548,
      312.26542938579627,
      312.3735121581987,
      312.48082403580014,
      312.5873736110083,
      312.69316926213514,
      312.7982191276458,
      312.9025310789326,
      313.00611271007637,
      313.10897146627565,
      313.21111461786404,
      313.31254925580373,
      313.41328227572836,
      313.5133203159188,
      313.6126699286663,
      313.7113375357185,
      313.80932939917477,
      313.90665163948705,
      314.0033101747348,
      314.0993108455611,
      314.19465939921713,
      314.2893614550951,
      314.38342251027944,
      314.4768479152205,
      314.56964295533476,
      314.66181284540215,
      314.7533626777272,
      314.8442974640873,
      314.9346220966658,
      315.02434141122933,
      315.11346019179393,
      315.20198311346076,
      315.2899147902115,
      315.3772597466312,
      315.4640224560746,
      315.5502073452544,
      315.63581874966536,
      315.72086096504853,
      315.8053381921287,
      315.88925461837994,
      315.9726143751239,
      316.05542151228684,
      316.137680055045,
      316.21939394694596,
      300.0,
      300.0000202728999,
      300.00014468910825,
      300.00056110175206,
      300.0015726224997,
      300.0035746389675,
      300.0070102745116,
      300.0123218088882,
      300.0199107483862,
      300.0301120217358,
      300.0431820253382,
      300.0592976251727,
      300.0785621189377,
      300.10101512348547,
      300.12664371647855,
      300.15539348453996,
      300.1871785102938,
      300.2218899283305,
      300.25940307042254,
      300.29958310851583,
      300.34228955936425,
      300.38737967926903,
      300.43471103554333,
      300.4841433888645,
      300.53554006743144,
      300.58876886545096,
      300.6437026611002,
      300.7002197722614,
      300.7582041577666,
      300.8175454824482,
      300.8781390439581,
      300.9398856894207,
      301.00269162638233,
      301.06646826628696,
      301.1311319927437,
      301.1966039623152,
      301.26280983821783,
      301.32967960939885,
      301.3971473506683,
      301.46515100316674,
      301.53363217109063,
      301.6025359265384,
      301.6718106041913,
      301.74140763259317,
      301.81128135934387,
      301.8813888783191,
      301.9516898812689,
      302.0221464972167,
      302.0927231664272,
      302.16338652455516,
      302.23410523393335,
      302.3048499164801,
      302.3755929890298,
      302.44630861454607,
      302.5169725740776,
      302.587562165131,
      302.6580561467734,
      302.7284346013861,
      302.79867893872944,
      302.8687717618042,
      302.9386967936853,
      303.0084388551473,
      303.0779837569057,
      303.1473182833543,
      303.2164301234777,
      303.28530778955667,
      303.353940619186,
      303.4223186695463,
      303.4904327499273,
      303.55827432824947,
      303.6258354721322,
      303.69310887937064,
      303.760087780337,
      303.8267659583068,
      303.8931376905388,
      303.95919770357426,
      304.024941181354,
      304.09036370624335,
      304.1554612732591,
      304.2202302514765,
      304.2846673271313,
      304.34876952596807,
      304.41253417865937,
      304.4759589126712,
      304.5390416461913,
      304.60178050683635,
      304.6641738966895,
      304.7262204211314,
      304.787918917295,
      304.84926844189044,
      304.9102681838119,
      304.97091755966784,
      305.0312161100901,
      305.09116356071206,
      305.1507597957601,
      305.2100047950503,
      305.2688986990297,
      305.32744173761404,
      305.3856342870997,
      305.44347683155377,
      305.50096991606915,
      305.5581142179062,
      305.6149104590715,
      305.6713594835576,
      305.7274622085639,
      305.78321959197814,
      305.83863268115886,
      305.89370256617343,
      305.9484304041864,
      306.00281743572424,
      306.0568649013348,
      306.1105741188304,
      306.16394641620184,
      306.2169831905645,
      306.2696858979938,
