{
  "final_status": "fail",
  "final_lambda": 3.9035412063294687e-07,
  "final_reg_order": 1,
  "final_residual_norm": 15.626679289474401,
  "final_reg_norm": 15605.372170209612,
  "n_iterations": 1,
  "summary_notes": [
    "Completed in 1 iteration(s)"
  ],
  "final_config": {
    "parameterization_type": "piecewise_constant",
    "num_parameters": 24,
    "reg_order": 1,
    "lambda_strategy": "fixed",
    "lambda_value": 1.9517706031647343e-07,
    "lambda_grid": null,
    "max_retries": 8,
    "physical_bounds": [
      -500000.0,
      500000.0
    ],
    "planner_notes": [
      "num_parameters=24 (\u2248 N_t/5)",
      "reg_order=1 (default first-difference smoothness)",
      "noise_std provided \u2192 using discrepancy principle for lambda",
      "physical_bounds=(-500000.0, 500000.0) applied",
      "iter0: lambda decreased to 1.952e-07 (factor=2.0)"
    ],
    "stop_tolerance": 0.001,
    "iteration_budget": 1,
    "skip_verifier": false
  },
  "final_result": {
    "estimated_x": [
      24434.464782629337,
      25598.928850947912,
      27972.536076928922,
      31381.904050268604,
      35430.3252133878,
      39614.78334518941,
      43497.14665828984,
      46709.96841502653,
      48837.656271440166,
      49640.255266248954,
      49096.63170444851,
      47199.178776049965,
      44020.65730038691,
      39822.92876420412,
      35012.46148296572,
      29833.894048974944,
      24736.40437229193,
      20053.14066676353,
      16107.194708321289,
      13140.201451078485,
      10999.945907856278,
      9719.891746216952,
      9142.078343002942,
      8979.793019683104
    ],
    "fitted_y": [
      300.0,
      300.03550030594175,
      300.1158179396154,
      300.23161898279375,
      300.370432180151,
      300.5242250560746,
      300.6870161657032,
      300.8543782906825,
      301.02331096553087,
      301.1919154367888,
      301.3624900458292,
      301.5352674767858,
      301.7089663697793,
      301.88218505129305,
      302.05390299009457,
      302.2284442533081,
      302.4067603526456,
      302.5873797668613,
      302.7685027355991,
      302.94877833238354,
      303.1332364221916,
      303.3229317584949,
      303.5160609840351,
      303.7104422432748,
      303.9044333321022,
      304.1030681513639,
      304.3073306234929,
      304.51528835294573,
      304.72464128858945,
      304.93366174726094,
      305.14688848156334,
      305.3651544318545,
      305.58662001986636,
      305.80912509486024,
      306.0310531368851,
      306.2560438357207,
      306.48472048276665,
      306.7155268148335,
      306.94666089774364,
      307.1767824784226,
      307.4081364942829,
      307.641044876659,
      307.8744335953804,
      308.1070947311178,
      308.33814328434477,
      308.56819749671735,
      308.79725773761453,
      309.0248659688647,
      309.25055486664417,
      309.47400330343766,
      309.694241670171,
      309.91098216811594,
      310.1244142700152,
      310.3348344329117,
      310.54249950760135,
      310.7448481467564,
      310.94130409381887,
      311.13270701279697,
      311.3201191198728,
      311.50437538236974,
      311.68142701197615,
      311.8504345847733,
      312.0128571587469,
      312.17048225010353,
      312.32469056878773,
      312.47030379405464,
      312.6063039874877,
      312.7346591509488,
      312.85774108719517,
      312.9773665369556,
      313.08774506740957,
      313.1877890663139,
      313.27979151635645,
      313.3664831065601,
      313.4499435814519,
      313.5240117165258,
      313.5875526252009,
      313.64304776598505,
      313.69343600518556,
      313.7409473584659,
      313.7796292077895,
      313.8084258867721,
      313.8298092390492,
      313.8466818230522,
      313.86123683767323,
      313.86809205289546,
      313.86632332328577,
      313.85822143991965,
      313.8464572513706,
      313.83304065218533,
      313.81353464111504,
      313.7872127960862,
      313.75602854823603,
      313.72223804146176,
      313.6875301922476,
      313.6486757338423,
      313.6051851306522,
      313.5585520183725,
      313.51047840713875,
      313.4622284449653,
      313.4114934139736,
      313.35792384364595,
      313.30259036421967,
      313.2467078435886,
      313.19117200008145,
      313.13468291856594,
      313.0770706690463,
      313.01898833449286,
      312.96115951647323,
      312.90410783386824,
      312.8473114362755,
      312.7907204333085,
      312.73463264618584,
      312.67936364390005,
      312.6251307394229,
      312.5718181459073,
      312.5194154688358,
      312.4679933053942,
      312.41761766035813,
      312.36832183294405,
      312.32010930938446,
      300.0,
      300.0000138518837,
      300.0000988618656,
      300.00038338453174,
      300.0010745272821,
      300.0024431071258,
      300.0047946285341,
      300.00843740509697,
      300.01365564443364,
      300.0206910686389,
      300.0297346404022,
      300.0409271762754,
      300.054364798282,
      300.0701056005067,
      300.0881753458582,
      300.1085739591873,
      300.1312834526349,
      300.1562752882707,
      300.18351499234717,
      300.21296338278296,
      300.24457795379226,
      300.27831614772936,
      300.31413875542484,
      300.3520109539632,
      300.3919003796072,
      300.4337757470188,
      300.4776080697421,
      300.52337257056405,
      300.57104871555737,
      300.6206175913891,
      300.67205992530285,
      300.72535673089294,
      300.78049080376337,
      300.83744673077416,
      300.8962085699636,
      300.95675807025407,
      301.01907504933854,
      301.08313869581957,
      301.1489277066307,
      301.2164186469531,
      301.28558449820184,
      301.35639470763203,
      301.42881596308575,
      301.5028124605767,
      301.57834514023597,
      301.6553707957972,
      301.733841839054,
      301.8137065665195,
      301.8949095527429,
      301.9773918800016,
      302.0610909331526,
      302.1459400068495,
      302.23186806007317,
      302.31880021993305,
      302.40665886114596,
      302.4953640033425,
      302.584832563893,
      302.67497746833845,
      302.7657081072174,
      302.8569321506569,
      302.94855646335094,
      303.0404860267623,
      303.1326224277605,
      303.22486418923916,
      303.3171092852754,
      303.40925657632624,
      303.5012045936427,
      303.59284958738147,
      303.68408580027636,
      303.7748084247453,
      303.8649154834075,
      303.954306629263,
      304.0428809490479,
      304.13053710603475,
      304.21717646165615,
      304.3027050477163,
      304.3870321621479,
      304.47006786592004,
      304.5517228841417,
      304.63191168826233,
      304.71055456810194,
      304.7875764041824,
      304.862904258045,
      304.9364671633415,
      305.0081989744805,
      305.07804029850064,
      305.14593742083406,
      305.2118399906633,
      305.2757006788591,
      305.33747754217126,
      305.3971356985526,
      305.4546465068209,
      305.5099855421978,
      305.56313217805905,
      305.61407132471663,
      305.66279475255067,
      305.7093005239119,
      305.75359141319666,
      305.79567441708707,
      305.8355617721808,
      305.87327166341345,
      305.90882758771914,
      305.942256921908,
      305.9735903253287,
      306.00286220549833,
      306.03011113894837,
      306.0553795369125,
      306.07871275502504,
      306.1001585951899,
      306.1197674195132,
      306.13759221170534,
      306.15368839508045,
      306.16811324593954,
      306.1809254784295,
      306.1921850199663,
      306.2019527576002,
      306.21029036464734,
      306.2172598397694,
      306.22292318481703,
      306.22734207551673,
      306.2305775198343
    ],
    "status": "success"
  }
}