{
  "final_status": "weak_pass",
  "final_lambda": 0.00390625,
  "final_reg_order": 1,
  "final_residual_norm": 15.990136253637921,
  "final_reg_norm": 5.438955644569053,
  "n_iterations": 9,
  "summary_notes": [
    "Completed in 9 iteration(s)"
  ],
  "final_config": {
    "parameterization_type": "piecewise_constant",
    "num_parameters": 24,
    "reg_order": 1,
    "lambda_strategy": "fixed",
    "lambda_value": 0.00390625,
    "lambda_grid": null,
    "max_retries": 8,
    "physical_bounds": [
      -500000.0,
      500000.0
    ],
    "planner_notes": [
      "num_parameters=24 (\u2248 N_t/5)",
      "reg_order=1 (default first-difference smoothness)",
      "noise_std provided \u2192 using discrepancy principle for lambda",
      "lambda_value=1.0 supplied \u2192 strategy forced to 'fixed'",
      "physical_bounds=(-500000.0, 500000.0) applied",
      "iter0: lambda decreased to 5.000e-01 (factor=2.0)",
      "iter1: lambda decreased to 2.500e-01 (factor=2.0)",
      "iter2: lambda decreased to 1.250e-01 (factor=2.0)",
      "iter3: lambda decreased to 6.250e-02 (factor=2.0)",
      "iter4: lambda decreased to 3.125e-02 (factor=2.0)",
      "iter5: lambda decreased to 1.562e-02 (factor=2.0)",
      "iter6: lambda decreased to 7.812e-03 (factor=2.0)",
      "iter7: lambda decreased to 3.906e-03 (factor=2.0)"
    ],
    "stop_tolerance": 0.001,
    "iteration_budget": 12
  },
  "final_result": {
    "estimated_x": [
      32579.44524811941,
      32579.82397023674,
      32580.65566841782,
      32581.888615534164,
      32583.430005445913,
      32585.167950951305,
      32587.000782833336,
      32588.852388152565,
      32590.66608890771,
      32592.401631071214,
      32594.022097456153,
      32595.480868763618,
      32596.736287439882,
      32597.770953715313,
      32598.592560674097,
      32599.20903291491,
      32599.63599373944,
      32599.881330421736,
      32599.96379424712,
      32599.923722084535,
      32599.808802902313,
      32599.68791602554,
      32599.609022105033,
      32599.582361946766
    ],
    "fitted_y": [
      300.0,
      300.0473339720763,
      300.1544246725278,
      300.30882681636297,
      300.49391198206024,
      300.6967149229881,
      300.9086684578874,
      301.1244625560996,
      301.34088883849716,
      301.556033376646,
      301.76877193361423,
      301.9784612942352,
      302.1847544635062,
      302.38748860660917,
      302.58661581457335,
      302.7821614534978,
      302.97419351223454,
      303.16280528982406,
      303.3481047730899,
      303.53020751427886,
      303.709234101131,
      303.8853030897021,
      304.0585295104797,
      304.22902454974366,
      304.3968952263499,
      304.562246542915,
      304.7251768814364,
      304.885778476096,
      305.04413857382383,
      305.2003399678677,
      305.35446389542216,
      305.5065855107702,
      305.6567746365612,
      305.805097082699,
      305.95161527146087,
      306.09639117906517,
      306.23948176975495,
      306.38093968573344,
      306.52081456401555,
      306.65915362354474,
      306.7960044751002,
      306.9314106201212,
      307.065412087148,
      307.19804664426226,
      307.3293503562608,
      307.45936021876906,
      307.5881098296102,
      307.7156299653607,
      307.8419496876383,
      307.9670968431189,
      308.0911005308846,
      308.21398701538584,
      308.3357802352382,
      308.45650282735403,
      308.57617657273687,
      308.6948245918935,
      308.81246767234046,
      308.92912467822015,
      309.0448134951765,
      309.15955139466666,
      309.2733569258776,
      309.3862467351754,
      309.49823593957274,
      309.60933888565773,
      309.7195694861339,
      309.8289427732351,
      309.93747226319397,
      310.0451702565146,
      310.15204849179054,
      310.2581183528447,
      310.363392163381,
      310.46788105755235,
      310.5715952361145,
      310.6745444538775,
      310.7767382255617,
      310.8781867383833,
      310.9788993122793,
      311.0788845623329,
      311.1781507654881,
      311.27670599656494,
      311.3745587964228,
      311.4717170820861,
      311.5681882625512,
      311.6639794963254,
      311.7590977686408,
      311.8535503009986,
      311.94734392587617,
      312.040485131833,
      312.1329802275884,
      312.2248353880035,
      312.3160567693078,
      312.4066503562366,
      312.4966219455837,
      312.58597718589533,
      312.6747216169626,
      312.7628605959662,
      312.8503994367241,
      312.9373433860201,
      313.0236975807055,
      313.1094670475168,
      313.194656541633,
      313.2792708598238,
      313.3633148060876,
      313.44679308428556,
      313.52971031356185,
      313.61207083376877,
      313.69387903894545,
      313.77513935166104,
      313.8558561047508,
      313.9360335603514,
      314.01567577701974,
      314.09478683235403,
      314.17337080894384,
      314.2514317105078,
      314.3289734931028,
      314.4059999777226,
      314.4825149915196,
      314.55852232396643,
      314.63402568995804,
      314.7090287766693,
      314.78353519197196,
      300.0,
      300.00001846926835,
      300.00013181646364,
      300.00051118186843,
      300.00143271002935,
      300.00325661208444,
      300.00638658864824,
      300.0112255728865,
      300.01813935323304,
      300.0274330647842,
      300.0393402981151,
      300.05402219047767,
      300.07157285801765,
      300.092028403538,
      300.11537706624927,
      300.1415692866461,
      300.17052680545174,
      300.20215045894633,
      300.236326688399,
      300.272932680063,
      300.31184046846647,
      300.3529200295542,
      300.39604162404083,
      300.44107751221514,
      300.48790320474296,
      300.5363982805171,
      300.58644695008957,
      300.6379383805215,
      300.6907668786961,
      300.7448319494406,
      300.8000382281171,
      300.85629540517255,
      300.9135180547498,
      300.97162549212777,
      301.03054156149256,
      301.0901944537257,
      301.1505164643136,
      301.21144382941816,
      301.27291650745025,
      301.334877978015,
      301.39727505603537,
      301.46005771449353,
      301.5231788982923,
      301.58659437068974,
      301.6502625530611,
      301.71414436684756,
      301.7782030988856,
      301.84240425599324,
      301.9067154503209,
      301.9711062928977,
      302.03554823932546,
      302.1000145291533,
      302.1644800367062,
      302.2289212268194,
      302.2933160373562,
      302.35764378605495,
      302.42188512094793,
      302.4860218951743,
      302.5500371708617,
      302.6139150961931,
      302.67764083823715,
      302.7412005629247,
      302.80458133753433,
      302.8677711160518,
      302.93075867563033,
      302.9935335420981,
      303.0560859921017,
      303.11840695734304,
      303.1804880543861,
      303.2423214990316,
      303.3039000522927,
      303.36521704842283,
      303.42626630646527,
      303.4870421489453,
      303.54753934784725,
      303.60775308363094,
      303.6676789528299,
      303.72731291467875,
      303.78665130423093,
      303.8456907969569,
      303.90442835671666,
      303.96286125626625,
      304.02098704600684,
      304.0788035467097,
      304.1363088438364,
      304.1935012133408,
      304.25037918100304,
      304.306941457737,
      304.3631869656252,
      304.4191148267672,
      304.47472428358407,
      304.53001478588527,
      304.58498589645995,
      304.6396373467243,
      304.69396901268476,
      304.747980857528,
      304.801672990895,
      304.85504560404837,
      304.90809902180354,
      304.9608336674319,
      305.01325002011083,
      305.0653486797486,
      305.11713028729946,
      305.16859559519634,
      305.21974542301,
      305.27058062789195,
      305.3211021490556,
      305.3713109651329,
      305.42120811644327,
      305.4707947198851,
      305.5200718930644,
      305.5690408247138,
      305.6177027135327,
