{
  "final_status": "weak_pass",
  "final_lambda": 8.193937867803223e-08,
  "final_reg_order": 2,
  "final_residual_norm": 1.5677693528641121,
  "final_reg_norm": 5562.079390669321,
  "n_iterations": 1,
  "summary_notes": [
    "Completed in 1 iteration(s)"
  ],
  "final_config": {
    "parameterization_type": "piecewise_constant",
    "num_parameters": 24,
    "reg_order": 2,
    "lambda_strategy": "discrepancy",
    "lambda_value": 8.193937867803223e-08,
    "lambda_grid": null,
    "max_retries": 8,
    "physical_bounds": [
      -500000.0,
      500000.0
    ],
    "planner_notes": [
      "num_parameters=24 (\u2248 N_t/5)",
      "reg_order=2 (default first-difference smoothness)",
      "noise_std provided \u2192 using discrepancy principle for lambda",
      "physical_bounds=(-500000.0, 500000.0) applied"
    ],
    "stop_tolerance": 0.001,
    "iteration_budget": 12
  },
  "final_result": {
    "estimated_x": [
      7330.138956408492,
      13905.951479495387,
      20582.801793905386,
      27454.48054419981,
      34500.38290885583,
      41497.867222014516,
      48026.336305491495,
      53483.447384085244,
      57294.406526793886,
      59020.59333820012,
      58433.67399510011,
      55560.93010360223,
      50656.74278599112,
      44209.57246321309,
      36886.062582574916,
      29429.485622167707,
      22485.48857494435,
      16475.43783274089,
      11564.747572230051,
      7715.098381379804,
      4703.593909955578,
      2238.3824279332675,
      62.98749267673119,
      -2017.6202916051811
    ],
    "fitted_y": [
      300.0,
      300.0106498005119,
      300.03474443162884,
      300.0694837944652,
      300.1111266147466,
      300.1663095377501,
      300.23561237928834,
      300.3153285043704,
      300.4013798258092,
      300.4907187508397,
      300.5910635114934,
      300.70374351620586,
      300.82548269198793,
      300.95245038696095,
      301.0817515450997,
      301.2214895613545,
      301.3731417004963,
      301.5334138479957,
      301.6984213606379,
      301.86522977504865,
      302.0421773919683,
      302.23080538608696,
      302.4277602615756,
      302.62908104782304,
      302.83177935234005,
      303.04409398225624,
      303.26753628837207,
      303.49877099057846,
      303.73386804370926,
      303.969868154181,
      304.21435318357044,
      304.4686761528875,
      304.7296986206089,
      304.9937455934655,
      305.25805864183974,
      305.52879949202884,
      305.8070012679765,
      306.0899923622232,
      306.37468286571857,
      306.6587670308242,
      306.94631546645417,
      307.23792224512164,
      307.53166098634637,
      307.82535370024107,
      308.1173941264455,
      308.4092843305085,
      308.70110873413057,
      308.99190981818117,
      309.2806765207217,
      309.5666926052582,
      309.84868197760466,
      310.1262050225301,
      310.39940129727614,
      310.66856476540426,
      310.93396987108974,
      311.19166470931987,
      311.44073164388533,
      311.6824152261971,
      311.91830832659565,
      312.1496666913245,
      312.3702227409567,
      312.5786689020899,
      312.7772491696061,
      312.9687175385447,
      313.1552022560104,
      313.328755642958,
      313.4878181157556,
      313.6354149331527,
      313.77519076066767,
      313.90993726787264,
      314.0308561650941,
      314.1363024373618,
      314.2297735722413,
      314.31543082828574,
      314.3964428173706,
      314.46405183162346,
      314.51669369641434,
      314.5579831441349,
      314.59217608293983,
      314.6224970806261,
      314.6409571317889,
      314.6461900806255,
      314.6416043315007,
      314.6311760738562,
      314.6179036433265,
      314.59499587828714,
      314.5613341780198,
      314.51989469908955,
      314.47412232404395,
      314.42660224696664,
      314.3718619754112,
      314.3090225867583,
      314.24052493669996,
      314.1691773809806,
      314.097076904474,
      314.01996826142187,
      313.9371725557287,
      313.850598095859,
      313.7624323782253,
      313.67430030279087,
      313.58285377069046,
      313.4875404249095,
      313.3898310581937,
      313.2914148320981,
      313.1935412296526,
      313.0934112245335,
      312.99053087135775,
      312.88607327561397,
      312.7813973215059,
      312.6775065682119,
      312.57186490170443,
      312.46399394048984,
      312.3549016483917,
      312.2457694610623,
      312.1374712087799,
      312.02752704315753,
      311.91544779388596,
      311.80218028825664,
      311.6888460924073,
      311.57627791465643,
      311.4649952555664,
      300.0,
      300.0000041554514,
      300.0000296577485,
      300.0001150122139,
      300.00032234936833,
      300.0007364418821,
      300.0014635422844,
      300.0026288485086,
      300.00437039640065,
      300.0068295444196,
      300.01014411366793,
      300.0144473469504,
      300.01986931781374,
      300.0265363277607,
      300.0345666973062,
      300.0440684247902,
      300.0551415926009,
      300.0678822229862,
      300.0823831678431,
      300.09873063323005,
      300.1170021873389,
      300.1372693596358,
      300.1596015794149,
      300.18406697822314,
      300.21072872243775,
      300.2396426806854,
      300.27085969212794,
      300.3044292170521,
      300.34039998408684,
      300.3788162686048,
      300.41971532529,
      300.4631291605353,
      300.5090877239606,
      300.5576194682837,
      300.6087479578739,
      300.6624893014212,
      300.7188532418832,
      300.7778456670052,
      300.8394691307922,
      300.903720282091,
      300.9705876715608,
      301.0400522087043,
      301.1120888244593,
      301.1866670812408,
      301.26374983816106,
      301.34329179268457,
      301.4252393276528,
      301.50953123885347,
      301.5960994441281,
      301.68486912908526,
      301.7757582381446,
      301.8686767777409,
      301.963526534189,
      302.0602018556373,
      302.15859128445703,
      302.2585781181339,
      302.36003924267277,
      302.46284387093175,
      302.566854315299,
      302.67192895984203,
      302.777923812164,
      302.8846909622693,
      302.99207642768386,
      303.0999207957135,
      303.20806325676745,
      303.31634398733377,
      303.4246024015615,
      303.5326743111415,
      303.640392391308,
      303.7475908277281,
      303.85410829862735,
      303.9597862004892,
      304.06446540334053,
      304.1679864733226,
      304.27019444548034,
      304.3709420575948,
      304.47008809294465,
      304.56749403125264,
      304.66302398724577,
      304.7565491025827,
      304.84795062191665,
      304.9371183915942,
      305.02394761084395,
      305.10833845431716,
      305.1901997106119,
      305.26945135765567,
      305.3460231900131,
      305.41985178573424,
      305.4908798582106,
      305.55905898234374,
      305.62435150936517,
      305.68672929415027,
      305.74617096402125,
      305.8026610990061,
      305.856192109691,
      305.90676552693026,
      305.9543908293001,
      305.9990830887708,
      306.0408621049175,
      306.0797536353928,
      306.1157901626025,
      306.1490097930494,
      306.17945422299937,
      306.2071679292029,
      306.2321990233362,
      306.2545997010835,
      306.27442521540786,
      306.2917321361337,
      306.3065776696614,
      306.3190204286794,
      306.3291207751783,
      306.3369399210143,
      306.34253843388274,
      306.3459757568671,
      306.34731105308566,
      306.34660359409276,
      306.34391198513947,
      306.3392928405951,
      306.332800485457,
      306.3244879563513,
      306.314408700391
    ],
    "status": "success"
  }
}