{
  "final_status": "weak_pass",
  "final_lambda": 1.2944867061472988e-07,
  "final_reg_order": 2,
  "final_residual_norm": 3.2281606563322995,
  "final_reg_norm": 6085.653997273605,
  "n_iterations": 6,
  "summary_notes": [
    "Completed in 6 iteration(s)"
  ],
  "final_config": {
    "parameterization_type": "piecewise_constant",
    "num_parameters": 24,
    "reg_order": 2,
    "lambda_strategy": "fixed",
    "lambda_value": 1.2944867061472988e-07,
    "lambda_grid": null,
    "max_retries": 8,
    "physical_bounds": [
      -500000.0,
      500000.0
    ],
    "planner_notes": [
      "num_parameters=24 (\u2248 N_t/5)",
      "reg_order=0 (default first-difference smoothness)",
      "noise_std provided \u2192 using discrepancy principle for lambda",
      "physical_bounds=(-500000.0, 500000.0) applied",
      "iter0: oscillatory solution \u2192 increase reg_order to 1",
      "iter1: oscillatory solution \u2192 increase reg_order to 2",
      "iter2: lambda increased to 5.178e-09 (factor=5.0)",
      "iter3: lambda increased to 2.589e-08 (factor=5.0)",
      "iter4: lambda increased to 1.294e-07 (factor=5.0)"
    ],
    "stop_tolerance": 0.001,
    "iteration_budget": 12
  },
  "final_result": {
    "estimated_x": [
      -3854.149331078945,
      5946.711241081113,
      15592.01230109171,
      24606.048493279013,
      32221.603590533297,
      37664.665860884124,
      40606.190070089775,
      41406.707536486916,
      41016.511616315496,
      40436.516566520055,
      40199.11112361575,
      40272.01857286405,
      40379.86981739599,
      40440.98612557479,
      40643.870205169944,
      41113.15670390687,
      41487.545272629846,
      40883.866332571495,
      38340.952944592915,
      33399.14585343183,
      26313.977572559397,
      17846.469181799992,
      8800.181655125712,
      -358.65154617887384
    ],
    "fitted_y": [
      300.0,
      299.99440038971125,
      299.98173155669815,
      299.9634657785413,
      299.9415701979957,
      299.93181812721906,
      299.9389602157796,
      299.95988071135923,
      299.98995682206254,
      300.0255144538399,
      300.07812287692104,
      300.1499386620002,
      300.23635321365197,
      300.33188709472006,
      300.43236881240426,
      300.54816187158946,
      300.68101908660105,
      300.8264873612815,
      300.97937221526,
      301.13574655611325,
      301.3041202747264,
      301.4858397278677,
      301.67707907816043,
      301.87342945082804,
      302.0715786988241,
      302.27729766872005,
      302.4913757337902,
      302.71099367624964,
      302.93296917880406,
      303.15493577971074,
      303.37965923728797,
      303.60737239533864,
      303.83645906808874,
      304.0651682688343,
      304.2922264963491,
      304.51800872078513,
      304.7423789343402,
      304.9648108505219,
      305.18480982181455,
      305.40205155178955,
      305.6158003366908,
      305.8258460333182,
      306.0323431636071,
      306.23553579877716,
      306.4356464965593,
      306.6320144158538,
      306.8245668154804,
      307.0136502786363,
      307.1996698013828,
      307.3829537931824,
      307.5633989304683,
      307.74109155217076,
      307.916256186589,
      308.08911994439893,
      308.25986490319025,
      308.42873455454685,
      308.5958616871783,
      308.7613015554997,
      308.9250855167846,
      309.08724325632846,
      309.247964050429,
      309.4073237899731,
      309.56531679782455,
      309.7219232873231,
      309.87713472129496,
      310.03104475803104,
      310.18369106169075,
      310.33507025471965,
      310.48517406640156,
      310.6340023979887,
      310.7818585269258,
      310.9288342478999,
      311.07486992058637,
      311.2198815922879,
      311.3638088053159,
      311.5073004045115,
      311.65052239926905,
      311.79329521819943,
      311.9353865207764,
      312.07662099054386,
      312.21743296978366,
      312.3579037534498,
      312.4978596576006,
      312.63709766412455,
      312.7754680357095,
      312.91200115468644,
      313.0464156331743,
      313.1789172596675,
      313.309805410476,
      313.439321213103,
      313.56393547171257,
      313.68278691775726,
      313.7969182639979,
      313.90767576110363,
      314.0161056191791,
      314.11572208714364,
      314.2050750943235,
      314.2863189962992,
      314.36213920234627,
      314.434602337401,
      314.49477516066696,
      314.5407985882054,
      314.5758878525426,
      314.603962091058,
      314.62801834162576,
      314.637717969851,
      314.6310401513446,
      314.61194093640387,
      314.5851638605768,
      314.55431784120145,
      314.5086138593538,
      314.4460415494269,
      314.3709071990201,
      314.28831628460654,
      314.2021366951563,
      314.10157386400357,
      313.98466090083116,
      313.8557880337305,
      313.7201314917378,
      313.5816007965348,
      313.44272481970086,
      300.0,
      299.9999978150849,
      299.99998440610835,
      299.99993952716983,
      299.9998305103613,
      299.99962029882204,
      299.99928412196084,
      299.9988257948372,
      299.9982851174942,
      299.9977343572627,
      299.9972727914847,
      299.99702519760586,
      299.99714114363866,
      299.997789906732,
      299.99914979229965,
      300.0013997637624,
      300.004717829801,
      300.0092822111911,
      300.01526954677075,
      300.02284827325644,
      300.0321736961274,
      300.0433885804601,
      300.0566259880827,
      300.072009572882,
      300.0896497187558,
      300.1096404086081,
      300.13205994888,
      300.15697346102263,
      300.184433834134,
      300.214479905751,
      300.247134737692,
      300.28240603818983,
      300.32028785215965,
      300.3607617974927,
      300.4037970875431,
      300.44935030071287,
      300.4973658288474,
      300.54777699364627,
      300.6005074289161,
      300.65547239456447,
      300.7125797935869,
      300.771730981019,
      300.83282165950135,
      300.895743192009,
      300.96038425246985,
      301.0266322973473,
      301.09437457730064,
      301.16349888598796,
      301.2338944793443,
      301.305453172816,
      301.37807036077015,
      301.45164575605816,
      301.52608380672257,
      301.60129403701814,
      301.6771912484663,
      301.7536957046497,
      301.83073328022084,
      301.90823541320617,
      301.9861389673829,
      302.06438585128274,
      302.14292262576174,
      302.2217001977525,
      302.30067345620523,
      302.3798009649374,
      302.4590445299473,
      302.5383687985828,
      302.61774099391124,
      302.6971306221225,
      302.7765092941227,
      302.8558504760591,
      302.9351293739781,
      303.01432304243815,
      303.0934104215198,
      303.1723723474311,
      303.2511913181558,
      303.3298514226452,
      303.4083386482156,
      303.4866410955471,
      303.56474900481953,
      303.6426543284896,
      303.7203502875211,
      303.7978312479649,
      303.87509258384586,
      303.95213053997287,
      304.028941836416,
      304.1055228288442,
      304.18186842218245,
      304.25797105111445,
      304.33382041425,
      304.4094038559993,
      304.4847057392936,
      304.5597054092644,
      304.6343751224063,
      304.7086798971889,
      304.7825794887259,
      304.85602884948923,
      304.9289756659656,
      305.0013574761943,
      305.07310185857676,
      305.14413029977874,
      305.2143602044444,
      305.2837025391973,
      305.35205848231806,
      305.4193199037017,
      305.48537469458006,
      305.55011009491335,
      305.61341064102453,
      305.6751545505822,
      305.7352142187678,
      305.7934621447044,
      305.84977484548807,
      305.90403089566655,
      305.9561070311499,
      306.00587833158517,
      306.053223976477,
      306.09803099608666,
      306.14019202664815,
      306.17960100089994,
      306.21615284864316,
      306.24974877612806,
      306.28030473858087
    ],