{
  "final_status": "weak_pass",
  "final_lambda": 2.0425493240923341e-10,
  "final_reg_order": 1,
  "final_residual_norm": 7.519814889920629,
  "final_reg_norm": 36576.36236577066,
  "n_iterations": 9,
  "summary_notes": [
    "Completed in 9 iteration(s)"
  ],
  "final_config": {
    "parameterization_type": "piecewise_constant",
    "num_parameters": 24,
    "reg_order": 1,
    "lambda_strategy": "fixed",
    "lambda_value": 2.0425493240923341e-10,
    "lambda_grid": null,
    "max_retries": 8,
    "physical_bounds": [
      -500000.0,
      500000.0
    ],
    "planner_notes": [
      "num_parameters=24 (\u2248 N_t/5)",
      "reg_order=1 (default first-difference smoothness)",
      "noise_std provided \u2192 using discrepancy principle for lambda",
      "physical_bounds=(-500000.0, 500000.0) applied",
      "iter0: lambda decreased to 2.614e-08 (factor=2.0)",
      "iter1: lambda decreased to 1.307e-08 (factor=2.0)",
      "iter2: lambda decreased to 6.536e-09 (factor=2.0)",
      "iter3: lambda decreased to 3.268e-09 (factor=2.0)",
      "iter4: lambda decreased to 1.634e-09 (factor=2.0)",
      "iter5: lambda decreased to 8.170e-10 (factor=2.0)",
      "iter6: lambda decreased to 4.085e-10 (factor=2.0)",
      "iter7: lambda decreased to 2.043e-10 (factor=2.0)"
    ],
    "stop_tolerance": 0.001,
    "iteration_budget": 12,
    "skip_verifier": false
  },
  "final_result": {
    "estimated_x": [
      28535.551793793686,
      22796.464781782037,
      17279.517762579166,
      16774.429539640423,
      22082.20249149604,
      31407.22415896233,
      43187.99292947367,
      55760.88809611928,
      66447.70594951697,
      72326.33092954165,
      71324.19337626755,
      63869.03537841561,
      52662.270928960024,
      40396.04990633009,
      28402.301397044364,
      17601.148015733746,
      9012.690496829455,
      3183.350413534573,
      189.16500192059843,
      -112.89041973603534,
      1245.5643548554624,
      2483.677428926399,
      2821.683071088306,
      2837.8278347824253
    ],
    "fitted_y": [
      300.0,
      300.00000031954545,
      300.00000289861805,
      300.0000140129617,
      300.0000480761865,
      300.00013144086705,
      300.00030489311,
      300.0006239440711,
      300.0011568331622,
      300.00198078228,
      300.0031773505787,
      300.0048275941612,
      300.00700757855304,
      300.00978463345274,
      300.0132145852891,
      300.017340127795,
      300.02219030884913,
      300.0277809270632,
      300.0341156528519,
      300.0411875706815,
      300.0489810069839,
      300.05747358556823,
      300.06663843983125,
      300.07644647064745,
      300.08686838781847,
      300.09787642185916,
      300.1094458102372,
      300.1215561175892,
      300.1341924302302,
      300.14734626201323,
      300.1610159653687,
      300.1752069577269,
      300.18993183076276,
      300.2052104507616,
      300.2210698801102,
      300.23754390811314,
      300.2546725078553,
      300.27250124677613,
      300.291080822008,
      300.31046653489716,
      300.33071745825947,
      300.35189554649617,
      300.3740647329139,
      300.39729012586577,
      300.4216372513037,
      300.4471710622223,
      300.4739549353806,
      300.50204958986683,
      300.5315120907242,
      300.56239497723743,
      300.5947453082282,
      300.6286037752863,
      300.66400367529815,
      300.70096998830047,
      300.73951858987476,
      300.7796556367328,
      300.82137712961924,
      300.86466834669255,
      300.9095033885413,
      300.95584492240596,
      301.003644208743,
      301.05284145216956,
      301.1033660234105,
      301.1551367883904,
      301.2080626181663,
      301.2620431405195,
      301.3169698146496,
      301.3727268330013,
      301.4291920428177,
      301.4862378994487,
      301.54373260148975,
      301.60154137891595,
      301.6595275351393,
      301.71755343690387,
      301.775481350472,
      301.83317442580966,
      301.8904977556394,
      301.9473191300405,
      302.0035097526245,
      302.0589447617943,
      302.11350385937817,
      302.16707199299793,
      302.2195398266259,
      302.2708041740305,
      302.3207682771375,
      302.3693421126084,
      302.4164428247653,
      302.46199489123927,
      302.5059304072846,
      302.5481890881935,
      302.58871836805037,
      302.6274735419135,
      302.66441770698236,
      302.6995218447559,
      302.7327646309993,
      302.7641323234583,
      302.79361863671335,
      302.8212245277518,
      302.8469581025528,
      302.8708343197052,
      302.89287468432184,
      302.91310695092864,
      302.931564712419,
      302.9482871217146,
      302.96331845326574,
      302.9767076026418,
      302.9885075995989,
      302.998774966947,
      303.00756921044143,
      303.0149522067052,
      303.0209875588561,
      303.02574000288155,
      303.02927473112317,
      303.0316568642475,
      303.03295087334067,
      303.0332200949603,
      303.03252630245237,
      303.03092932486993,
      303.0284868040702,
      303.0252539850319,
      303.0212835347797,
      300.0,
      300.0000000405516,
      300.00000043795586,
      300.00000232603173,
      300.00000869261066,
      300.0000256868703,
      300.00006401079696,
      300.00013993593365,
      300.0002757210339,
      300.00049924951384,
      300.000843010449,
      300.0013425481543,
      300.0020346309165,
      300.00295536859153,
      300.0041384457634,
      300.0056136662301,
      300.00740586864504,
      300.0095342700528,
      300.01201223648343,
      300.0148473992803,
      300.0180420537016,
      300.02159379996164,
      300.0254963173026,
      300.0297403119708,
      300.03431446561626,
      300.03920639752613,
      300.0444035621886,
      300.04989401462717,
      300.05566719211936,
      300.0617145452706,
      300.0680300209539,
      300.0746105017652,
      300.0814559813485,
      300.088569793653,
      300.0959587082353,
      300.1036329207723,
      300.1116060001831,
      300.11989463731834,
      300.1285185299365,
      300.1375000898773,
      300.14686421103585,
      300.15663795044696,
      300.1668500702394,
      300.17753071938216,
      300.188710998949,
      300.2004225622356,
      300.2126972036771,
      300.2255662886239,
      300.23906035180494,
      300.2532085476857,
      300.26803823443595,
      300.2835745261949,
      300.29983971941886,
      300.3168529121186,
      300.3346294799394,
      300.35318072440253,
      300.3725135509724,
      300.39263004172415,
      300.4135272767153,
      300.43519700471984,
      300.45762555732875,
      300.48079381669027,
      300.5046771230164,
      300.5292454315432,
      300.5544633770682,
      300.5802905359303,
      300.60668177047194,
      300.6335874891252,
      300.6609541497961,
      300.6887246112518,
      300.71683868233947,
      300.74523366845443,
      300.7738447971959,
      300.80260584649733,
      300.83144955208985,
      300.86030818315686,
      300.8891140251082,
      300.9177997801164,
      300.9462990739363,
      300.9745467472457,
      301.0024792920548,
      301.0300351799351,
      301.057155116561,
      301.0837823824696,
      301.1098630029629,
      301.1353460222587,
      301.1601836829554,
      301.18433157023424,
      301.20774879743,
      301.23039807219556,
      301.25224582953854,
      301.2732622961822,
      301.29342152322135,
      301.31270144124977,
      301.33108383420176,
      301.34855434177734,
      301.36510240937497,
      301.38072123801845,
      301.39540773007525,
      301.4091623936895,
      301.4219892107158,
      301.4338955516109,
      301.4448920128077,
      301.4549922797049,
      301.4642129338434,
      301.4725732558468,
      301.4800950153301,
      301.48680224410526,
      301.4927209727054,
      301.49787895897646,
      301.5023053700919,
      301.5060305195694,
      301.5090855601738,
      301.5115021935593,
