{
  "final_status": "weak_pass",
  "final_lambda": 1.5248207837224485e-07,
  "final_reg_order": 2,
  "final_residual_norm": 15.439095976070224,
  "final_reg_norm": 5899.620443939835,
  "n_iterations": 9,
  "summary_notes": [
    "Completed in 9 iteration(s)"
  ],
  "final_config": {
    "parameterization_type": "piecewise_constant",
    "num_parameters": 24,
    "reg_order": 2,
    "lambda_strategy": "fixed",
    "lambda_value": 1.5248207837224485e-07,
    "lambda_grid": null,
    "max_retries": 8,
    "physical_bounds": [
      -500000.0,
      500000.0
    ],
    "planner_notes": [
      "num_parameters=24 (\u2248 N_t/5)",
      "reg_order=2 (default first-difference smoothness)",
      "noise_std provided \u2192 using discrepancy principle for lambda",
      "physical_bounds=(-500000.0, 500000.0) applied",
      "iter0: lambda decreased to 1.952e-07 (factor=2.0)",
      "iter1: lambda decreased to 9.759e-08 (factor=2.0)",
      "iter2: lambda increased to 4.879e-07 (factor=5.0)",
      "iter3: lambda decreased to 2.440e-07 (factor=2.0)",
      "iter4: lambda decreased to 1.220e-07 (factor=2.0)",
      "iter5: lambda decreased to 6.099e-08 (factor=2.0)",
      "iter6: lambda increased to 3.050e-07 (factor=5.0)",
      "iter7: lambda decreased to 1.525e-07 (factor=2.0)"
    ],
    "stop_tolerance": 0.001,
    "iteration_budget": 12
  },
  "final_result": {
    "estimated_x": [
      -715.6349396194746,
      8432.096415325603,
      17414.419561231196,
      25643.951001690013,
      32364.09351095808,
      36941.18248354248,
      39281.137049463134,
      39710.42409346661,
      39249.911045163244,
      38989.84730761679,
      39463.770551270936,
      40516.84904596214,
      41488.26656485561,
      41938.945939602476,
      41944.87689652793,
      41874.7845577499,
      41687.76428348989,
      40661.31742137025,
      37816.72498352163,
      32675.368873043975,
      25348.79647964635,
      16554.973489928456,
      7241.264078638067,
      -2088.2730812406107
    ],
    "fitted_y": [
      300.0,
      299.99896026945856,
      299.99660793207636,
      299.9932163590144,
      299.98915080754887,
      299.9979866230383,
      300.0234000860869,
      300.0620134150681,
      300.1092281146736,
      300.1614456575011,
      300.2293354299799,
      300.3148456653755,
      300.4136519466164,
      300.52063594058046,
      300.6319079806764,
      300.7568813162432,
      300.89713114546987,
      301.048581633405,
      301.20648907446014,
      301.3672721939954,
      301.53836942795823,
      301.72093012418543,
      301.91156001926095,
      302.1063627719417,
      302.30241719387266,
      302.5044931032983,
      302.7132091648304,
      302.9261735508796,
      303.14070365584126,
      303.35481157854423,
      303.57063609408436,
      303.78833205013774,
      304.00660294131376,
      304.2240567747511,
      304.43968826906786,
      304.65350589997024,
      304.86533613846774,
      305.07485439794135,
      305.2817882397523,
      305.48597733243906,
      305.68668763286354,
      305.8837428159661,
      306.07735728975877,
      306.267827132584,
      306.4554088042283,
      306.63992457713744,
      306.8214313358098,
      307.00015444081527,
      307.1763326247535,
      307.35016171866374,
      307.52248123394605,
      307.6935894689789,
      307.8634003505376,
      308.03175176094993,
      308.19852440028586,
      308.3651854416766,
      308.53211534203166,
      308.69891684775814,
      308.8650726522614,
      309.0301921911709,
      309.19544273017414,
      309.3610578068975,
      309.5265979068839,
      309.6915403124874,
      309.855496197522,
      310.0188771962525,
      310.1817175500725,
      310.343774857223,
      310.5047898882089,
      310.6645786241615,
      310.8230410810752,
      310.9801245110564,
      311.1358055588144,
      311.2900805947466,
      311.44295873328025,
      311.5943550401623,
      311.7442641822522,
      311.89273671061477,
      312.0398332459736,
      312.18560678009993,
      312.32982890816965,
      312.47246411618744,
      312.6136144377632,
      312.75340234004415,
      312.8919267186449,
      313.0277680365131,
      313.16058650579504,
      313.29081255278135,
      313.41899992158494,
      313.5455815022961,
      313.66671516974316,
      313.7815019236119,
      313.89114608908295,
      313.9971751474791,
      314.10077092068366,
      314.1952454302376,
      314.27912560922346,
      314.3546729234315,
      314.4246918296649,
      314.4913372312515,
      314.545381419001,
      314.5849064803059,
      314.61323833757973,
      314.63442876687395,
      314.65157483513656,
      314.6539279563931,
      314.63938091821854,
      314.6120357295298,
      314.57681353436345,
      314.53745798961035,
      314.48287851339023,
      314.41101489019746,
      314.32630532116235,
      314.2340078191825,
      314.1381044497417,
      314.0276256982105,
      313.9005828954148,
      313.7614557345642,
      313.6155201491416,
      313.4667591144886,
      313.3177476582606,
      300.0,
      299.99999959430687,
      299.9999971045403,
      299.99998877145987,
      299.99996852931804,
      299.99993365162237,
      299.99989672600674,
      299.9998969528299,
      300.00000383381047,
      300.0003118094204,
      300.0009341904883,
      300.00200164399143,
      300.00366198841994,
      300.0060762413289,
      300.009409561054,
      300.01382424548905,
      300.01947883634307,
      300.02652971275563,
      300.0351299490838,
      300.0454237155881,
      300.0575420503117,
      300.0716034604313,
      300.08771653943626,
      300.1059803980479,
      300.12648147492166,
      300.14929088411384,
      300.1744650225959,
      300.2020477351588,
      300.2320712795649,
      300.26455502789923,
      300.2995042062082,
      300.3369103631832,
      300.3767528930174,
      300.4190002596162,
      300.46361028486416,
      300.51053013084424,
      300.5596966713115,
      300.611037388632,
      300.6644716097908,
      300.71991184682366,
      300.7772649023004,
      300.8364327048498,
      300.8973131427084,
      300.95980125168546,
      301.0237907122759,
      301.08917533117244,
      301.1558502547714,
      301.2237128855449,
      301.2926637050449,
      301.36260698005236,
      301.4334516143472,
      301.50511216971324,
      301.57750960303457,
      301.6505715032893,
      301.72423165214735,
      301.79842981403743,
      301.8731121216618,
      301.9482314016451,
      302.0237469213638,
      302.0996232304202,
      302.17582910722376,
      302.25233716967296,
      302.3291236584032,
      302.4061679788162,
      302.4834516587884,
      302.5609573066405,
      302.6386680174037,
      302.71656699561333,
      302.79463732491763,
      302.87286159122215,
      302.95122150564896,
      303.02969769461504,
      303.10826956163464,
      303.18691541960527,
      303.26561267171354,
      303.3443380258308,
      303.42306777332175,
      303.50177795879904,
      303.58044468063935,
      303.6590443373148,
      303.73755375379875,
      303.8159502439037,
      303.89421152080195,
      303.9723158025577,
      304.0502419706346,
      304.12796919642926,
      304.20547600037696,
      304.2827392141543,
      304.3597337948859,
      304.43643347926337,
      304.51281035319835,
      304.5888327821641,
      304.66446318746324,
      304.73965782894584,
      304.8143688560139,
      304.8885448189097,
      304.9621281134235,
      305.0350519389202,
      305.10724038912593,
      305.17861231916834,
      305.24908328556637,
      305.3185629598281,
      305.3869515166971,
      305.4541399927223,
      305.52001566486456,
      305.5844653619357,
      305.64737319520475,
      305.708616701321,
      305.76806727738955,
      305.82559628644873,
      305.881079139466,
      305.9343933401567,
      305.9854145280287,
      306.0340166944612,
