{
  "final_status": "weak_pass",
  "final_lambda": 0.00390625,
  "final_reg_order": 1,
  "final_residual_norm": 26.644510038859224,
  "final_reg_norm": 7.266179879607346,
  "n_iterations": 9,
  "summary_notes": [
    "Completed in 9 iteration(s)"
  ],
  "final_config": {
    "parameterization_type": "piecewise_constant",
    "num_parameters": 24,
    "reg_order": 1,
    "lambda_strategy": "fixed",
    "lambda_value": 0.00390625,
    "lambda_grid": null,
    "max_retries": 8,
    "physical_bounds": [
      -500000.0,
      500000.0
    ],
    "planner_notes": [
      "num_parameters=24 (\u2248 N_t/5)",
      "reg_order=1 (default first-difference smoothness)",
      "noise_std provided \u2192 using discrepancy principle for lambda",
      "lambda_value=1.0 supplied \u2192 strategy forced to 'fixed'",
      "physical_bounds=(-500000.0, 500000.0) applied",
      "iter0: lambda decreased to 5.000e-01 (factor=2.0)",
      "iter1: lambda decreased to 2.500e-01 (factor=2.0)",
      "iter2: lambda decreased to 1.250e-01 (factor=2.0)",
      "iter3: lambda decreased to 6.250e-02 (factor=2.0)",
      "iter4: lambda decreased to 3.125e-02 (factor=2.0)",
      "iter5: lambda decreased to 1.562e-02 (factor=2.0)",
      "iter6: lambda decreased to 7.812e-03 (factor=2.0)",
      "iter7: lambda decreased to 3.906e-03 (factor=2.0)"
    ],
    "stop_tolerance": 0.001,
    "iteration_budget": 12
  },
  "final_result": {
    "estimated_x": [
      35616.7887913357,
      35616.88135161596,
      35617.07766246185,
      35617.32125915948,
      35617.539533266696,
      35617.64587074844,
      35617.56451106279,
      35617.195505857126,
      35616.47716016182,
      35615.37257814658,
      35613.86934831226,
      35611.99064715867,
      35609.77433200866,
      35607.29484548545,
      35604.658489510104,
      35602.00441925472,
      35599.471272552604,
      35597.17705837268,
      35595.21104768146,
      35593.648659200415,
      35592.515328265355,
      35591.79962350813,
      35591.45529130034,
      35591.36732417399
    ],
    "fitted_y": [
      300.0,
      300.05174686288416,
      300.16882150397913,
      300.337618378942,
      300.53995881797783,
      300.76166837263247,
      300.99338103078793,
      301.2292918366443,
      301.4658934617204,
      301.7010936722114,
      301.93366246863434,
      302.16289645017605,
      302.3884165758882,
      302.61004521281143,
      302.8277302803082,
      303.0414980987459,
      303.2514226940369,
      303.45760655702713,
      303.6601683480023,
      303.85923485588245,
      304.0549360833609,
      304.24740126666904,
      304.43675683199757,
      304.6231251448157,
      304.80662382143055,
      304.98736545268565,
      305.1654571563121,
      305.341000597003,
      305.5140921552561,
      305.684823103105,
      305.853279716839,
      306.01954366354477,
      306.1836922487746,
      306.3457985824105,
      306.50593178991767,
      306.66415672220216,
      306.82053508969267,
      306.9751255595545,
      307.12798373167357,
      307.279162239167,
      307.4287098630516,
      307.57667352702794,
      307.72309825335805,
      307.86802683754877,
      308.01149984719973,
      308.1535541036931,
      308.294225637647,
      308.4335494986946,
      308.5715591314977,
      308.7082862449038,
      308.8437587112995,
      308.9780044874221,
      309.11105127779786,
      309.2429256558891,
      309.37365281338924,
      309.5032538705484,
      309.6317507632308,
      309.759165747503,
      309.88552031544816,
      310.0108348122104,
      310.1351252453639,
      310.2584090095355,
      310.3807043240301,
      310.5020288777276,
      310.6223993914889,
      310.741828025252,
      310.8603287589409,
      310.97791674821474,
      311.09460684393025,
      311.21041300991567,
      311.3253445584517,
      311.439412894007,
      311.5526308454432,
      311.66501105271834,
      311.77656540208733,
      311.8873011460143,
      311.9972277676505,
      312.10635627166175,
      312.2146975682588,
      312.32226188064595,
      312.4290550783862,
      312.5350851977893,
      312.64036177533137,
      312.7448943153661,
      312.84869170899105,
      312.95175892569813,
      313.054102924522,
      313.15573203264694,
      313.2566545801125,
      313.3568783845052,
      313.4564078629907,
      313.55524916459717,
      313.6534096208598,
      313.75089655438126,
      313.8477168710776,
      313.943874753557,
      314.0393757352339,
      314.1342262891986,
      314.2284328742398,
      314.3220016046776,
      314.41493659721147,
      314.5072429234838,
      314.59892632376636,
      314.6899924923583,
      314.7804468784145,
      314.8702936188188,
      314.95953742097737,
      315.048183396601,
      315.1362365905571,
      315.22370187906415,
      315.3105834471408,
      315.3968857105077,
      315.48261324537475,
      315.56777054981404,
      315.6523620262918,
      315.7363918012202,
      315.81986404072853,
      315.9027828961094,
      315.9851524339574,
      316.0669766780989,
      316.14825955480205,
      300.0,
      300.0000201911367,
      300.00014410555826,
      300.00055883875564,
      300.0015662799083,
      300.0035602220347,
      300.0069820015311,
      300.0122721148621,
      300.0198304497643,
      300.02999058516724,
      300.04300788463473,
      300.0590585024078,
      300.0782453216164,
      300.1006078018318,
      300.12613307563277,
      300.1547669520891,
      300.1864238635674,
      300.2209953872695,
      300.2583573615958,
      300.2983755061857,
      300.34090990822773,
      300.3858184034966,
      300.4329591374941,
      300.4821924401791,
      300.53338219443475,
      300.5863967307771,
      300.64110944275524,
      300.6973991412391,
      300.7551502548407,
      300.8142528946612,
      300.87460278130925,
      300.93610116176086,
      300.9986546209814,
      301.06217492604577,
      301.12657879545566,
      301.1917877007066,
      301.25772760082134,
      301.3243287619219,
      301.39152551834866,
      301.45925605433564,
      301.5274622016604,
      301.59608924494415,
      301.66508571677997,
      301.73440322973045,
      301.80399630279095,
      301.8738221895676,
      301.94384073004613,
      302.01401419009176,
      302.08430713596715,
      302.15468631975716,
      302.22512051175966,
      302.29558043313614,
      302.36603859117895,
      302.4364692307525,
      302.50684820780657,
      302.57715288874437,
      302.6473620951357,
      302.71745596513324,
      302.78741595753417,
      302.85722471942387,
      302.926866014031,
      302.99632469774775,
      303.0655866117488,
      303.1346385657716,
      303.20346827071086,
      303.27206425850613,
      303.3404158834085,
      303.4085132155037,
      303.47634707304786,
      303.543908930878,
      303.6111908626729,
      303.67818557055625,
      303.74488628665017,
      303.8112867932263,
      303.87738136556686,
      303.9431647284608,
      304.0086320635768,
      304.07377894948587,
      304.1386013757003,
      304.2030957057188,
      304.267258621366,
      304.3310871443983,
      304.39457860087134,
      304.45773061286155,
      304.5205410937518,
      304.58300816819656,
      304.6451302363136,
      304.70690590170307,
      304.76833399956524,
      304.82941358569724,
      304.89014385025513,
      304.95052421239774,
      305.0105542160479,
      305.0702335903702,
      305.12956222434696,
      305.1885401046885,
      305.2471673802254,
      305.30544429025184,
      305.3633712209448,
      305.4209486675223,
      305.4781771881697,
      305.53505747460514,
      305.59159026441455,
      305.6477764177123,
      305.7036168689095,
      305.7591125946291,
      305.8142646620934,
      305.86907418214275,
      305.9235423332702,
      305.9776703779452,
      306.0314595797467,
      306.0849112801753,
      306.13802683160225,
