{
  "final_status": "weak_pass",
  "final_lambda": 6.088884562215295e-11,
  "final_reg_order": 1,
  "final_residual_norm": 5.173121777117323,
  "final_reg_norm": 53338.50328501735,
  "n_iterations": 9,
  "summary_notes": [
    "Completed in 9 iteration(s)"
  ],
  "final_config": {
    "parameterization_type": "piecewise_constant",
    "num_parameters": 24,
    "reg_order": 1,
    "lambda_strategy": "fixed",
    "lambda_value": 6.088884562215295e-11,
    "lambda_grid": null,
    "max_retries": 8,
    "physical_bounds": [
      -500000.0,
      500000.0
    ],
    "planner_notes": [
      "num_parameters=24 (\u2248 N_t/5)",
      "reg_order=1 (default first-difference smoothness)",
      "noise_std provided \u2192 using discrepancy principle for lambda",
      "physical_bounds=(-500000.0, 500000.0) applied",
      "iter0: lambda decreased to 7.794e-09 (factor=2.0)",
      "iter1: lambda decreased to 3.897e-09 (factor=2.0)",
      "iter2: lambda decreased to 1.948e-09 (factor=2.0)",
      "iter3: lambda decreased to 9.742e-10 (factor=2.0)",
      "iter4: lambda decreased to 4.871e-10 (factor=2.0)",
      "iter5: lambda decreased to 2.436e-10 (factor=2.0)",
      "iter6: lambda decreased to 1.218e-10 (factor=2.0)",
      "iter7: lambda decreased to 6.089e-11 (factor=2.0)"
    ],
    "stop_tolerance": 0.001,
    "iteration_budget": 12,
    "skip_verifier": false
  },
  "final_result": {
    "estimated_x": [
      28201.14573230939,
      24564.540375928365,
      18006.761770752488,
      15841.812425561327,
      24158.611293438003,
      35459.73751489132,
      37975.565227322884,
      43015.21719046399,
      56035.59713349371,
      73557.90877690367,
      83131.06783393944,
      71913.43334291266,
      46219.619423186945,
      25674.802451106752,
      24396.042207290004,
      31929.0908877597,
      32781.46913870627,
      23585.893188783604,
      9144.398112837998,
      -6919.555598669566,
      -13308.90759808688,
      -4796.41837862227,
      2628.3534326237145,
      3317.83281508264
    ],
    "fitted_y": [
      300.0,
      300.0000159872129,
      300.00011410186,
      300.00044248495504,
      300.001240170421,
      300.0028168994221,
      300.0055135897708,
      300.0096599210555,
      300.0155416972116,
      300.02338283455373,
      300.03333674849955,
      300.04548255735676,
      300.05982644618143,
      300.0763100127673,
      300.09482448768307,
      300.1152264882636,
      300.1373515702782,
      300.16102485928815,
      300.18606958586975,
      300.21231400190914,
      300.23960151746786,
      300.26780441809484,
      300.29683518064337,
      300.3266495088737,
      300.35724031714705,
      300.388632377383,
      300.4208829965337,
      300.45408368234297,
      300.4883560105399,
      300.5238400519888,
      300.5606801360315,
      300.59901285091837,
      300.63895860069454,
      300.680616135558,
      300.72405910227286,
      300.7693372979116,
      300.8164828442418,
      300.8655175415145,
      300.9164572570985,
      300.9693121635605,
      301.0240915692017,
      301.0808164539782,
      301.13953179544967,
      301.2003098724471,
      301.26324254273203,
      301.3284366669179,
      301.3960199521743,
      301.46614865785483,
      301.53900612865857,
      301.6147893098423,
      301.6936937176421,
      301.77590490872706,
      301.8615943643498,
      301.95091484721826,
      302.0439929950074,
      302.1409145656096,
      302.24170421402374,
      302.3463096244228,
      302.4545987635919,
      302.5663708720573,
      302.68136165500147,
      302.79923409408406,
      302.9195686026635,
      303.0418692044384,
      303.1655891242505,
      303.2901558560318,
      303.41498287897775,
      303.539474777222,
      303.6630379092648,
      303.78510019473896,
      303.90513460022754,
      304.02267923297717,
      304.1373499087222,
      304.2488449879548,
      304.3569437448856,
      304.46150448615725,
      304.56246486909885,
      304.6598402391894,
      304.75371578942895,
      304.844231997058,
      304.93156706700114,
      305.01592037793955,
      305.0974988492133,
      305.1765068868662,
      305.2531393894981,
      305.3275722205809,
      305.39994899909607,
      305.4703700898885,
      305.5388903420191,
      305.6055261728503,
      305.6702603173645,
      305.7330385629123,
      305.7937651810196,
      305.852306509824,
      305.90850451842044,
      305.9621869537265,
      306.01316693475155,
      306.06123909948275,
      306.10618272348773,
      306.1477745213152,
      306.18580323111394,
      306.22007950472465,
      306.2504410615528,
      306.27675654584755,
      306.298929590598,
      306.31690727674504,
      306.3306925221775,
      306.3403531537089,
      306.34602164317516,
      306.3478849079961,
      306.3461720978966,
      306.3411461264238,
      306.3330968088126,
      306.3223320651289,
      306.3091660243633,
      306.29390636991326,
      306.27684388569213,
      306.2582450962219,
      306.23834832462086,
      306.21736227663627,
      306.1954665441453
    ],
    "status": "success"
  }
}