{
  "final_status": "weak_pass",
  "solver_name": "tsvd",
  "final_lambda": 0.01,
  "final_reg_order": 1,
  "final_residual_norm": 1.332788864198316,
  "final_reg_norm": 64819.494936147516,
  "n_iterations": 1,
  "summary_notes": [
    "Completed in 1 iteration(s)"
  ],
  "final_config": {
    "parameterization_type": "piecewise_constant",
    "num_parameters": 24,
    "reg_order": 1,
    "lambda_strategy": "fixed",
    "lambda_value": 0.01,
    "lambda_grid": null,
    "max_retries": 6,
    "physical_bounds": null,
    "planner_notes": [
      "num_parameters=24 (\u2248 N_t/5)",
      "reg_order=1 (default first-difference smoothness)",
      "noise_std provided \u2192 using discrepancy principle for lambda",
      "lambda_strategy overridden to 'fixed' from config",
      "lambda_value=0.01 supplied \u2192 strategy forced to 'fixed'",
      "solver_name='tsvd' from config overrides"
    ],
    "stop_tolerance": 0.001,
    "iteration_budget": 10,
    "skip_verifier": false,
    "solver_name": "tsvd"
  },
  "final_result": {
    "estimated_x": [
      -4510.544344000969,
      6585.344928186445,
      -4193.367245900956,
      1447.6065616983133,
      -456.2247275766076,
      3248.042287675183,
      -7342.525613258669,
      42962.90845745749,
      53994.048500072895,
      46634.012641387926,
      50686.32189277962,
      49253.94857388767,
      53384.12877652177,
      43388.16733070367,
      56595.23008211449,
      45654.53177439597,
      51104.39083858259,
      52725.77009449262,
      41694.54151921638,
      58607.640629165115,
      45114.30745884926,
      50872.805900138635,
      51690.820916092736,
      48707.266725194684
    ],
    "fitted_y": [
      300.0,
      299.99344672757934,
      299.97862028257583,
      299.957243684194,
      299.93161909663786,
      299.9196625798559,
      299.9267911970159,
      299.949501478082,
      299.98257429063244,
      300.02185870990405,
      300.04893251983214,
      300.0579663794071,
      300.05203308451286,
      300.0360047346918,
      300.0137943053721,
      299.99620944180134,
      299.9870304045937,
      299.98509546137115,
      299.98812739656694,
      299.9942455957696,
      299.99942013294486,
      300.002135970154,
      300.00263959495237,
      300.00161111159565,
      299.99963098653035,
      300.00247392302316,
      300.0117974529712,
      300.0263352429568,
      300.0442863005979,
      300.0642305206335,
      300.0698396364088,
      300.05649122421056,
      300.0278775821875,
      299.9891929511702,
      299.94452744186634,
      299.96968182578826,
      300.0855245673959,
      300.2738627270144,
      300.5096360395675,
      300.77319117898696,
      301.06754152385525,
      301.38881598853453,
      301.7279103426616,
      302.0762661935081,
      302.427759840318,
      302.7677934351324,
      303.09120848506296,
      303.3994554202546,
      303.6955424016195,
      303.9820260155644,
      304.2665872567692,
      304.55197014482934,
      304.83743672730236,
      305.1214875845922,
      305.40293003776793,
      305.67894386044344,
      305.94858806165377,
      306.21223532294107,
      306.47057418733465,
      306.724208743206,
      306.97959369063557,
      307.2386383054403,
      307.5000187066768,
      307.76182859599413,
      308.02259192227496,
      308.26684422928474,
      308.49022898911477,
      308.69627377745195,
      308.8899440683227,
      309.0751736106947,
      309.2737892644244,
      309.4924979160412,
      309.72729878000325,
      309.9721080052374,
      310.2220893613518,
      310.458147956521,
      310.67414176525267,
      310.8730737956887,
      311.05983910266673,
      311.23839785424764,
      311.4193302059155,
      311.6063919039205,
      311.79854024692605,
      311.9936395273586,
      312.18992731918223,
      312.388586094576,
      312.5895149946266,
      312.7916699501927,
      312.9939787451161,
      313.1956596986538,
      313.38018813337965,
      313.54306168797916,
      313.6883267972119,
      313.82152535104086,
      313.94700717878277,
      314.09223475731727,
      314.26546179656424,
      314.4613312825908,
      314.6718826423057,
      314.89079330947516,
      315.0942586303123,
      315.2745243341025,
      315.4351643726669,
      315.58211789050625,
      315.720191513744,
      315.86097101522813,
      316.008666683794,
      316.16231253309354,
      316.3197231732543,
      316.47906920912493,
      316.64030955731334,
      316.8029929187206,
      316.96634680222394,
      317.12967940847886,
      317.2925028181181,
      317.45017246375187,
      317.60136395864726,
      317.7471085245865,
      317.8888688320223,
      318.0278018800042,
      318.16468021984497,
      300.0,
      299.9999974429749,
      299.9999817503336,
      299.99992922812305,
      299.9998016448078,
      299.9995554203214,
      299.99916068790594,
      299.9986199470666,
      299.9979766048911,
      299.9973110997111,
      299.99672247105775,
      299.99630036408416,
      299.99609970733246,
      299.9961280626325,
      299.9963474444203,
      299.9966892249095,
      299.997076219531,
      299.99744305837777,
      299.9977483281449,
      299.9979772324232,
      299.99813634692947,
      299.9982440632267,
      299.99832105528645,
      299.9983837647919,
      299.99844163814237,
      299.9984993634966,
      299.998563032133,
      299.99864638892575,
      299.99877382731347,
      299.9989793091528,
      299.9992965496413,
      299.9997415361126,
      300.00029654140025,
      300.00090404727274,
      300.00147216598464,
      300.0019160572977,
      300.00223370492125,
      300.00257538708496,
      300.0032682235679,
      300.00478837389704,
      300.007705912053,
      300.0126288665004,
      300.0201572539493,
      300.03084751902935,
      300.0451858150017,
      300.0635659948616,
      300.0862718902546,
      300.11346856810405,
      300.14520626776186,
      300.18143571328994,
      300.2220323439531,
      300.2668244427123,
      300.315618385689,
      300.3682163323452,
      300.4244254668396,
      300.4840600511955,
      300.54693908580447,
      300.6128829053349,
      300.6817111249223,
      300.75324263264474,
      300.827299432323,
      300.9037138617373,
      300.9823353760827,
      301.0630335369018,
      301.1456964292597,
      301.2302203866626,
      301.3164924305491,
      301.40437420813834,
      301.493695578726,
      301.58425924812354,
      301.67586011643795,
      301.768315144579,
      301.8614900687472,
      301.9553117237241,
      302.04976373673674,
      302.1448649640119,
      302.2406372744503,
      302.3370761825352,
      302.43413516897,
      302.5317254456582,
      302.6297296224333,
      302.72802310541164,
      302.8264940687676,
      302.92505564347414,
      303.02364875275225,
      303.12223918662346,
      303.2208126998531,
      303.3193696548109,
      303.41791983425566,
      303.516477429789,
      303.6150504664059,
      303.7136243019114,
      303.81214714551317,
      303.91052577271927,
      304.0086325915855,
      304.1063295114956,
      304.20350433060173,
      304.30010306194606,
      304.39614423283064,
      304.4917125029663,
      304.5869309575513,
      304.6819205774827,
      304.7767634784357,
      304.87148341561493,
      304.96604565457454,
      305.06037358281435,
      305.15437444435963,
      305.247963360552,
      305.34107854324856,
      305.43368590968345,
      305.52577639199274,
      305.61736015363255,
      305.70846006577193,
      305.79910588388015,
      305.8893294137214,
      305.9791591870713,
      306.06861461323064,
      306.1577013298552,
      306.2464099471416,
      306.33471819681984,
      306.42259513594456
    ],
    "status": "success"
  }
}