{
  "final_status": "weak_pass",
  "final_lambda": 1.9667690729851406e-09,
  "final_reg_order": 2,
  "final_residual_norm": 14.931590380440207,
  "final_reg_norm": 22394.880848433528,
  "n_iterations": 9,
  "summary_notes": [
    "Completed in 9 iteration(s)"
  ],
  "final_config": {
    "parameterization_type": "piecewise_constant",
    "num_parameters": 24,
    "reg_order": 2,
    "lambda_strategy": "fixed",
    "lambda_value": 1.9667690729851406e-09,
    "lambda_grid": null,
    "max_retries": 8,
    "physical_bounds": [
      -500000.0,
      500000.0
    ],
    "planner_notes": [
      "num_parameters=24 (\u2248 N_t/5)",
      "reg_order=0 (default first-difference smoothness)",
      "noise_std provided \u2192 using discrepancy principle for lambda",
      "physical_bounds=(-500000.0, 500000.0) applied",
      "iter0: lambda decreased to 6.294e-09 (factor=2.0)",
      "iter1: oscillatory solution \u2192 increase reg_order to 1",
      "iter2: lambda decreased to 3.147e-09 (factor=2.0)",
      "iter3: lambda decreased to 1.573e-09 (factor=2.0)",
      "iter4: oscillatory solution \u2192 increase reg_order to 2",
      "iter5: lambda decreased to 7.867e-10 (factor=2.0)",
      "iter6: lambda increased to 3.934e-09 (factor=5.0)",
      "iter7: lambda decreased to 1.967e-09 (factor=2.0)"
    ],
    "stop_tolerance": 0.001,
    "iteration_budget": 12
  },
  "final_result": {
    "estimated_x": [
      11192.475232335379,
      14999.191310083028,
      22705.39757458183,
      29535.397349714593,
      34149.84761920633,
      38073.364396126766,
      49013.11915909126,
      54778.96196505429,
      55278.55659180804,
      53965.41643374526,
      53041.375294490594,
      56754.98156460164,
      58175.16658619237,
      51883.54272494655,
      37307.73680411086,
      24061.790154215636,
      18069.753409161036,
      16216.35176702691,
      12394.813393877845,
      10525.099039676841,
      5838.427673852563,
      -2470.6617403264427,
      -3870.031068973155,
      3105.282509764373
    ],
    "fitted_y": [
      300.0,
      300.01626130543593,
      300.0530516805725,
      300.10609562154616,
      300.1696805327429,
      300.24488278685385,
      300.3302106566365,
      300.4223858032102,
      300.51836314056504,
      300.6159702252352,
      300.7250155896089,
      300.8475961719875,
      300.98027427322495,
      301.1188372733573,
      301.2600704676722,
      301.4118035244656,
      301.57536753172076,
      301.74740786149613,
      301.9240176029654,
      302.10225506153915,
      302.2869248827296,
      302.4786429868224,
      302.67498814665726,
      302.87324475836016,
      303.0713969554412,
      303.27386195070153,
      303.48138044352544,
      303.6920359831607,
      303.9036153297711,
      304.1144714135207,
      304.33945622502335,
      304.5821362004233,
      304.8380068995564,
      305.101330024872,
      305.36769984362763,
      305.6426259497835,
      305.92656941762243,
      306.21631683397044,
      306.50836055017925,
      306.8001114513759,
      307.090648438919,
      307.3791908707764,
      307.6650088362756,
      307.94757329790633,
      308.22657180527665,
      308.499948203249,
      308.7671613174911,
      309.02873870650683,
      309.2854158238541,
      309.5378028511126,
      309.7850020558737,
      310.0269799803668,
      310.26432518310224,
      310.4976916084895,
      310.72759496520854,
      310.95979876323923,
      311.1959788347688,
      311.4349051933581,
      311.6748254549019,
      311.91437528259473,
      312.1547355401891,
      312.3959231581528,
      312.6371009995187,
      312.87738995848196,
      313.116154906029,
      313.34386196085893,
      313.55789131511966,
      313.7605350512199,
      313.9549598416759,
      314.14366508046726,
      314.30714769126024,
      314.44090848329404,
      314.55117605541744,
      314.6458046764124,
      314.73085952737597,
      314.79110051694715,
      314.823966354125,
      314.83602949840787,
      314.8349604796457,
      314.8265725676338,
      314.8059593120989,
      314.7731712363355,
      314.73189114254467,
      314.68599049130313,
      314.63831250361,
      314.58798169974233,
      314.5353761882535,
      314.48182002475363,
      314.42858671367435,
      314.37656585739603,
      314.3207381236479,
      314.25992965830574,
      314.1957256548789,
      314.1301060861699,
      314.06456430722847,
      313.99732811838794,
      313.92822824041735,
      313.85826642924917,
      313.7885286071171,
      313.7197973629724,
      313.6457386321459,
      313.56482146122744,
      313.47895349889063,
      313.3905602542202,
      313.3014907654953,
      313.2008604912166,
      313.08620400567395,
      312.9610874886131,
      312.8299540494343,
      312.6961984220448,
      312.55999202417433,
      312.42213433071373,
      312.28393304992653,
      312.1465318486951,
      312.0107088328412,
      311.8870613600383,
      311.7784959776271,
      311.68245857033924,
      311.5954163361084,
      311.51457100461715,
      311.43803681963163,
      300.0,
      300.00000634500753,
      300.0000452847644,
      300.0001756134997,
      300.00049219903514,
      300.00112094772254,
      300.0022094765431,
      300.00391620598066,
      300.00639906524185,
      300.0098049696292,
      300.0142657037366,
      300.01990177872426,
      300.0268287424966,
      300.035159965805,
      300.04500390006683,
      300.056461703753,
      300.0696288126921,
      300.0845977637695,
      300.10145823032656,
      300.1202929901672,
      300.1411742875487,
      300.16416341912344,
      300.18931198594714,
      300.21666204149716,
      300.24624412145135,
      300.2780763176814,
      300.3121662327126,
      300.34851396351235,
      300.387113596524,
      300.4279523265495,
      300.47101432063937,
      300.5162916281546,
      300.56379513088814,
      300.61355795960804,
      300.66562954424114,
      300.7200671401925,
      300.77693018981955,
      300.8362769251917,
      300.8981604451647,
      300.96262321469055,
      301.0296913813705,
      301.0993706230522,
      301.1716441903121,
      301.2464730400643,
      301.3237974297305,
      301.40353873794817,
      301.48560098616167,
      301.56987260977985,
      301.65622926792093,
      301.74453761131343,
      301.83465891859953,
      301.92645192783266,
      302.0197749433104,
      302.11448788253807,
      302.21045428953755,
      302.30754533572065,
      302.4056458756748,
      302.50465957404975,
      302.6045105679062,
      302.7051409963244,
      302.8065068031791,
      302.90857389884053,
      303.01131492427834,
      303.11470642743006,
      303.2187260597591,
      303.32334653609485,
      303.4285262548813,
      303.53420112226985,
      303.6402823950628,
      303.7466610167667,
      303.8532078705266,
      303.9597656037247,
      304.0661400415784,
      304.1721010329856,
      304.27739461425676,
      304.3817544012672,
      304.4849048090179,
      304.5865609453019,
      304.6864332829815,
      304.7842392416277,
      304.87971501340024,
      304.9726224514393,
      305.0627518091069,
      305.14992386219507,
      305.2339928496314,
      305.3148484876309,
      305.39241570371934,
      305.46665223899026,
      305.5375456552834,
      305.60511036541635,
      305.66938261592986,
      305.73041309309747,
      305.78825945027575,
      305.84298188603213,
      305.89464225292335,
      305.943304525802,
      305.98903492587175,
      306.0319015081972,
      306.07197431574656,
      306.1093261651555,
      306.1440310984713,
      306.1761597321842,
      306.2057742507644,
      306.2329266788767,
      306.2576610312845,
      306.2800132219798,
      306.3000061666811,
      306.3176443442569,
      306.3329134692215,
      306.3457864820384,
      306.35623242210477,
      306.3642247701726,
      306.36974741339026,
