{
  "final_status": "fail",
  "final_lambda": 390625.0,
  "final_reg_order": 1,
  "final_residual_norm": 37.50766736080982,
  "final_reg_norm": 2.2024051740412062e-07,
  "n_iterations": 9,
  "summary_notes": [
    "Completed in 9 iteration(s)"
  ],
  "final_config": {
    "parameterization_type": "piecewise_constant",
    "num_parameters": 24,
    "reg_order": 1,
    "lambda_strategy": "fixed",
    "lambda_value": 390625.0,
    "lambda_grid": null,
    "max_retries": 8,
    "physical_bounds": [
      -500000.0,
      500000.0
    ],
    "planner_notes": [
      "num_parameters=24 (\u2248 N_t/5)",
      "reg_order=1 (default first-difference smoothness)",
      "noise_std provided \u2192 using discrepancy principle for lambda",
      "lambda_value=1.0 supplied \u2192 strategy forced to 'fixed'",
      "physical_bounds=(-500000.0, 500000.0) applied",
      "iter0: lambda increased to 5.000e+00 (factor=5.0)",
      "iter1: lambda increased to 2.500e+01 (factor=5.0)",
      "iter2: lambda increased to 1.250e+02 (factor=5.0)",
      "iter3: lambda increased to 6.250e+02 (factor=5.0)",
      "iter4: lambda increased to 3.125e+03 (factor=5.0)",
      "iter5: lambda increased to 1.562e+04 (factor=5.0)",
      "iter6: lambda increased to 7.812e+04 (factor=5.0)",
      "iter7: lambda increased to 3.906e+05 (factor=5.0)"
    ],
    "stop_tolerance": 0.001,
    "iteration_budget": 12
  },
  "final_result": {
    "estimated_x": [
      32241.515317981637,
      32241.515317989288,
      32241.51531800667,
      32241.515318033536,
      32241.515318069367,
      32241.515318113474,
      32241.515318165042,
      32241.515318222668,
      32241.51531828512,
      32241.515318350946,
      32241.51531841862,
      32241.515318486705,
      32241.515318553338,
      32241.515318616883,
      32241.515318676018,
      32241.515318729595,
      32241.51531877686,
      32241.515318816953,
      32241.51531884937,
      32241.51531887402,
      32241.515318891066,
      32241.5153189013,
      32241.515318906113,
      32241.515318907434
    ],
    "fitted_y": [
      300.0,
      300.0468430009822,
      300.1528229043454,
      300.3056235136768,
      300.4887888855704,
      300.6894877107401,
      300.8992415280067,
      301.1127955281158,
      301.3269748021094,
      301.5398854229132,
      301.75041371746624,
      301.9579228895862,
      302.1620698947907,
      302.3626940293728,
      302.5597482218043,
      302.75325602617653,
      302.94328439900744,
      303.1299262206105,
      303.3132890293775,
      303.49348769273905,
      303.6706396677568,
      303.8448619056618,
      304.01626894949385,
      304.1849716823549,
      304.3510766602999,
      304.514685720135,
      304.6758958254694,
      304.8347990630496,
      304.99148273989385,
      305.1460295225783,
      305.29851764616745,
      305.4490210828235,
      305.59760979288916,
      305.74434992465365,
      305.88930402511556,
      306.032531265407,
      306.17408762223266,
      306.31402606663966,
      306.45239675278765,
      306.5892471883916,
      306.72462238500464,
      306.8585650101337,
      306.99111553568935,
      307.1223123479493,
      307.252191897841,
      307.38078879074504,
      307.5081359129525,
      307.6342645434608,
      307.7592044071225,
      307.8829837864411,
      308.00562961320713,
      308.1271675436393,
      308.24762203535875,
      308.3670163895416,
      308.48537283522404,
      308.60271258611635,
      308.7190559175775,
      308.8344221904399,
      308.94882991332224,
      309.06229678294903,
      309.1748397354671,
      309.2864749959286,
      309.3972181222761,
      309.5070840071759,
      309.61608693666426,
      309.72424062680267,
      309.8315582530004,
      309.9380524811713,
      310.0437354988899,
      310.14861899523106,
      310.2527142505741,
      310.35603212560557,
      310.4585831053049,
      310.5603772934462,
      310.66142443825623,
      310.76173394157826,
      310.86131491018773,
      310.96017616129086,
      311.05832622069147,
      311.1557733246241,
      311.2525254619063,
      311.3485903886006,
      311.44397563717774,
      311.53868852018235,
      311.63273611557116,
      311.72612531619654,
      311.81886284263516,
      311.9109552303593,
      312.0024088498966,
      312.0932299013318,
      312.18342440880895,
      312.2729982865089,
      312.3619573074932,
      312.45030709820594,
      312.53805316229915,
      312.6252008659711,
      312.7117554801186,
      312.7977221730063,
      312.8831059956049,
      312.96791189258744,
      313.0521447096601,
      313.13580921555524,
      313.2189101020307,
      313.30145194904867,
      313.383439266928,
      313.4648764798499,
      313.5457679496831,
      313.6261179833149,
      313.70593078866557,
      313.7852105205068,
      313.8639612639669,
      313.9421870528582,
      314.01989187517484,
      314.0970796364388,
      314.17375420735056,
      314.24991937613805,
      314.3255789182002,
      314.40073655762,
      314.4753959451716,
      314.5495607096366,
      314.6232344064877,
      300.0,
      300.0000182776961,
      300.0001304491988,
      300.00050587964023,
      300.00141784926063,
      300.0032228326997,
      300.0063203423127,
      300.01110912987707,
      300.01795118651336,
      300.02714847816355,
      300.0389321673767,
      300.0534617134442,
      300.07083024776205,
      300.0910734881705,
      300.11417978408144,
      300.1401000773006,
      300.16875690617064,
      300.2000521194812,
      300.2338733184726,
      300.27009894446064,
      300.3086023401398,
      300.34925481022236,
      300.39192793982613,
      300.4364952915719,
      300.48283364450026,
      300.5308238041333,
      300.58035115962065,
      300.6313060044653,
      300.68358371796245,
      300.73708482384666,
      300.79171492431396,
      300.8473846248805,
      300.90400936393956,
      300.9615092716424,
      301.01980896096853,
      301.0788373481191,
      301.13852741243113,
      301.19881603326525,
      301.2596437737453,
      301.32095468282483,
      301.38269611201486,
      301.4448185394434,
      301.50727538475087,
      301.5700228569743,
      301.6330197969337,
      301.69622752145114,
      301.7596096895622,
      301.8231321577312,
      301.88676286622297,
      301.95047173463763,
      302.014230509795,
      302.0780127052553,
      302.14179345286834,
      302.205549458789,
      302.26925888801543,
      302.3329012727535,
      302.39645746293314,
      302.4599095015839,
      302.52324062850005,
      302.58643515928117,
      302.64947841935464,
      302.71235672381545,
      302.7750572802922,
      302.8375681742855,
      302.89987830685527,
      302.9619773213124,
      303.0238556050512,
      303.08550419424813,
      303.14691480318527,
      303.20807973994533,
      303.26899185326283,
      303.32964456001486,
      303.39003175725065,
      303.45014784051864,
      303.5099876507178,
      303.5695464337777,
      303.6288198479896,
      303.6878039108572,
      303.74649501192624,
      303.8048898779624,
      303.8629855216355,
      303.920779261679,
      303.97826869173434,
      304.0354516730196,
      304.09232632883163,
      304.1488909712372,
      304.2051441597199,
      304.26108463703537,
      304.31671135486874,
      304.372023462839,
      304.4270202296917,
      304.4817011294367,
      304.53606574787983,
      304.59011383760406,
      304.64384529414457,
      304.6972600991741,
      304.75035837915027,
      304.80314034117015,
      304.85560632428655,
      304.9077567646864,
      304.9595921535381,
      305.01111310113663,
      305.06232025809703,
      305.11321438499715,
      305.16379630839276,
      305.2140668914941,
      305.2640270781509,
      305.31367785069995,
      305.3630202519578,
      305.4120553998824,
      305.4607844124317,
      305.5092084772069,
      305.5573287909729,
