{
  "final_status": "weak_pass",
  "final_lambda": 1.3563486681011864e-08,
  "final_reg_order": 1,
  "final_residual_norm": 27.64708734095438,
  "final_reg_norm": 22664.05732529109,
  "n_iterations": 9,
  "summary_notes": [
    "Completed in 9 iteration(s)"
  ],
  "final_config": {
    "parameterization_type": "piecewise_constant",
    "num_parameters": 24,
    "reg_order": 1,
    "lambda_strategy": "fixed",
    "lambda_value": 1.3563486681011864e-08,
    "lambda_grid": null,
    "max_retries": 8,
    "physical_bounds": [
      -500000.0,
      500000.0
    ],
    "planner_notes": [
      "num_parameters=24 (\u2248 N_t/5)",
      "reg_order=1 (default first-difference smoothness)",
      "noise_std provided \u2192 using discrepancy principle for lambda",
      "physical_bounds=(-500000.0, 500000.0) applied",
      "iter0: lambda decreased to 1.736e-06 (factor=2.0)",
      "iter1: lambda decreased to 8.681e-07 (factor=2.0)",
      "iter2: lambda decreased to 4.340e-07 (factor=2.0)",
      "iter3: lambda decreased to 2.170e-07 (factor=2.0)",
      "iter4: lambda decreased to 1.085e-07 (factor=2.0)",
      "iter5: lambda decreased to 5.425e-08 (factor=2.0)",
      "iter6: lambda decreased to 2.713e-08 (factor=2.0)",
      "iter7: lambda decreased to 1.356e-08 (factor=2.0)"
    ],
    "stop_tolerance": 0.001,
    "iteration_budget": 12,
    "skip_verifier": false
  },
  "final_result": {
    "estimated_x": [
      -2111.13690332561,
      1380.6484680069116,
      458.59950177215075,
      908.7453138768287,
      3540.347123168852,
      7476.313259470612,
      15623.50046891995,
      29787.107607248057,
      40566.85993164414,
      44461.570721674645,
      47246.989499473195,
      49490.1320743742,
      49020.73254998626,
      47449.126491447496,
      49476.86551141822,
      47750.08882598379,
      46116.710249569776,
      43641.25701906286,
      43174.43398971279,
      49227.46159054996,
      50552.80647992935,
      52543.872106123876,
      54928.772093505104,
      55000.92296541716
    ],
    "fitted_y": [
      300.0,
      299.9969327748073,
      299.98999333406476,
      299.9799881279811,
      299.9679946725806,
      299.95992628638584,
      299.9576695706419,
      299.9602347481,
      299.9660475146964,
      299.97384224052746,
      299.98143399630425,
      299.9879437958106,
      299.9934024765455,
      299.99808605662656,
      300.0022439600439,
      300.0067021532053,
      300.01174102249126,
      300.0172559236424,
      300.0230591265899,
      300.0289983635843,
      300.0387964308605,
      300.05339562048107,
      300.07175508133577,
      300.0925117375112,
      300.1146077979316,
      300.14306491172067,
      300.17895359185337,
      300.2205118273394,
      300.2655780111316,
      300.3124974141803,
      300.37202287224625,
      300.44659461680567,
      300.5327029425688,
      300.6259576855733,
      300.72298554255116,
      300.8421527946121,
      300.9875008468249,
      301.15280886082746,
      301.33037544615235,
      301.5142973714304,
      301.71637090232304,
      301.9383342368076,
      302.17465848552234,
      302.4190225249422,
      302.66667754183885,
      302.92020851464963,
      303.17923956894055,
      303.4412002673216,
      303.7034991546259,
      303.9642741600222,
      304.22641327772635,
      304.49031712250405,
      304.7545769634862,
      305.017620351365,
      305.2783049079185,
      305.53919317027953,
      305.8007635387184,
      306.0619852846364,
      306.32166272055116,
      306.5789252795297,
      306.8325657095367,
      307.0821279813803,
      307.32767176467405,
      307.5694119038632,
      307.8075662925979,
      308.0400382205869,
      308.26638593090684,
      308.4873461254772,
      308.70384247363495,
      308.9166112012727,
      309.1291141183378,
      309.34247622338455,
      309.5561674877015,
      309.7693298531444,
      309.9812904296731,
      310.1891136720718,
      310.3918987608211,
      310.59018104878334,
      310.78478906080295,
      310.97639947122235,
      311.1631074731634,
      311.34460016965227,
      311.52170801245546,
      311.6954067497866,
      311.86644856703913,
      312.0317435103309,
      312.1906748035529,
      312.3443991104339,
      312.49431870354806,
      312.6415128121788,
      312.7860202434573,
      312.9281147525578,
      313.0682551946016,
      313.2068543819103,
      313.3442075689793,
      313.48930114237317,
      313.6445635258267,
      313.8077569290128,
      313.9758377590974,
      314.1464251648107,
      314.3198700440778,
      314.4957014510075,
      314.672822998766,
      314.8502059672781,
      315.0271154979031,
      315.2059770402815,
      315.3872696652336,
      315.57007217871126,
      315.75328168695796,
      315.93606453038103,
      316.1213487333931,
      316.3097229591274,
      316.50009437413144,
      316.69114929773014,
      316.88189393483407,
      317.0717926553411,
      317.26048994493715,
      317.4477404449467,
      317.63339096405053,
      317.8173578759044,
      317.99960446592536,
      300.0,
      299.9999988031976,
      299.9999914583381,
      299.99996687558973,
      299.99990716088024,
      299.9997909521562,
      299.9996002795039,
      299.9993273747245,
      299.9989781315587,
      299.99857138494906,
      299.99813474268853,
      299.99769878735,
      299.99729178044583,
      299.99693627077573,
      299.99664786268994,
      299.9964358667555,
      299.9963050953144,
      299.99625785298224,
      299.99629541989424,
      299.9964188076142,
      299.9966304299177,
      299.9969371611545,
      299.99735309094183,
      299.99790018858187,
      299.9986065313924,
      299.99950526836375,
      300.00063588353623,
      300.00204580051854,
      300.0037898457444,
      300.0059269475961,
      300.0085198782774,
      300.01164030398274,
      300.01537437580265,
      300.01982334594476,
      300.0250978631249,
      300.0313165075961,
      300.03861319819583,
      300.04714569497344,
      300.05709586400855,
      300.06865939118234,
      300.0820353704697,
      300.0974226275843,
      300.115019217048,
      300.1350188963475,
      300.15760252648977,
      300.182929131961,
      300.2111306219014,
      300.2423098588775,
      300.2765400089163,
      300.3138639094431,
      300.35429526342574,
      300.39782255323814,
      300.4444140243296,
      300.4940216989908,
      300.54658355556415,
      300.6020256770243,
      300.6602655004547,
      300.7212151796991,
      300.7847837450045,
      300.85087758858657,
      300.91939959897184,
      300.9902478047095,
      301.0633144154239,
      301.13848591573674,
      301.21564412951784,
      301.29466703373396,
      301.3754288005221,
      301.45779979178707,
      301.541647584414,
      301.6268390842075,
      301.7132443947926,
      301.80074192628547,
      301.8892226755356,
      301.9785921597704,
      302.068769605934,
      302.15968439374643,
      302.2512708355623,
      302.3434633193297,
      302.436193675494,
      302.5293908939699,
      302.62298162948235,
      302.71689036608905,
      302.8110395004594,
      302.90535032431393,
      302.9997448559224,
      303.09414673807987,
      303.1884804164528,
      303.2826697997247,
      303.37663828549296,
      303.47031039790465,
      303.5636141721742,
      303.6564833146855,
      303.7488585713287,
      303.84068859418295,
      303.93193026258547,
      304.02255205141313,
      304.112541054243,
      304.20190911240013,
      304.2906939486763,
      304.378954314474,
      304.4667622279904,
      304.5541955450897,
      304.6413318459087,
      304.72824387899306,
      304.8149961042189,
      304.901643494072,
      304.9882328864743,
      305.0748050661681,
      305.16139618575835,
      305.2480377215005,
      305.3347568280874,
      305.4215781923154,
      305.5085259396417,
      305.5956243489888,
