{
  "final_status": "weak_pass",
  "final_lambda": 1.9336328805176017e-09,
  "final_reg_order": 0,
  "final_residual_norm": 1.5157864421750196,
  "final_reg_norm": 173437.6918825506,
  "n_iterations": 1,
  "summary_notes": [
    "Completed in 1 iteration(s)"
  ],
  "final_config": {
    "parameterization_type": "piecewise_constant",
    "num_parameters": 24,
    "reg_order": 0,
    "lambda_strategy": "discrepancy",
    "lambda_value": 1.9336328805176017e-09,
    "lambda_grid": null,
    "max_retries": 8,
    "physical_bounds": [
      -500000.0,
      500000.0
    ],
    "planner_notes": [
      "num_parameters=24 (\u2248 N_t/5)",
      "reg_order=0 (default first-difference smoothness)",
      "noise_std provided \u2192 using discrepancy principle for lambda",
      "physical_bounds=(-500000.0, 500000.0) applied"
    ],
    "stop_tolerance": 0.001,
    "iteration_budget": 12,
    "skip_verifier": false
  },
  "final_result": {
    "estimated_x": [
      9347.776355710266,
      16167.209642587899,
      19403.4059804029,
      26099.02439538005,
      33948.460277137005,
      41028.60599626075,
      47078.33028904229,
      53802.76982784623,
      57862.91570729671,
      58419.81744476691,
      58016.862643291395,
      55616.63584014004,
      50330.04037724942,
      42471.77205126072,
      37188.71541719018,
      28535.724151266517,
      22336.585468221605,
      16080.418449659197,
      9839.529318852863,
      9061.846171599334,
      4590.783246526765,
      2988.54008235888,
      2444.5797030686367,
      663.6293373095334
    ],
    "fitted_y": [
      300.0,
      300.0135811822954,
      300.044307915362,
      300.08860936673494,
      300.14171446789686,
      300.20981084669745,
      300.29304064073256,
      300.3872753123027,
      300.48811374895337,
      300.5922928832278,
      300.70239833839014,
      300.81836802324597,
      300.9381947304389,
      301.0597795371767,
      301.1815853202378,
      301.31236112202635,
      301.45407943911005,
      301.60385681998434,
      301.75810696669265,
      301.9140916951572,
      302.0814388527842,
      302.2620693302337,
      302.45236514990626,
      302.6479783940064,
      302.84561200739824,
      303.05341717928195,
      303.27280471261946,
      303.5003246268908,
      303.731951753404,
      303.96465942709176,
      304.20528912403483,
      304.45498189118695,
      304.71076263787376,
      304.9691874574111,
      305.227679177204,
      305.494360003706,
      305.7708193425555,
      306.05394477282556,
      306.3400246176193,
      306.62626280499535,
      306.91676607378616,
      307.2120202487336,
      307.5098797645503,
      307.80796428568163,
      308.1045229762257,
      308.3992663467438,
      308.6917764033169,
      308.9815088331518,
      309.2680302375774,
      309.5510794169264,
      309.8299501795854,
      310.104462142478,
      310.37480032598154,
      310.64123534798483,
      310.9040114459209,
      311.1598409817645,
      311.40797219811816,
      311.64946017707433,
      311.88565081981733,
      312.1176078416393,
      312.33838087240963,
      312.54643717793556,
      312.74411834125806,
      312.9343440585231,
      313.11937689154206,
      313.2893088098516,
      313.4420981439714,
      313.58134325424146,
      313.71142964025137,
      313.83572301812336,
      313.94876821274374,
      314.04993269780465,
      314.1420760407811,
      314.22840233758103,
      314.3113175288284,
      314.3798171191357,
      314.43156304780643,
      314.47043285175147,
      314.50117484388244,
      314.52741771729586,
      314.54252550341715,
      314.5455847353809,
      314.5398216716231,
      314.5288940638643,
      314.5155409671441,
      314.49244001521106,
      314.45827047680723,
      314.4160366312038,
      314.36926913814233,
      314.3206270974043,
      314.2627556857401,
      314.1943003493312,
      314.1182294509894,
      314.0380421683483,
      313.95637225930295,
      313.87378213131717,
      313.7909840384561,
      313.70884574399986,
      313.6280662547487,
      313.5490947194378,
      313.46568151247925,
      313.3762316167696,
      313.28247777580134,
      313.1866757846468,
      313.0905490436573,
      312.9928727848085,
      312.89368354336375,
      312.7939487905729,
      312.6946634909402,
      312.59653558968887,
      312.49920270221867,
      312.40268752491477,
      312.3073027747718,
      312.21335518521744,
      312.1210454154185,
      312.02788701863983,
      311.9332328968941,
      311.8377525295391,
      311.74231896223523,
      311.6475910593312,
      311.5539799563489,
      300.0,
      300.00000529924887,
      300.0000378211111,
      300.000146669587,
      300.0004110767643,
      300.0009382611995,
      300.00186004784337,
      300.00332786775033,
      300.0055044746979,
      300.00855281745106,
      300.0126262512054,
      300.01786294088043,
      300.02438345023774,
      300.03228943414126,
      300.04166218996545,
      300.05256511650396,
      300.0650511862071,
      300.07917099509297,
      300.0949765573619,
      300.1125194846852,
      300.13185009259695,
      300.1530208821038,
      300.17609083163865,
      300.2011256462484,
      300.2281926809842,
      300.25735677298945,
      300.28868071479144,
      300.3222274032721,
      300.35805935000593,
      300.39623416433363,
      300.4368012109699,
      300.4798025335066,
      300.5252754082609,
      300.5732527788664,
      300.62376026668227,
      300.6768150546969,
      300.7324293050185,
      300.79061477889564,
      300.85138422973745,
      300.91474828820884,
      300.9807119422448,
      301.04927357031283,
      301.120425403432,
      301.19415319984546,
      301.2704342223348,
      301.3492346688884,
      301.430507888397,
      301.51419378631505,
      301.60021931956345,
      301.6884996584082,
      301.77893954705024,
      301.8714347420347,
      301.9658735443354,
      302.0621387508938,
      302.1601097874977,
      302.25966353018714,
      302.3606734138527,
      302.4630082942825,
      302.56653296160187,
      302.67111045410417,
      302.7766025227111,
      302.88286676954255,
      302.98975337717883,
      303.097105176053,
      303.20476168671536,
      303.31256111046577,
      303.4203374313153,
      303.5279165128902,
      303.63511652710025,
      303.7417537682649,
      303.8476486849433,
      303.95262854179674,
      304.05652803935874,
      304.15919115432837,
      304.26047501203254,
      304.3602498840732,
      304.4583930124615,
      304.55478119691276,
      304.6492883987612,
      304.7417897542306,
      304.8321660826829,
      304.92030489564416,
      305.00609959307155,
      305.08945058409677,
      305.1702692904697,
      305.2484801186365,
      305.3240179604766,
      305.3968240480063,
      305.4668445863964,
      305.5340332387078,
      305.5983524064393,
      305.6597706521038,
      305.71825880674794,
      305.77378902656596,
      305.8263377435553,
      305.87589049474656,
      305.92244635679805,
      305.9660205826821,
      306.0066456743871,
      306.0443710738284,
      306.07925930272995,
      306.11137867878074,
      306.1407958190621,
      306.1675717224491,
      306.19176211358956,
      306.2134197263896,
      306.23259649416406,
      306.24934498660883,
      306.2637197973809,
      306.27577902311305,
      306.28558522690736,
      306.2932057341173,
      306.2987121536555,
      306.3021797713432,
      306.3036869545778,
      306.3033135160889,
      306.30113808809307,
      306.29723541368253,
      306.29167511854513,
      306.2845221388442,
      306.27583815726166
    ],
    "status": "success"
  }
}