{
  "final_status": "weak_pass",
  "final_lambda": 2.3502809753699754e-08,
  "final_reg_order": 1,
  "final_residual_norm": 1.5637101192134784,
  "final_reg_norm": 14810.205657195884,
  "n_iterations": 1,
  "summary_notes": [
    "Completed in 1 iteration(s)"
  ],
  "final_config": {
    "parameterization_type": "piecewise_constant",
    "num_parameters": 24,
    "reg_order": 1,
    "lambda_strategy": "discrepancy",
    "lambda_value": 2.3502809753699754e-08,
    "lambda_grid": null,
    "max_retries": 8,
    "physical_bounds": [
      -500000.0,
      500000.0
    ],
    "planner_notes": [
      "num_parameters=24 (\u2248 N_t/5)",
      "reg_order=1 (default first-difference smoothness)",
      "noise_std provided \u2192 using discrepancy principle for lambda",
      "physical_bounds=(-500000.0, 500000.0) applied"
    ],
    "stop_tolerance": 0.001,
    "iteration_budget": 12
  },
  "final_result": {
    "estimated_x": [
      4052.639411092307,
      5252.965949569567,
      7734.314980809315,
      10875.085363421289,
      14262.553656241038,
      17643.810501650198,
      21147.311154092567,
      24478.708102070763,
      27743.2442249815,
      31061.112269315614,
      34466.32318330597,
      38046.00360305396,
      41584.900403306776,
      44954.512058732136,
      48117.74647041965,
      51305.088031961335,
      54676.79470559657,
      58202.856235381645,
      61689.74924264179,
      65133.87558883343,
      68203.15316010447,
      70556.62487620818,
      72082.12087462324,
      72692.57019881134
    ],
    "fitted_y": [
      300.0,
      300.00588799223743,
      300.0192092747181,
      300.0384157470353,
      300.0614389578728,
      300.0884099874627,
      300.11872081720486,
      300.15125241429547,
      300.18499306249737,
      300.21922700264304,
      300.2571037017522,
      300.29929363930626,
      300.3446876261059,
      300.39192848159536,
      300.43998131407056,
      300.4927360201257,
      300.5509814245744,
      300.6132791062405,
      300.67789203304096,
      300.74349986349995,
      300.814166505533,
      300.8906634886605,
      300.97139356080663,
      301.05445786666417,
      301.1384193712273,
      301.22726011215434,
      301.3217074688281,
      301.4201445605664,
      301.52066581527265,
      301.6218340848753,
      301.72781243439266,
      301.83938023072056,
      301.9548803536424,
      302.07235184398047,
      302.19031612962436,
      302.3126613215165,
      302.44008835969197,
      302.5710007470431,
      302.7035248549764,
      302.8362527789367,
      302.97302444115735,
      303.11454785720383,
      303.2592739473763,
      303.40537839819905,
      303.55149094061693,
      303.701554953917,
      303.8563163653897,
      304.0142178394068,
      304.1734165029449,
      304.33252732953406,
      304.4956116265221,
      304.6634440478515,
      304.83443211154275,
      305.0066882488073,
      305.1787935154814,
      305.35504111406766,
      305.53625966360704,
      305.7207832491162,
      305.90663199762366,
      306.0923163926004,
      306.28202463269105,
      306.47654223380533,
      306.67420300648416,
      306.8730392191167,
      307.0715732641674,
      307.27375643140255,
      307.48031625194966,
      307.6896561041216,
      307.899898522225,
      308.10963647504377,
      308.32256871511925,
      308.53937417079277,
      308.7585540202537,
      308.9783482065694,
      309.19743968188516,
      309.4196217240932,
      309.6456196853761,
      309.8739484080145,
      310.102849528071,
      310.3310049583315,
      310.56247470702004,
      310.79805362587445,
      311.03618558216436,
      311.27501770106005,
      311.5131581743649,
      311.75484247119806,
      312.00089395824847,
      312.2496791074844,
      312.499255175351,
      312.74816232215704,
      313.0005346640527,
      313.25715333054137,
      313.51638348082287,
      313.7762928942238,
      314.03543201613525,
      314.2978803823657,
      314.564408031868,
      314.8334001314512,
      315.10294901006574,
      315.37162427846613,
      315.6429739000539,
      315.9176335150403,
      316.1941371016125,
      316.470772114847,
      316.746260031878,
      317.02320939181567,
      317.30204552214275,
      317.5816139927987,
      317.8605906665481,
      318.13799575071823,
      318.4154312862835,
      318.6931282851864,
      318.97032165124614,
      319.2461530887286,
      319.5199973905247,
      319.792358825963,
      320.06326154946373,
      320.33237441555866,
      320.59935504616215,
      320.863969633121,
      321.1260901743112,
      300.0,
      300.0000022974388,
      300.00001639698246,
      300.00006358720253,
      300.000178218416,
      300.0004057786331,
      300.00079930034696,
      300.00141521024267,
      300.0023091832781,
      300.00353244700347,
      300.0051303376342,
      300.00714356403887,
      300.00961034279374,
      300.01256743767374,
      300.01604942498864,
      300.0200886024242,
      300.0247167565215,
      300.02996723515975,
      300.03587533814675,
      300.0424764763138,
      300.0498049553272,
      300.0578949036173,
      300.06678179768574,
      300.0765024513706,
      300.0870928580256,
      300.0985867066056,
      300.1110161579853,
      300.12441333371953,
      300.13881039246274,
      300.1542375391715,
      300.1707218273088,
      300.1882883165774,
      300.20696191718093,
      300.2267677016374,
      300.24772899435345,
      300.2698660589144,
      300.29319697364446,
      300.3177392288992,
      300.3435099442385,
      300.3705240664501,
      300.3987932491183,
      300.4283269219651,
      300.4591340334481,
      300.4912234149679,
      300.52460211075976,
      300.55927439975017,
      300.5952430119599,
      300.63251096871164,
      300.67108196868713,
      300.71095865616456,
      300.7521415727134,
      300.79463035750604,
      300.838425560148,
      300.883528970386,
      300.9299417521527,
      300.977663344022,
      301.02669272374374,
      301.0770302992226,
      301.1286782287194,
      301.1816384009335,
      301.2359110883167,
      301.2914959421589,
      301.3483936618895,
      301.4066062003963,
      301.4661347408312,
      301.5269783150185,
      301.5891347016739,
      301.6526020067586,
      301.71737891796766,
      301.78346285837324,
      301.85084875311725,
      301.9195299510736,
      301.9894997816158,
      302.060751882828,
      302.13327855373376,
      302.2070697977681,
      302.2821145277864,
      302.35840233176975,
      302.43592390503306,
      302.51466940004786,
      302.594627494067,
      302.6757867118974,
      302.7581372762145,
      302.8416714862283,
      302.926381854069,
      303.0122599449921,
      303.0992975856624,
      303.1874886270298,
      303.2768292116037,
      303.3673157210727,
      303.45894337254833,
      303.55170719644155,
      303.64560361496456,
      303.7406306444623,
      303.83678586596875,
      303.9340650881988,
      304.0324633977369,
      304.13197680962793,
      304.23260256587093,
      304.3343372144611,
      304.4371751723727,
      304.54110943113716,
      304.64613285503833,
      304.75223841927766,
      304.8594175547579,
      304.9676587774852,
      305.0769480377708,
      305.1872696186507,
      305.29860640395816,
      305.41093880189317,
      305.52424378291386,
      305.6384951340611,
      305.7536641011565,
      305.86971979418416,
      305.9866287564799,
      306.10435441858044,
      306.22285716543684,
      306.342094584539,
      306.4620219005949,
      306.58259213761784,
      306.7037561480404
    ],
    "status": "success"
  }
}