{
  "final_status": "weak_pass",
  "final_lambda": 2.090606650064445e-07,
  "final_reg_order": 2,
  "final_residual_norm": 15.514344888172564,
  "final_reg_norm": 8535.487611582625,
  "n_iterations": 1,
  "summary_notes": [
    "Completed in 1 iteration(s)"
  ],
  "final_config": {
    "parameterization_type": "piecewise_constant",
    "num_parameters": 24,
    "reg_order": 2,
    "lambda_strategy": "discrepancy",
    "lambda_value": 2.090606650064445e-07,
    "lambda_grid": null,
    "max_retries": 8,
    "physical_bounds": [
      -500000.0,
      500000.0
    ],
    "planner_notes": [
      "num_parameters=24 (\u2248 N_t/5)",
      "reg_order=2 (default first-difference smoothness)",
      "noise_std provided \u2192 using discrepancy principle for lambda",
      "physical_bounds=(-500000.0, 500000.0) applied"
    ],
    "stop_tolerance": 0.001,
    "iteration_budget": 12
  },
  "final_result": {
    "estimated_x": [
      62368.940979594925,
      59562.034678763404,
      56403.58139696925,
      52272.92887134474,
      46852.16869191606,
      40439.394580114764,
      34004.57342478935,
      28708.774186333118,
      25827.09948797686,
      26232.14926507879,
      29982.60685608384,
      36228.64999152334,
      43310.18388770931,
      49390.34245867293,
      53050.016886051875,
      53683.9517167004,
      51396.980252855494,
      46758.98074729295,
      40592.22145419576,
      33824.151860551436,
      27079.77599948047,
      20667.69359921621,
      14657.828269370966,
      8857.970406981804
    ],
    "fitted_y": [
      300.0,
      300.09061448678057,
      300.29562514687785,
      300.59120716562114,
      300.9455276792964,
      301.329687330295,
      301.7262148400741,
      302.1260173835767,
      302.5243859568425,
      302.91877396885303,
      303.30317637404835,
      303.6756144726425,
      304.03690759573135,
      304.38852181927854,
      304.73172002528855,
      305.0614324514048,
      305.37675821257034,
      305.6797798921393,
      305.9730034173122,
      306.2584019333841,
      306.5294697261341,
      306.78506480283676,
      307.0278925943281,
      307.26117158610026,
      307.48739537599465,
      307.6989343023714,
      307.89443907176934,
      308.07707168192456,
      308.25057800650825,
      308.4178339336955,
      308.57140672448577,
      308.7100575461005,
      308.83700607873465,
      308.95601685282674,
      309.06995747253393,
      309.1730248682239,
      309.2643795953347,
      309.34676612410914,
      309.4233252802106,
      309.4964285362805,
      309.5634384272492,
      309.6242092861073,
      309.680411693263,
      309.7338495663172,
      309.78585825923074,
      309.83788397509977,
      309.8905963136452,
      309.9441362829774,
      309.9984577991535,
      310.05347819596074,
      310.11456864695504,
      310.1830918355084,
      310.25755582041177,
      310.33599266045525,
      310.4168600536427,
      310.50819993212605,
      310.6117389143964,
      310.72468043524657,
      310.84357736971725,
      310.96577784671155,
      311.09981955403765,
      311.24731262449336,
      311.4048880231048,
      311.5685307262479,
      311.7351830377955,
      311.91167621641944,
      312.09909578523343,
      312.2943816565838,
      312.4939987354137,
      312.69528211175265,
      312.90181921126646,
      313.11395419631964,
      313.32967362443947,
      313.5467626195898,
      313.763581316157,
      313.9800046523051,
      314.19565510117195,
      314.40994450776105,
      314.622371117849,
      314.8326061462397,
      315.0371451514734,
      315.23503463845094,
      315.4271295561738,
      315.6146162384597,
      315.7984459442902,
      315.97253518297924,
      316.1355482782115,
      316.2895450899543,
      316.43709075893463,
      316.58017291191413,
      316.7111580056967,
      316.8285340373997,
      316.9351816471676,
      317.03457845855735,
      317.1293891013509,
      317.2115382989698,
      317.27954020719153,
      317.336647700236,
      317.38671856204274,
      317.43268802323485,
      317.46667940721716,
      317.4873048175237,
      317.49784927468505,
      317.5021706637499,
      317.5031897700932,
      317.4934913707193,
      317.47178960500844,
      317.44121638874196,
      317.40543338590015,
      317.36720271521483,
      317.31958032961217,
      317.26135460946426,
      317.1954471167219,
      317.12527179655484,
      317.05339740566876,
      316.9730519109887,
      316.8830150293006,
      316.7860681863618,
      316.68547637133764,
      316.5836943986802,
      316.482298432025,
      300.0,
      300.0000353569161,
      300.0002523447892,
      300.00097858854076,
      300.00274272955187,
      300.0062327516767,
      300.0122149000698,
      300.02144578788506,
      300.0346018700158,
      300.05223624343495,
      300.0747595048785,
      300.1024379934371,
      300.1354037608569,
      300.17367284064176,
      300.2171676494671,
      300.26573792682444,
      300.3191769678101,
      300.37723464063714,
      300.4396299375794,
      300.50606366707416,
      300.57622768631654,
      300.64980866055083,
      300.7264896204942,
      300.8059530715054,
      300.88788693288774,
      300.97198819056644,
      301.0579619127083,
      301.1455187817603,
      301.2343754193136,
      301.3242586958658,
      301.4149085970063,
      301.5060768322114,
      301.59752391952867,
      301.68901901747756,
      301.7803435379452,
      301.87129404518265,
      301.96168141883095,
      302.05132869504865,
      302.14007059191766,
      302.22775594386104,
      302.3142501492838,
      302.39943550515017,
      302.4832102077169,
      302.56548774227184,
      302.6461973195969,
      302.72528510033516,
      302.8027154354069,
      302.8784712328099,
      302.95255305036494,
      303.0249770601528,
      303.0957743417251,
      303.1649925411355,
      303.2326972489783,
      303.2989708672966,
      303.36390822314036,
      303.4276139404087,
      303.4902038377802,
      303.55180690759653,
      303.61256412874957,
      303.6726227228843,
      303.7321320389017,
      303.7912441869962,
      303.85011595748756,
      303.90890774729047,
      303.9677780840569,
      304.0268791243318,
      304.0863564754652,
      304.14635060477957,
      304.2069963814918,
      304.26841920702554,
      304.3307314739037,
      304.3940318723618,
      304.4584061151306,
      304.5239271950677,
      304.59065411223725,
      304.6586301948364,
      304.7278822054508,
      304.79842043518374,
      304.8702396289919,
      304.9433203291095,
      305.01762916043526,
      305.0931179221895,
      305.16972295382664,
      305.24736635327787,
      305.3259593625918,
      305.4054041948458,
      305.4855931049819,
      305.5664068830242,
      305.64771607745286,
      305.729385533688,
      305.81127721178535,
      305.8932491898745,
      305.9751534098411,
      306.0568366323415,
      306.13814532119284,
      306.21892894840454,
      306.29903890991477,
      306.37832591897654,
      306.4566405152943,
      306.5338376194386,
      306.6097796684088,
      306.6843353043504,
      306.7573763670137,
      306.82877790179975,
      306.89842203045066,
      306.9662005930729,
      307.03201350837264,
      307.09576558852336,
      307.1573660317328,
      307.21673176190785,
      307.2737894702487,
      307.32847381596304,
      307.380724116453,
      307.43048366645417,
      307.47770259088816,
      307.5223394542234,
      307.564359281834,
      307.60373006419815,
      307.6404220255374,
      307.67441031706875,
      307.70567981485436
    ],
    "status": "success"
  }
}