{
  "final_status": "weak_pass",
  "final_lambda": 0.0757869381196803,
  "final_reg_order": 2,
  "final_residual_norm": 6.9245005706473135,
  "final_reg_norm": 0.029818716641345715,
  "n_iterations": 1,
  "summary_notes": [
    "Completed in 1 iteration(s)"
  ],
  "final_config": {
    "parameterization_type": "piecewise_constant",
    "num_parameters": 24,
    "reg_order": 2,
    "lambda_strategy": "discrepancy",
    "lambda_value": 0.0757869381196803,
    "lambda_grid": null,
    "max_retries": 8,
    "physical_bounds": [
      -500000.0,
      500000.0
    ],
    "planner_notes": [
      "num_parameters=24 (\u2248 N_t/5)",
      "reg_order=2 (default first-difference smoothness)",
      "noise_std provided \u2192 using discrepancy principle for lambda",
      "physical_bounds=(-500000.0, 500000.0) applied"
    ],
    "stop_tolerance": 0.001,
    "iteration_budget": 12,
    "skip_verifier": false
  },
  "final_result": {
    "estimated_x": [
      1701.2464995584473,
      4974.091703922813,
      8246.936868972043,
      11519.7823521302,
      14792.628726693925,
      18065.476833957775,
      21338.32789763732,
      24611.183391243572,
      27884.04477433975,
      31156.913527222354,
      34429.79101213706,
      37702.67812349281,
      40975.57528826719,
      44248.48262974207,
      47521.3999563638,
      50794.32660083703,
      54067.26179275907,
      57340.20451423401,
      60613.153570142706,
      63886.1075261389,
      67159.06464374009,
      70432.02357536387,
      73704.98328975354,
      76977.9431621098
    ],
    "fitted_y": [
      300.0,
      300.00247170428145,
      300.0080638093002,
      300.0161264421881,
      300.02579129338085,
      300.04113635560986,
      300.06296221493847,
      300.08974137634294,
      300.11963586627803,
      300.15124324092477,
      300.18839913067035,
      300.2317844754453,
      300.2798086680415,
      300.3306005274375,
      300.3827420121447,
      300.4400641175206,
      300.5032500956525,
      300.57071602820486,
      300.6406001091792,
      300.7114952320243,
      300.78724414698814,
      300.86854217089945,
      300.9538174456543,
      301.0412200013057,
      301.1293542139916,
      301.22207388563527,
      301.32008490528176,
      301.42182548530036,
      301.52545522696056,
      301.62958758187307,
      301.7380849550845,
      301.85166136939296,
      301.96876273221073,
      302.08755591862024,
      302.20666125754855,
      302.3299476628684,
      302.45813531183745,
      302.5896759268567,
      302.72274188654126,
      302.8559587305059,
      302.9932003144772,
      303.1351914926084,
      303.2803884177347,
      303.426967665861,
      303.57355875890323,
      303.724039343776,
      303.8791378682838,
      304.037313895813,
      304.19674724027493,
      304.3560705015162,
      304.51916427069153,
      304.6867597907836,
      304.8573192794933,
      305.0290250786252,
      305.2005121982118,
      305.37566354290266,
      305.5552125564851,
      305.7376235486936,
      305.921080860653,
      306.1042214127611,
      306.2909299516611,
      306.48194167628594,
      306.675722569758,
      306.87045857483486,
      307.0647881455757,
      307.26259751719795,
      307.46462330811823,
      307.6693328570818,
      307.8749134102516,
      308.0800046715554,
      308.2884940963058,
      308.5011194675333,
      308.7163492418673,
      308.9323717387081,
      309.1478276998745,
      309.36660559318466,
      309.5894441752115,
      309.81481283649526,
      310.0409007984142,
      310.2663496734625,
      310.4950487888651,
      310.7277377252456,
      310.9628866672755,
      311.19868560507666,
      311.4337768973887,
      311.6720506079084,
      311.9142470289593,
      312.1588370305449,
      312.4040112701438,
      312.6484127567258,
      312.8959321945897,
      313.1473104994832,
      313.40101914443346,
      313.65524937423703,
      313.9086447713017,
      314.1650966091618,
      314.4253463556313,
      314.68786602226425,
      314.95084737869297,
      315.21293452221244,
      315.478019235605,
      315.7468434847571,
      316.01787976872515,
      316.2893203319036,
      316.5598097405804,
      316.83324023918294,
      317.11035424773485,
      317.3896247118062,
      317.66924431191137,
      317.9478580449166,
      318.22935857975614,
      318.514488754957,
      318.80172192884265,
      319.08925118622733,
      319.375721924541,
      319.6650272045937,
      319.957910255579,
      320.2528448212962,
      320.54802436360154,
      320.84209465470326,
      321.13419390611546,
      300.0,
      300.0000009644355,
      300.0000068832447,
      300.00002669309913,
      300.0000748138251,
      300.00017191043474,
      300.0003467396663,
      300.0006375334987,
      300.0010911334043,
      300.0017596594151,
      300.00269771822786,
      300.00396187853033,
      300.0056109909135,
      300.00770533364073,
      300.0103039435467,
      300.0134628284103,
      300.01723551071314,
      300.0216743708221,
      300.0268306905448,
      300.03275272761545,
      300.03948453116016,
      300.04706695860517,
      300.05553938250966,
      300.06494000392007,
      300.07530413641143,
      300.08666315882436,
      300.09904563727633,
      300.11247909681373,
      300.1269903807404,
      300.14260395628355,
      300.1593408763596,
      300.17721990152455,
      300.196259263757,
      300.21647701360365,
      300.23788930800333,
      300.26050935563785,
      300.28434851380985,
      300.3094180381033,
      300.33572940509987,
      300.36329258087414,
      300.39211494363803,
      300.42220236800625,
      300.4535609472677,
      300.4861973046031,
      300.5201168426811,
      300.5553226495192,
      300.59181656804634,
      300.62960090097096,
      300.6686787121234,
      300.7090520637819,
      300.75072090430626,
      300.7936841320834,
      300.83794128290486,
      300.88349283107675,
      300.9303384068122,
      300.9784756784948,
      301.0279014099515,
      301.0786131345806,
      301.1306094560002,
      301.18388825305095,
      301.2384455533643,
      301.29427658939403,
      301.35137746358214,
      301.40974544245864,
      301.4693771602686,
      301.53026748098677,
      301.59241055514093,
      301.65580147614924,
      301.72043657562546,
      301.7863116180261,
      301.85342065851603,
      301.9217571005903,
      301.99131534424566,
      302.0620910818225,
      302.1340794890813,
      302.20727407667215,
      302.2816677489281,
      302.3572544464364,
      302.4340294432659,
      302.511987534541,
      302.59112188137385,
      302.6714250731282,
      302.752890765202,
      302.8355139763084,
      302.9192892749883,
      303.0042096170535,
      303.09026741416295,
      303.17745616372866,
      303.2657707499853,
      303.35520562834813,
      303.4457536560529,
      303.5374071673925,
      303.6301595959407,
      303.7240057803317,
      303.81894014533435,
      303.91495552899903,
      304.01204426072417,
      304.11019977926225,
      304.20941694239974,
      304.30969020540283,
      304.4110124427971,
      304.5133760334216,
      304.61677447077966,
      304.72120267852375,
      304.82665518618404,
      304.9331249462293,
      305.04060442419734,
      305.1490872053996,
      305.2585683112417,
      305.36904237786024,
      305.48050246425464,
      305.59294115065535,
      305.7063521375649,
      305.82073056911815,
      305.93607120953214,
      306.0523672439751,
      306.1696113865864,
      306.2877974706927,
      306.4069207788285,
      306.5269762180413,
      306.6479552581988
    ],
    "status": "success"
  }
}