{
  "final_status": "fail",
  "final_lambda": 390625.0,
  "final_reg_order": 1,
  "final_residual_norm": 35.02463870579199,
  "final_reg_norm": 2.2408125816984502e-07,
  "n_iterations": 9,
  "summary_notes": [
    "Completed in 9 iteration(s)"
  ],
  "final_config": {
    "parameterization_type": "piecewise_constant",
    "num_parameters": 24,
    "reg_order": 1,
    "lambda_strategy": "fixed",
    "lambda_value": 390625.0,
    "lambda_grid": null,
    "max_retries": 8,
    "physical_bounds": [
      -500000.0,
      500000.0
    ],
    "planner_notes": [
      "num_parameters=24 (\u2248 N_t/5)",
      "reg_order=1 (default first-difference smoothness)",
      "noise_std provided \u2192 using discrepancy principle for lambda",
      "lambda_value=1.0 supplied \u2192 strategy forced to 'fixed'",
      "physical_bounds=(-500000.0, 500000.0) applied",
      "iter0: lambda increased to 5.000e+00 (factor=5.0)",
      "iter1: lambda increased to 2.500e+01 (factor=5.0)",
      "iter2: lambda increased to 1.250e+02 (factor=5.0)",
      "iter3: lambda increased to 6.250e+02 (factor=5.0)",
      "iter4: lambda increased to 3.125e+03 (factor=5.0)",
      "iter5: lambda increased to 1.562e+04 (factor=5.0)",
      "iter6: lambda increased to 7.812e+04 (factor=5.0)",
      "iter7: lambda increased to 3.906e+05 (factor=5.0)"
    ],
    "stop_tolerance": 0.001,
    "iteration_budget": 12
  },
  "final_result": {
    "estimated_x": [
      32106.48847567359,
      32106.48847568154,
      32106.488475699505,
      32106.488475727267,
      32106.48847576428,
      32106.488475809736,
      32106.488475862625,
      32106.488475921626,
      32106.488475985338,
      32106.488476052276,
      32106.48847612085,
      32106.488476189625,
      32106.488476256924,
      32106.488476321214,
      32106.48847638125,
      32106.488476435738,
      32106.48847648376,
      32106.48847652451,
      32106.488476557548,
      32106.488476582654,
      32106.48847660016,
      32106.48847661072,
      32106.488476615712,
      32106.488476617054
    ],
    "fitted_y": [
      300.0,
      300.0466468234005,
      300.15218288497897,
      300.304343568315,
      300.4867418471752,
      300.6866001495485,
      300.8954755218869,
      301.1081351619756,
      301.32141745731394,
      301.5334364125574,
      301.7430830186864,
      301.9497231464086,
      302.1530151879054,
      302.35279911249376,
      302.5490280457802,
      302.7417254432119,
      302.93095798089433,
      303.1168181501599,
      303.2994130390316,
      303.4788570338778,
      303.6552670998518,
      303.8287596983956,
      303.9994488928446,
      304.1674451019247,
      304.33285443543605,
      304.4957783036943,
      304.6563132642268,
      304.81455101812276,
      304.97057850676003,
      305.124478050509,
      305.2763275567871,
      305.42620068796253,
      305.5741671113855,
      305.72029269831756,
      305.8646397338115,
      306.00726714119196,
      306.14823066273425,
      306.28758304764375,
      306.4253742400356,
      306.5616515486632,
      306.69645979657224,
      306.82984147257895,
      306.96183687909837,
      307.0924842416472,
      307.22181985849704,
      307.3498781901019,
      307.47669198502564,
      307.60229239126994,
      307.72670900920014,
      307.84997000287325,
      307.97210219128993,
      308.09313112322116,
      308.21308115386006,
      308.33197548679783,
      308.44983625797585,
      308.56668459226194,
      308.6825406801021,
      308.79742380124605,
      308.9113523867987,
      309.02434405937106,
      309.13641568418166,
      309.2475834183324,
      309.35786275460964,
      309.4672685233093,
      309.57581495063823,
      309.683515695215,
      309.7903838772708,
      309.89643210967483,
      310.00167252896006,
      310.1061167752481,
      310.20977608167595,
      310.31266126344593,
      310.41478276162667,
      310.5161506376777,
      310.61677459900056,
      310.7166640080636,
      310.81582793350344,
      310.9142751555999,
      311.01201416445093,
      311.1090531617978,
      311.2054001030013,
      311.3010627116414,
      311.3960484886432,
      311.4903647159265,
      311.58401844180565,
      311.67701653026586,
      311.76936567373826,
      311.8610723803246,
      311.9521429938729,
      312.0425836885021,
      312.13240046312717,
      312.2215992071605,
      312.3101856694863,
      312.3981654529851,
      312.48554403825983,
      312.5723267690351,
      312.6585188941334,
      312.7441255601747,
      312.8291517969765,
      312.9136025285034,
      312.99748258016814,
      313.08079670073147,
      313.16354956230236,
      313.2457457256622,
      313.3273896822407,
      313.40848583769076,
      313.48903853561353,
      313.56905206485925,
      313.64853061572546,
      313.72747832558383,
      313.8058992624542,
      313.8837974432552,
      313.96117683927963,
      314.03804133969305,
      314.1143947989855,
      314.19024098951985,
      314.2655836708839,
      314.3404265515641,
      314.41477326704535,
      314.4886274309118,
      314.56199258374613,
      300.0,
      300.0000182011495,
      300.00012990288013,
      300.00050376102604,
      300.00141191133537,
      300.0032093355387,
      300.0062938728414,
      300.0110626050561,
      300.0178760072916,
      300.0270347808623,
      300.038769120213,
      300.05323781682273,
      300.0705336120549,
      300.09069207416417,
      300.113701601355,
      300.1395133408877,
      300.16805015551284,
      300.19921430507566,
      300.23289386154005,
      300.26896777530743,
      300.3073099195105,
      300.3477921378349,
      300.3902865531976,
      300.4346672577366,
      300.4808115465395,
      300.5286007243125,
      300.57792066019346,
      300.6286621071338,
      300.6807208825783,
      300.7339979268663,
      300.7883992375299,
      300.8438357944676,
      300.90022339021516,
      300.9574824894171,
      301.0155380207724,
      301.07431919817975,
      301.1337592816574,
      301.19379541491395,
      301.2543684099939,
      301.31542255017246,
      301.3769054074517,
      301.4387676673562,
      301.500962944604,
      301.56344763162787,
      301.6261807416217,
      301.6891237534119,
      301.7522404782292,
      301.8154969155307,
      301.8788611398465,
      301.94230319675296,
      302.0057949513937,
      302.0693100282535,
      302.13282366332965,
      302.19631266033116,
      302.2597552757007,
      302.3231311273629,
      302.3864211454479,
      302.44960744818854,
      302.51267334557053,
      302.57560321887956,
      302.6383824549997,
      302.70099742633806,
      302.7634353940975,
      302.82568449367625,
      302.88773367261655,
      302.9495726176027,
      303.01119175628656,
      303.0725821623848,
      303.1337355848799,
      303.1946443640683,
      303.2553013786339,
      303.31570007302366,
      303.37583436984585,
      303.43569868812034,
      303.49528789035224,
      303.5545972423812,
      303.6136224206812,
      303.67235945943486,
      303.7308047633083,
      303.7889550727754,
      303.8468074130169,
      303.9043591139954,
      303.96160777943004,
      304.0185512794962,
      304.07518774535015,
      304.1315154961278,
      304.1875330973457,
      304.2432392970245,
      304.29863305123996,
      304.35371351317235,
      304.4084799546296,
      304.4629318518246,
      304.51706879229755,
      304.57089052966785,
      304.62439695990804,
      304.6775880647677,
      304.73046397017475,
      304.78302488235903,
      304.8352711389533,
      304.88720317431785,
      304.93882147756403,
      304.99012665643096,
      305.0411193588088,
      305.09180034209027,
      305.1421704293695,
      305.1922304802415,
      305.2419814346033,
      305.2914242706777,
      305.3405600269138,
      305.3893898165877,
      305.43791475297536,
      305.4861360187043,
