{
  "final_status": "weak_pass",
  "final_lambda": 0.00390625,
  "final_reg_order": 1,
  "final_residual_norm": 19.496170804062462,
  "final_reg_norm": 5.018418000184918,
  "n_iterations": 9,
  "summary_notes": [
    "Completed in 9 iteration(s)"
  ],
  "final_config": {
    "parameterization_type": "piecewise_constant",
    "num_parameters": 24,
    "reg_order": 1,
    "lambda_strategy": "fixed",
    "lambda_value": 0.00390625,
    "lambda_grid": null,
    "max_retries": 8,
    "physical_bounds": [
      -500000.0,
      500000.0
    ],
    "planner_notes": [
      "num_parameters=24 (\u2248 N_t/5)",
      "reg_order=1 (default first-difference smoothness)",
      "noise_std provided \u2192 using discrepancy principle for lambda",
      "lambda_value=1.0 supplied \u2192 strategy forced to 'fixed'",
      "physical_bounds=(-500000.0, 500000.0) applied",
      "iter0: lambda decreased to 5.000e-01 (factor=2.0)",
      "iter1: lambda decreased to 2.500e-01 (factor=2.0)",
      "iter2: lambda decreased to 1.250e-01 (factor=2.0)",
      "iter3: lambda decreased to 6.250e-02 (factor=2.0)",
      "iter4: lambda decreased to 3.125e-02 (factor=2.0)",
      "iter5: lambda decreased to 1.562e-02 (factor=2.0)",
      "iter6: lambda decreased to 7.812e-03 (factor=2.0)",
      "iter7: lambda decreased to 3.906e-03 (factor=2.0)"
    ],
    "stop_tolerance": 0.001,
    "iteration_budget": 12,
    "skip_verifier": false
  },
  "final_result": {
    "estimated_x": [
      32389.862741686484,
      32390.227870961175,
      32391.020077391313,
      32392.19150811433,
      32393.649342042507,
      32395.28099516048,
      32396.98932243657,
      32398.705616227922,
      32400.375067082223,
      32401.96282868013,
      32403.4415827015,
      32404.767537649062,
      32405.89864481367,
      32406.820382738653,
      32407.546031042242,
      32408.07847601744,
      32408.43798137558,
      32408.632474746264,
      32408.68278938338,
      32408.63077799985,
      32408.510169390316,
      32408.389957223826,
      32408.314022146747,
      32408.2879772859
    ],
    "fitted_y": [
      300.0,
      300.0470585317489,
      300.1535260624916,
      300.307029727387,
      300.49103786708366,
      300.69266066425376,
      300.90338078643697,
      301.11791910683615,
      301.3330859219622,
      301.5469784452225,
      301.75847893436344,
      301.9669479057841,
      302.17204039803306,
      302.37359454219705,
      302.57156272227553,
      302.7659700871455,
      302.95688421507407,
      303.14439788641437,
      303.3286184893937,
      303.5096609266658,
      303.6876449908465,
      303.86268852885627,
      304.03490593578846,
      304.2044077921916,
      304.3713005256637,
      304.53568840863954,
      304.6976692265442,
      304.857334721042,
      305.0147716847551,
      305.1700624698017,
      305.3232877017481,
      305.4745220702976,
      305.6238350447936,
      305.77129211571116,
      305.91695539032474,
      306.0608863346243,
      306.203141552932,
      306.343773439831,
      306.4828314133289,
      306.6203624704742,
      306.7564137850158,
      306.89102857499284,
      307.0242466991052,
      307.1561057805661,
      307.28664173093705,
      307.4158911671365,
      307.54388746102364,
      307.67066127537214,
      307.79624157991117,
      307.9206561175355,
      308.0439336633688,
      308.1661003011052,
      308.2871798934583,
      308.4071950200737,
      308.5261673912066,
      308.64411984815786,
      308.76107303150286,
      308.87704575521656,
      308.9920558707171,
      309.1061206013732,
      309.21925825198144,
      309.33148534728497,
      309.44281697211755,
      309.5532674550228,
      309.6628506767852,
      309.77158145813144,
      309.8794732143007,
      309.98653822524204,
      310.09278822094694,
      310.1982345636394,
      310.30288940122534,
      310.4067637849067,
      310.5098678999803,
      310.6122114954898,
      310.7138040687596,
      310.81465565485485,
      310.9147755027017,
      311.0141722154166,
      311.11285406632845,
      311.210829116405,
      311.3081057832721,
      311.40469192509454,
      311.5005949388877,
      311.5958219775182,
      311.6903800122073,
      311.78427616726987,
      311.87751722599234,
      311.9701096628586,
      312.0620597770993,
      312.1533737276339,
      312.24405760118293,
      312.3341173423884,
      312.4235587297053,
      312.51238739613706,
      312.60060886173557,
      312.6882284422994,
      312.77525141996614,
      312.86168301724285,
      312.9475283475333,
      313.0327924125895,
      313.1174799328392,
      313.2015956753957,
      313.2851444184941,
      313.36813084109195,
      313.45055953690536,
      313.53243482092336,
      313.61376106132764,
      313.6945426542536,
      313.7747839063863,
      313.85448905399494,
      313.9336621345265,
      314.0123072016634,
      314.09042831215197,
      314.16802944403094,
      314.24511452826954,
      314.3216873626037,
      314.3977517506885,
      314.47331145856884,
      314.54837017822655,
      314.62293157423596,
      314.6969992324669,
      300.0,
      300.00001836179416,
      300.00013104941263,
      300.0005082072585,
      300.00142437297035,
      300.00323766158095,
      300.0063494245107,
      300.01116025016387,
      300.0180337983244,
      300.027273428356,
      300.0391113713903,
      300.05370782678574,
      300.07115636270856,
      300.09149287147613,
      300.1147056602713,
      300.1407454574629,
      300.16953445858275,
      300.2009740762656,
      300.2349514118074,
      300.27134436529286,
      300.3100257150322,
      300.3508661926785,
      300.39373681290965,
      300.4385105782567,
      300.48506372268247,
      300.5332765247014,
      300.5830338674998,
      300.63422556184764,
      300.6867465283451,
      300.740496855272,
      300.79538173160944,
      300.85131137199323,
      300.90820084626836,
      300.9659699377586,
      301.02454293234723,
      301.08384843737304,
      301.1438191409139,
      301.2043916487539,
      301.26550626722644,
      301.327106803407,
      301.3891403803668,
      301.4515572609047,
      301.51431066242526,
      301.5773566042617,
      301.64065374844847,
      301.70416324264016,
      301.7678485861843,
      301.8316754854854,
      301.89561174001614,
      301.95962713656115,
      302.023693295864,
      302.08778361231924,
      302.15187310560776,
      302.21593837668047,
      302.2799574910321,
      302.343909886139,
      302.4077763221309,
      302.47153875727105,
      302.5351803518017,
      302.5986853457909,
      302.662038992394,
      302.72522753790963,
      302.7882381247702,
      302.85105877697225,
      302.91367833696376,
      302.97608639162416,
      303.038273274363,
      303.1002299698583,
      303.1619481436769,
      303.22342005719986,
      303.28463851395026,
      303.34559688743497,
      303.4062890331642,
      303.46670930722365,
      303.52685251260823,
      303.5867138585053,
      303.64628896782045,
      303.70557382407196,
      303.7645647844162,
      303.8232585444882,
      303.88165208670296,
      303.9397427006254,
      303.99752795186936,
      304.0550056748542,
      304.1121739671864,
      304.16903111591495,
      304.2255756565069,
      304.2818063085067,
      304.3377220014084,
      304.39332186358865,
      304.4486051430909,
      304.50357129417966,
      304.5582198834663,
      304.61255064522334,
      304.66656345749647,
      304.7202582850398,
      304.77363523824494,
      304.8266945086809,
      304.8794364207152,
      304.9318613966188,
      304.98396991425875,
      305.0357625715347,
      305.08724000714636,
      305.1384029706047,
      305.1892522781437,
      305.23978878333344,
      305.2900134212986,
      305.3399271663232,
      305.3895310539844,
      305.4388261959552,
      305.48781370457294,
      305.536494762846,
