{
  "final_status": "fail",
  "final_lambda": 5.667856529320733e-05,
  "final_reg_order": 2,
  "final_residual_norm": 1256.5387205696782,
  "final_reg_norm": 13260.965680883022,
  "n_iterations": 9,
  "summary_notes": [
    "Completed in 9 iteration(s)"
  ],
  "final_config": {
    "parameterization_type": "piecewise_constant",
    "num_parameters": 24,
    "reg_order": 2,
    "lambda_strategy": "fixed",
    "lambda_value": 5.667856529320733e-05,
    "lambda_grid": null,
    "max_retries": 8,
    "physical_bounds": [
      -500000.0,
      500000.0
    ],
    "planner_notes": [
      "num_parameters=24 (\u2248 N_t/5)",
      "reg_order=1 (default first-difference smoothness)",
      "noise_std provided \u2192 using discrepancy principle for lambda",
      "physical_bounds=(-500000.0, 500000.0) applied",
      "iter0: oscillatory solution \u2192 increase reg_order to 2",
      "iter1: lambda increased to 3.627e-09 (factor=5.0)",
      "iter2: lambda increased to 1.814e-08 (factor=5.0)",
      "iter3: lambda increased to 9.069e-08 (factor=5.0)",
      "iter4: lambda increased to 4.534e-07 (factor=5.0)",
      "iter5: lambda increased to 2.267e-06 (factor=5.0)",
      "iter6: lambda increased to 1.134e-05 (factor=5.0)",
      "iter7: lambda increased to 5.668e-05 (factor=5.0)"
    ],
    "stop_tolerance": 0.001,
    "iteration_budget": 12
  },
  "final_result": {
    "estimated_x": [
      500000.0,
      500000.0,
      500000.0,
      500000.0,
      495624.5059840708,
      478789.40110793064,
      462266.9503186177,
      445999.89803778275,
      429890.696811957,
      413816.1346055114,
      397643.19427601306,
      381244.381719123,
      364510.93198337476,
      347362.7951250544,
      329754.75095476926,
      311679.0623607189,
      293163.706231826,
      274266.3690728996,
      255064.9880974592,
      235646.09290647952,
      216092.2242319726,
      196470.39748096184,
      176824.36551580232,
      157174.07277027835
    ],
    "fitted_y": [
      0.0,
      0.48973259936246905,
      1.6953636361449753,
      3.5467701877678337,
      5.87209370905839,
      8.509629566333388,
      11.338434433127986,
      14.275762907800527,
      17.267015749666825,
      20.276658887041776,
      23.281693415810878,
      26.267307788430116,
      29.224058124555086,
      32.14604635104479,
      35.02973723357172,
      37.87317959336178,
      40.67549062369835,
      43.436508292415965,
      46.15655507222982,
      48.8362755675098,
      51.47223962784265,
      54.063456016808665,
      56.6116036820257,
      59.11929164822308,
      61.5890526175948,
      64.0065676218687,
      66.36603946671286,
      68.67137343845623,
      70.92970022587234,
      73.14766357429019,
      75.3142404808386,
      77.42574574245333,
      79.48726698579515,
      81.50655161064768,
      83.49053820453273,
      85.42856307084321,
      87.31705268597347,
      89.16098397495777,
      90.9678995113284,
      92.74451026488926,
      94.48008475457564,
      96.17090991323781,
      97.82174185137397,
      99.43987868102543,
      101.03180012535637,
      102.58659914208155,
      104.10038802982501,
      105.57774475556337,
      107.02579573541617,
      108.45086162985439,
      109.84179006690857,
      111.19451254599528,
      112.51349400420938,
      113.8057754877432,
      115.07759674486721,
      116.31750410438143,
      117.52124401962561,
      118.69322879916687,
      119.84049590139625,
      120.96927941225924,
      122.06777496450371,
      123.13154210052869,
      124.1649943454475,
      125.17523333349197,
      126.16854803631732,
      127.13275463679135,
      128.06322618973178,
      128.96442025661915,
      129.84355384141935,
      130.70701710061203,
      131.54223913641408,
      132.3444155873442,
      133.11807556533313,
      133.8705843795913,
      134.60846234695612,
      135.31876940619009,
      135.99653749388295,
      136.6463823643312,
      137.27583511899724,
      137.89155771224233,
      138.48027746946673,
      139.03688633774792,
      139.56609025274125,
      140.07558175510914,
      140.57216380837406,
      141.04228533494603,
      141.48072453145477,
      141.89227205580247,
      142.28476375398049,
      142.6651270865235,
      143.0195997905458,
      143.34287311307045,
      143.63980947106512,
      143.9183600012816,
      144.18555202669367,
      144.4274770383419,
      144.6387704095232,
      144.82434474542032,
      144.99223422987666,
      145.14953588539555,
      145.28225663551459,
      145.38499708986524,
      145.46270035666458,
      145.523452125253,
      145.5743892122474,
      145.60147805340716,
      145.59930142288408,
      145.57281795471124,
      145.53013246638596,
      145.4783999272235,
      145.40357160009899,
      145.3002210507878,
      145.17330755219808,
      145.03093927764397,
      144.88027124787152,
      144.70724778556132,
      144.50643568170048,
      144.28278786689714,
      144.0444062099829,
      143.79843893718134,
      143.55006956279215,
      0.0,
      0.00018818013813870493,
      0.001384904635415296,
      0.005519353862837306,
      0.015850872614464606,
      0.036821916182816494,
      0.07362908149843861,
      0.13168661894269462,
      0.21613470835291082,
      0.33148072020594554,
      0.48139006025849085,
      0.6686127278499043,
      0.8950041490152216,
      1.161608025768146,
      1.4687690423897948,
      1.8162546524536083,
      2.203372844178375,
      2.6290778407656035,
      3.0920620588403835,
      3.590832463373772,
      4.123771022107043,
      4.689179549845454,
      5.28531535540113,
      5.910417627929652,
      6.562732581708159,
      7.2405264091720865,
      7.942087541372818,
      8.665722428336698,
      9.40975782712811,
      10.172550278581731,
      10.95249657209538,
      11.748038436517815,
      12.557661036785632,
      13.379896297879098,
      14.213332289104763,
      15.056620754607948,
      15.908476556555112,
      16.767672201876493,
      17.63303650840029,
      18.50345900519433,
      19.377893429232103,
      20.255353677388328,
      21.134906766415792,
      22.015667823359625,
      22.896804049942382,
      23.777537266009038,
      24.65713832360963,
      25.534920101420813,
      26.41023233746829,
      27.28246605761384,
      28.151054224150545,
      29.015469311097075,
      29.87521406459236,
      30.72981824126966,
      31.578842073000384,
      32.42187929942429,
      33.258553086324596,
      34.08850843217347,
      34.91140839210565,
      35.726939091476325,
      36.53481241772183,
      37.33476236388472,
      38.12653826067361,
      38.90990066271787,
      39.68462749149409,
      40.45051602669658,
      41.207381296395475,
      41.95504755790394,
      42.69334652160065,
      43.42212140863712,
      44.141232366491295,
      44.850551628134184,
      45.54995854590592,
      46.239334395839705,
      46.918570721288404,
      47.587571780239884,
      48.24625192994682,
      48.8945295345906,
      49.53232263512842,
      50.159556792603766,
      50.77616873476863,
      51.382103193705184,
      51.97730728799776,
      52.56172627638101,
      53.135310207330726,
      53.69802027232805,
      54.24982434267832,
      54.790690673302,
      55.32058469389074,
      55.83947686904573,
      56.347346050096306,
      56.84417844787782,
      57.329958699091065,
      57.804669240226794,
      58.26829561762116,
      58.72083182919814,
      59.16227880776918,
      59.59263579869466,
      60.01189823743643,
      60.420065397098426,
      60.8171439901227,
      61.203147156123016,
      61.57808656203761,
      61.94196992418706,
      62.294807158337115,
      62.63661694737132,
      62.967423279752225,
      63.28724827734989,
      63.59611063137623,
      63.89403023651349,
      64.18103544399916,
      64.45716012421109,
      64.72243577398359,
      64.97688962592255,
      65.2205506577248,
