{
  "final_status": "pass",
  "final_lambda": 1.4150793782397743e-09,
  "final_reg_order": 1,
  "final_residual_norm": 1.5659255363255349,
  "final_reg_norm": 30536.195797975444,
  "n_iterations": 1,
  "summary_notes": [
    "Completed in 1 iteration(s)"
  ],
  "final_config": {
    "parameterization_type": "piecewise_constant",
    "num_parameters": 24,
    "reg_order": 1,
    "lambda_strategy": "discrepancy",
    "lambda_value": 1.4150793782397743e-09,
    "lambda_grid": null,
    "max_retries": 8,
    "physical_bounds": [
      -500000.0,
      500000.0
    ],
    "planner_notes": [
      "num_parameters=24 (\u2248 N_t/5)",
      "reg_order=1 (default first-difference smoothness)",
      "noise_std provided \u2192 using discrepancy principle for lambda",
      "physical_bounds=(-500000.0, 500000.0) applied"
    ],
    "stop_tolerance": 0.001,
    "iteration_budget": 12,
    "skip_verifier": true
  },
  "final_result": {
    "estimated_x": [
      360.0770816694833,
      -53.10096639934636,
      523.4062470893377,
      39.5577873510398,
      -1527.7460100087437,
      -2102.4645869024066,
      9731.331826447406,
      32396.424808412423,
      48392.073998863554,
      51708.90384824629,
      50060.13929551831,
      50069.769181180345,
      50627.69958195093,
      50944.356139035146,
      50003.062509174495,
      49356.10394830941,
      49637.783490108384,
      50332.34934376543,
      49779.829824932116,
      50327.130595639006,
      50437.35588045807,
      49274.319621972645,
      49285.52108327645,
      50452.49192038623
    ],
    "fitted_y": [
      300.0,
      300.00052314821204,
      300.00170674439056,
      300.0034132397878,
      300.00545885246845,
      300.00709998340744,
      300.0080843965455,
      300.0085112388554,
      300.0085559370134,
      300.0083617738034,
      300.00886255891663,
      300.0103383472459,
      300.0126057697799,
      300.0153930556464,
      300.0184845154863,
      300.02103399758846,
      300.0227681905345,
      300.02381825001584,
      300.02439906958733,
      300.024684276241,
      300.0225130715595,
      300.01736067323145,
      300.009870461668,
      300.0008697294091,
      299.9909990427876,
      299.97984594733765,
      299.96745316644353,
      299.954198519793,
      299.940469778149,
      299.9265511668522,
      299.929818559068,
      299.95489490351866,
      299.99732415079507,
      300.05110228634,
      300.1115382190206,
      300.20845745942995,
      300.3485749088053,
      300.5220645193763,
      300.7166578673104,
      300.9229195741479,
      301.15788824123206,
      301.42383563159177,
      301.7123529402581,
      302.01391984713393,
      302.32138891643945,
      302.6349426208194,
      302.9530248411069,
      303.2727134659805,
      303.5913789033069,
      303.9072024602932,
      304.2166850212246,
      304.5185892230239,
      304.8132499032298,
      305.1014055703381,
      305.38372502115243,
      305.66073716455236,
      305.93283553162206,
      306.2003218809797,
      306.4634419976079,
      306.7224066306959,
      306.9782134798826,
      307.231245036316,
      307.4814443240649,
      307.728671466976,
      307.97283962425035,
      308.2143887830147,
      308.45346767915856,
      308.6900123034492,
      308.9239336655603,
      309.1551858771476,
      309.3824009006831,
      309.605250918295,
      309.8241453463226,
      310.0396244595414,
      310.25212734549706,
      310.4610275249132,
      310.66629727883316,
      310.86834053275857,
      311.06760482835386,
      311.2644398333278,
      311.4595007194084,
      311.6530650550613,
      311.84514584137065,
      312.0356884694543,
      312.2246499291382,
      312.41302129406745,
      312.601068764223,
      312.7885404226821,
      312.9751019521404,
      313.1605006061799,
      313.34377625822987,
      313.5246308021242,
      313.70323254624213,
      313.8798478540857,
      314.0546970910431,
      314.2287307008819,
      314.4022629491384,
      314.5751578205417,
      314.7471887078558,
      314.9181778718463,
      315.0881736147925,
      315.25715565648795,
      315.42505139064184,
      315.59179333736995,
      315.75733784057223,
      315.9199731160821,
      316.0792486095064,
      316.23561085633855,
      316.38966128728725,
      316.54187378630945,
      316.69258329922326,
      316.8419974406056,
      316.9902406599487,
      317.1373898446637,
      317.28349485879875,
      317.4302851154027,
      317.57822978540526,
      317.72690108885064,
      317.87571739785335,
      318.02422561365194,
      318.17212841961816,
      300.0,
      300.0000002041274,
      300.0000014568721,
      300.00000564972396,
      300.00001583470925,
      300.00003575874877,
      300.0000689145696,
      300.0001175851429,
      300.0001823111166,
      300.0002618965324,
      300.0003541301683,
      300.00045703485176,
      300.0005700401218,
      300.0006945617424,
      300.00083388115564,
      300.00099227654937,
      300.00117368441187,
      300.00138048221294,
      300.0016128618665,
      300.0018688786421,
      300.0021440776857,
      300.00243028478855,
      300.0027144797872,
      300.0029787839482,
      300.003201769288,
      300.0033602289903,
      300.0034306438212,
      300.00339024775445,
      300.00321790272744,
      300.0028949045692,
      300.0024123653473,
      300.00178598813125,
      300.00106956826386,
      300.00035859756974,
      299.9997823148731,
      299.99950136367056,
      299.9997186721235,
      300.0006913292455,
      300.0027287671305,
      300.006173846232,
      300.0113830379544,
      300.0187167477372,
      300.0285350983849,
      300.0411902005106,
      300.05701182556567,
      300.07629192711147,
      300.09927353121833,
      300.1261451356814,
      300.1570391986984,
      300.19203310772946,
      300.23115109779286,
      300.2743667391782,
      300.32160687884766,
      300.3727578176197,
      300.42767334024273,
      300.486183509323,
      300.5481030856232,
      300.61323872597046,
      300.6813946593444,
      300.75237684301527,
      300.8259961107281,
      300.90207070952783,
      300.9804280212663,
      301.06090534149837,
      301.14334974881046,
      301.2276175637617,
      301.3135738386599,
      301.4010918133521,
      301.490052344141,
      301.5803431614076,
      301.67185756441194,
      301.76449261436096,
      301.85814748662983,
      301.9527228380834,
      302.0481211236596,
      302.144247230044,
      302.2410088835989,
      302.3383168458909,
      302.43608537551165,
      302.5342328325945,
      302.6326825644896,
      302.7313638909541,
      302.83021271968533,
      302.92917174588496,
      303.02819002092656,
      303.1272225924546,
      303.2262305386405,
      303.32518088155774,
      303.42404617787037,
      303.5228034929189,
      303.6214327865327,
      303.71991505981754,
      303.8182306784732,
      303.91635859398207,
      304.0142763089681,
      304.1119607210756,
      304.2093896299798,
      304.3065430251235,
      304.4034038710053,
      304.4999580579685,
      304.59619389605405,
      304.6921015926865,
      304.78767262850414,
      304.8828993557294,
      304.9777745802909,
      305.07229056760076,
      305.1664375294433,
      305.2602021522944,
      305.3535672880333,
      305.4465127195352,
      305.5390166310484,
      305.63105737151926,
      305.7226147809649,
      305.8136711617028,
      305.90421170308304,
      305.9942251419163,
      306.0837050867615,
      306.17265095690885,
      306.26106804397597,
      306.3489663917209,
      306.4363589456583
    ],
    "status": "success"
  }
}