{
  "final_status": "weak_pass",
  "final_lambda": 0.026919428858112035,
  "final_reg_order": 1,
  "final_residual_norm": 5.046987781491211,
  "final_reg_norm": 0.03606070026895033,
  "n_iterations": 1,
  "summary_notes": [
    "Completed in 1 iteration(s)"
  ],
  "final_config": {
    "parameterization_type": "piecewise_constant",
    "num_parameters": 24,
    "reg_order": 1,
    "lambda_strategy": "discrepancy",
    "lambda_value": 0.026919428858112035,
    "lambda_grid": null,
    "max_retries": 8,
    "physical_bounds": [
      -500000.0,
      500000.0
    ],
    "planner_notes": [
      "num_parameters=24 (\u2248 N_t/5)",
      "reg_order=1 (default first-difference smoothness)",
      "noise_std provided \u2192 using discrepancy principle for lambda",
      "physical_bounds=(-500000.0, 500000.0) applied"
    ],
    "stop_tolerance": 0.001,
    "iteration_budget": 12,
    "skip_verifier": false
  },
  "final_result": {
    "estimated_x": [
      42287.41464088638,
      42287.411575833044,
      42287.40507501496,
      42287.395688339224,
      42287.384105735735,
      42287.37112768958,
      42287.35757595404,
      42287.344233799915,
      42287.33179125736,
      42287.32074953902,
      42287.311378386185,
      42287.30376650682,
      42287.29784870794,
      42287.29341995127,
      42287.290212012085,
      42287.2879704127,
      42287.28645318933,
      42287.28546015245,
      42287.28481866868,
      42287.284415919865,
      42287.28420442779,
      42287.28411786582,
      42287.28409126596,
      42287.28408714397
    ],
    "fitted_y": [
      300.0,
      300.00002397271055,
      300.0001710949162,
      300.000663502999,
      300.0018596266023,
      300.004227011705,
      300.00828965180494,
      300.01457054283054,
      300.0235444660574,
      300.03560747476575,
      300.05106275772084,
      300.07011945892225,
      300.09289972783165,
      300.11945041126774,
      300.14975622842655,
      300.1837528353267,
      300.221338634485,
      300.26238489234345,
      300.30674418849077,
      300.3542570885105,
      300.40475747072065,
      300.45807654045166,
      300.5140458707994,
      300.57249962850875,
      300.63327619892414,
      300.69621924845745,
      300.7611784553281,
      300.82800993021533,
      300.89657645423085,
      300.96674755584763,
      301.0383994243699,
      301.11141481137577,
      301.18568280716073,
      301.2610986556482,
      301.33756348036866,
      301.41498404889654,
      301.49327245795405,
      301.5723459194702,
      301.65212647693625,
      301.7325407458069,
      301.8135196731292,
      301.89499830677846,
      301.97691555267215,
      302.05921397525674,
      302.14183959079077,
      302.2247416630294,
      302.3078725277472,
      302.39118740283516,
      302.47464423926647,
      302.5582035840874,
      302.6418283809086,
      302.72548389057835,
      302.8091374964735,
      302.8927586468072,
      302.9763187031961,
      303.05979082047565,
      303.14314988179575,
      303.2263723351611,
      303.30943619823734,
      303.3923208997056,
      303.4750071927296,
      303.557477128512,
      303.639713928892,
      303.7217019671138,
      303.80342668610086,
      303.8848745023069,
      303.96603280811814,
      304.04688984685515,
      304.1274347512318,
      304.20765743278366,
      304.2875485121599,
      304.3670993551785,
      304.4463019574437,
      304.5251489683829,
      304.60363362153805,
      304.68174968168387,
      304.75949145444207,
      304.83685371657066,
      304.91383173278973,
      304.99042121011036,
      305.06661823053,
      305.1424192774732,
      305.2178211949266,
      305.29282117782344,
      305.3674167648326,
      305.44160574220865,
      305.5153862207116,
      305.5887565514749,
      305.6617153596575,
      305.73426153002174,
      305.80639410357196,
      305.87811239053065,
      305.94941584774665,
      306.02030415080776,
      306.0907771627917,
      306.16083485975025,
      306.2304774076291,
      306.2997050781362,
      306.36851831604685,
      306.4369176935327,
      306.5049038548752,
      306.57247760059727,
      306.6396397841018,
      306.7063914030142,
      306.77273354149247,
      306.8386673317673,
      306.9041940118321,
      306.9693148701568,
      307.0340312745327,
      307.09834469130294,
      307.1622565868083,
      307.2257685187301,
      307.28888205676606,
      307.35159885233975,
      307.41392062658133,
      307.47584906696636,
      307.5373859643301,
      307.5985330806606,
      307.6592922548643,
      307.7196653715171,
      307.77965428394447
    ],
    "status": "success"
  }
}