{
  "final_status": "weak_pass",
  "final_lambda": 1.8533803985957818e-08,
  "final_reg_order": 2,
  "final_residual_norm": 14.998880241427504,
  "final_reg_norm": 7424.812044457198,
  "n_iterations": 9,
  "summary_notes": [
    "Completed in 9 iteration(s)"
  ],
  "final_config": {
    "parameterization_type": "piecewise_constant",
    "num_parameters": 24,
    "reg_order": 2,
    "lambda_strategy": "fixed",
    "lambda_value": 1.8533803985957818e-08,
    "lambda_grid": null,
    "max_retries": 8,
    "physical_bounds": [
      -500000.0,
      500000.0
    ],
    "planner_notes": [
      "num_parameters=24 (\u2248 N_t/5)",
      "reg_order=2 (default first-difference smoothness)",
      "noise_std provided \u2192 using discrepancy principle for lambda",
      "physical_bounds=(-500000.0, 500000.0) applied",
      "iter0: lambda decreased to 2.372e-06 (factor=2.0)",
      "iter1: lambda decreased to 1.186e-06 (factor=2.0)",
      "iter2: lambda decreased to 5.931e-07 (factor=2.0)",
      "iter3: lambda decreased to 2.965e-07 (factor=2.0)",
      "iter4: lambda decreased to 1.483e-07 (factor=2.0)",
      "iter5: lambda decreased to 7.414e-08 (factor=2.0)",
      "iter6: lambda decreased to 3.707e-08 (factor=2.0)",
      "iter7: lambda decreased to 1.853e-08 (factor=2.0)"
    ],
    "stop_tolerance": 0.001,
    "iteration_budget": 12,
    "skip_verifier": false
  },
  "final_result": {
    "estimated_x": [
      10212.953168156144,
      16049.787086719763,
      22360.952169134714,
      28675.950702470163,
      34844.18620992932,
      40899.93829727082,
      47237.70200465444,
      51950.771314485544,
      54752.46450897059,
      56249.21921574009,
      56911.79894661794,
      56776.808441047906,
      54100.706993959866,
      47674.42674161311,
      38118.673818208175,
      28289.766705340342,
      20591.015993766585,
      15332.80451581599,
      11358.843314329744,
      8181.6773540028535,
      4718.576361294415,
      887.3001004416567,
      -1976.1933073860434,
      -3771.935702572201
    ],
    "fitted_y": [
      300.0,
      300.0148381789929,
      300.0484088030513,
      300.0968105438435,
      300.1548307499886,
      300.226885133467,
      300.31251364693446,
      300.40782209511684,
      300.5088256840872,
      300.6126015739153,
      300.7264314508562,
      300.8515687877779,
      300.9849192992623,
      301.1228680179032,
      301.2626867375544,
      301.4117829295501,
      301.5714950423487,
      301.73878961020614,
      301.9100982928604,
      302.0827305336478,
      302.26391206875604,
      302.45495236110025,
      302.6528975989735,
      302.854275285716,
      303.0564721151618,
      303.2666061296764,
      303.4859835502319,
      303.7117225096935,
      303.94043004959525,
      304.16955529671355,
      304.40667030993717,
      304.653219818417,
      304.90623647853783,
      305.16220006109575,
      305.4184605370293,
      305.6801660322765,
      305.94810491584315,
      306.21991066367343,
      306.49288284682024,
      306.76501477605126,
      307.03910523304506,
      307.31548113249397,
      307.5926699012023,
      307.8690466107397,
      308.14342622775877,
      308.4172513319352,
      308.69068507324346,
      308.9629546221202,
      309.2332205523772,
      309.5008866592237,
      309.7665656062587,
      310.030335140901,
      310.2918778523389,
      310.5508577188765,
      310.80705209632737,
      311.060153802041,
      311.3100785359896,
      311.5568935921933,
      311.8007119706807,
      312.041647284835,
      312.2759150563212,
      312.50258855017915,
      312.72277585121526,
      312.9379224772473,
      313.14916804907995,
      313.34794998133657,
      313.53232050766906,
      313.7050609257174,
      313.8696680822631,
      314.0288485477174,
      314.1705155382407,
      314.2921523677366,
      314.3981040928861,
      314.4936755802224,
      314.58293379307827,
      314.65427463279195,
      314.70560829181267,
      314.74169154359777,
      314.7681384969599,
      314.78921105046874,
      314.79650727269257,
      314.788798775113,
      314.770041545831,
      314.74475347647103,
      314.71632676755087,
      314.679315782877,
      314.6330422598867,
      314.58028504885567,
      314.5241557231117,
      314.46696646643346,
      314.40441935411184,
      314.33587229544406,
      314.26333088118173,
      314.18907443387127,
      314.1147924574801,
      314.03693579181027,
      313.9549110465396,
      313.8702632989759,
      313.78477046206507,
      313.6997480452242,
      313.6109884643125,
      313.51764058451556,
      313.42127058104745,
      313.3237516127786,
      313.22648521521216,
      313.12479034136345,
      313.0177169416083,
      312.90700014238814,
      312.7947211601913,
      312.6824431724277,
      312.56699996099877,
      312.4478803549616,
      312.32649446103505,
      312.2044585377143,
      312.0829699050052,
      311.9601723589526,
      311.83581345425637,
      311.71080689579946,
      311.5861721883683,
      311.4626522056748,
      311.3407029409126,
      300.0,
      300.0000057897171,
      300.0000413216173,
      300.00016024448666,
      300.0004491236827,
      300.0010241864559,
      300.00202567376573,
      300.00361055548603,
      300.005942970606,
      300.00918310669846,
      300.01348008982876,
      300.01897142318825,
      300.025785289964,
      300.03404116465316,
      300.04384698450417,
      300.0552978598614,
      300.06847898364856,
      300.0834697543385,
      300.10034509711716,
      300.1191726968133,
      300.1400113682749,
      300.1629133832538,
      300.1879280006801,
      300.21510231212153,
      300.2444782306091,
      300.27609063320585,
      300.30996949556254,
      300.34614322499243,
      300.38463939762994,
      300.42548170478176,
      300.4686882670322,
      300.5142741327298,
      300.56225491710546,
      300.61264758860506,
      300.66546714775063,
      300.7207235850169,
      300.7784218972682,
      300.8385634969035,
      300.9011461635224,
      300.96616158820814,
      301.03359317400384,
      301.1034159439427,
      301.17559759814264,
      301.2500990892375,
      301.3268739795094,
      301.4058679677791,
      301.487019577866,
      301.5702614558073,
      301.6555214305902,
      301.74272286789557,
      301.831784942385,
      301.92262339959666,
      302.01515150335615,
      302.10928093948655,
      302.20492231837744,
      302.30198539117646,
      302.4003791760207,
      302.50001209725673,
      302.6007924732904,
      302.70262910345014,
      302.805430477007,
      302.90910229909576,
      303.0135450444657,
      303.11865365521726,
      303.22431956951664,
      303.33043058429297,
      303.43686685291186,
      303.5434965738974,
      303.65017591855514,
      303.75675392670286,
      303.86307502798235,
      303.9689756723301,
      304.07427977799136,
      304.17879943099064,
      304.28234216578085,
      304.3847165550686,
      304.4857314742149,
      304.5851931852195,
      304.68290661523946,
      304.77868239229264,
      304.8723427866865,
      304.96372234304454,
      305.0526659631574,
      305.13902939326033,
      305.2226835186862,
      305.3035177827068,
      305.38143983142527,
      305.4563730789778,
      305.5282557316952,
      305.5970422575644,
      305.662704018514,
      305.7252272310996,
      305.7846096261294,
      305.8408586599843,
      305.8939919210763,
      305.9440371105663,
      305.99103013538763,
      306.03501235751924,
      306.0760292668899,
      306.11413101458214,
      306.1493721431649,
      306.18180927138627,
      306.21149814058964,
      306.23849255716783,
      306.26284566758795,
      306.28461050285193,
      306.3038383001804,
      306.3205761427408,
      306.3348665707287,
      306.34674974001604,
      306.3562653931095,
      306.3634531612249,
      306.3683519004877,
