{
  "final_status": "fail",
  "final_lambda": 390625.0,
  "final_reg_order": 1,
  "final_residual_norm": 35.11769371809756,
  "final_reg_norm": 2.2023685194752984e-07,
  "n_iterations": 9,
  "summary_notes": [
    "Completed in 9 iteration(s)"
  ],
  "final_config": {
    "parameterization_type": "piecewise_constant",
    "num_parameters": 24,
    "reg_order": 1,
    "lambda_strategy": "fixed",
    "lambda_value": 390625.0,
    "lambda_grid": null,
    "max_retries": 8,
    "physical_bounds": [
      -500000.0,
      500000.0
    ],
    "planner_notes": [
      "num_parameters=24 (\u2248 N_t/5)",
      "reg_order=1 (default first-difference smoothness)",
      "noise_std provided \u2192 using discrepancy principle for lambda",
      "lambda_value=1.0 supplied \u2192 strategy forced to 'fixed'",
      "physical_bounds=(-500000.0, 500000.0) applied",
      "iter0: lambda increased to 5.000e+00 (factor=5.0)",
      "iter1: lambda increased to 2.500e+01 (factor=5.0)",
      "iter2: lambda increased to 1.250e+02 (factor=5.0)",
      "iter3: lambda increased to 6.250e+02 (factor=5.0)",
      "iter4: lambda increased to 3.125e+03 (factor=5.0)",
      "iter5: lambda increased to 1.562e+04 (factor=5.0)",
      "iter6: lambda increased to 7.812e+04 (factor=5.0)",
      "iter7: lambda increased to 3.906e+05 (factor=5.0)"
    ],
    "stop_tolerance": 0.001,
    "iteration_budget": 12,
    "skip_verifier": false
  },
  "final_result": {
    "estimated_x": [
      31901.103186474415,
      31901.103186482233,
      31901.103186499848,
      31901.103186527103,
      31901.10318656342,
      31901.10318660799,
      31901.10318665977,
      31901.10318671756,
      31901.10318677996,
      31901.103186845554,
      31901.103186912824,
      31901.103186980326,
      31901.103187046443,
      31901.103187109708,
      31901.103187168854,
      31901.103187222605,
      31901.103187270062,
      31901.10318731038,
      31901.103187343153,
      31901.103187368197,
      31901.103187385663,
      31901.10318739631,
      31901.103187401328,
      31901.103187402656
    ],
    "fitted_y": [
      300.0,
      300.0463484235515,
      300.1512093706731,
      300.3023966817272,
      300.48362815832934,
      300.6822079666293,
      300.88974716267467,
      301.1010464184997,
      301.3129643464473,
      301.5236270158898,
      301.7319325121412,
      301.9372507624359,
      302.1392423442214,
      302.33774825053126,
      302.53272190682776,
      302.72418661851344,
      302.9122086351665,
      303.0968798564521,
      303.27830668535097,
      303.4566027765015,
      303.63188434683065,
      303.80426711277613,
      303.9738644080101,
      304.14078594490945,
      304.30513715448967,
      304.46701879834444,
      304.6265268163223,
      304.78375232290034,
      304.9387817032923,
      305.0916967512648,
      305.2425748758614,
      305.39148926823196,
      305.53850915006444,
      305.6836999712417,
      305.82712361837906,
      305.9688386378684,
      306.1089004154014,
      306.247361362747,
      306.3842711045273,
      306.51967664686174,
      306.6536225260629,
      306.78615095914574,
      306.9173019907108,
      307.04711360174593,
      307.17562185832276,
      307.30286100045157,
      307.4288635672037,
      307.55366050732675,
      307.67728123183264,
      307.79975372461274,
      307.92110463310655,
      308.0413593426495,
      308.16054205263447,
      308.2786758182192,
      308.3957826337414,
      308.51188348893305,
      308.6269984450819,
      308.7411466586049,
      308.8543464427033,
      308.9666153072561,
      309.07797000959505,
      309.188426603465,
      309.298000482545,
      309.40670638226135,
      309.51455843781594,
      309.6215702204532,
      309.727754766474,
      309.83312460806303,
      309.9376918041159,
      310.04146792029223,
      310.14446411787077,
      310.2466911428688,
      310.34815936956346,
      310.44887879505114,
      310.54885906463505,
      310.6481094808919,
      310.74663905444606,
      310.84445650941,
      310.9415702815705,
      311.0379885202022,
      311.1337191297754,
      311.22876978446243,
      311.32314793720485,
      311.4168608233401,
      311.50991544609434,
      311.6023186255439,
      311.69407701130837,
      311.7851970698572,
      311.8756851044568,
      311.9655472497302,
      312.0547894662174,
      312.1434176056562,
      312.23143738015506,
      312.3188543567529,
      312.4056739809933,
      312.49190156241696,
      312.5775423162697,
      312.6626013562486,
      312.74708367999517,
      312.83099417997573,
      312.9143376507346,
      312.9971188106548,
      313.07934230195775,
      313.1610126562495,
      313.24213433622816,
      313.32271171936355,
      313.40274912147095,
      313.4822508039646,
      313.5612209303369,
      313.6396636114926,
      313.71758288942846,
      313.7949827553669,
      313.87186715519624,
      313.9482399532032,
      314.0241049792205,
      314.0994659814793,
      314.1743266955172,
      314.24869080609756,
      314.32256192544895,
      314.39594364403956,
      314.4688394798028,
      300.0,
      300.00001808471666,
      300.0001290718911,
      300.0005005384655,
      300.00140287933493,
      300.003188805411,
      300.0062536109207,
      300.01099183754314,
      300.01776165442703,
      300.0268618392997,
      300.0385211140515,
      300.0528972543718,
      300.0700824083575,
      300.09011191673295,
      300.1129742519192,
      300.13862087368784,
      300.16697513823664,
      300.1979399306547,
      300.23140403890994,
      300.2672471877583,
      300.3053440571665,
      300.34556731063634,
      300.38778988911486,
      300.431886690173,
      300.477735793842,
      300.52521926412214,
      300.5742237002466,
      300.62464055402063,
      300.676366309345,
      300.7293025402439,
      300.78335584558357,
      300.83843777472424,
      300.894464658877,
      300.95135747147435,
      301.0090416214465,
      301.0674467755111,
      301.12650662062214,
      301.18615870258014,
      301.2463442120551,
      301.30700778874217,
      301.36809734002554,
      301.4295638668947,
      301.49136128079425,
      301.55344625311477,
      301.6157780592429,
      301.6783184244251,
      301.7410313913918,
      301.80388317710145,
      301.8668420603116,
      301.9298782782172,
      301.99296387594046,
      302.05607264669055,
      302.11917998488013,
      302.1822628426048,
      302.245299615401,
      302.3082700515774,
      302.3711552032542,
      302.433937303054,
      302.4965997677286,
      302.5591270784765,
      302.62150471566196,
      302.6837191388679,
      302.74575769078734,
      302.8076085827163,
      302.86926083289956,
      302.9307041939959,
      302.9919291548914,
      303.0529268464042,
      303.1136890702986,
      303.17420821587024,
      303.2344772073579,
      303.29448953114456,
      303.35423914871564,
      303.41372051479243,
      303.4729285247447,
      303.5318584746964,
      303.5905060687793,
      303.64886736654523,
      303.70693879565977,
      303.7647171174479,
      303.82219937612035,
      303.87938291871995,
      303.93626536429485,
      303.99284459664483,
      304.0491187588814,
      304.10508618089267,
      304.1607454373717,
      304.21609528434817,
      304.2711346845757,
      304.3258627966517,
      304.38027889704233,
      304.43438246531116,
      304.48817309163695,
      304.5416505312151,
      304.59481468068367,
      304.647665521909,
      304.7002031800134,
      304.75242785990747,
      304.8043398970642,
      304.8559397230652,
      304.9072278238929,
      304.958204803399,
      305.0088713053288,
      305.05922808223005,
      305.10927595193164,
      305.1590157685297,
      305.2084484659087,
      305.25757501603374,
      305.3063964507111,
      305.3549138760951,
      305.4031283983401,
      305.45104119250834,
