{
  "final_status": "fail",
  "solver_name": "tsvd",
  "final_lambda": 0.01,
  "final_reg_order": 1,
  "final_residual_norm": 14.524965084315264,
  "final_reg_norm": 380767.93649815215,
  "n_iterations": 1,
  "summary_notes": [
    "Completed in 1 iteration(s)"
  ],
  "final_config": {
    "parameterization_type": "piecewise_constant",
    "num_parameters": 24,
    "reg_order": 2,
    "lambda_strategy": "fixed",
    "lambda_value": 0.01,
    "lambda_grid": null,
    "max_retries": 1,
    "physical_bounds": null,
    "planner_notes": [
      "num_parameters=24 (\u2248 N_t/5)",
      "reg_order=1 (default first-difference smoothness)",
      "noise_std provided \u2192 using discrepancy principle for lambda",
      "lambda_strategy overridden to 'fixed' from config",
      "lambda_value=0.01 supplied \u2192 strategy forced to 'fixed'",
      "solver_name='tsvd' from config overrides",
      "iter0: oscillatory solution \u2192 increase reg_order to 2"
    ],
    "stop_tolerance": 0.001,
    "iteration_budget": 1,
    "skip_verifier": false,
    "solver_name": "tsvd"
  },
  "final_result": {
    "estimated_x": [
      26975.514610030674,
      -34955.55514560164,
      52034.1182620195,
      -30843.90675398652,
      87085.56990314322,
      -76828.2282414741,
      94537.42967883879,
      -3037.1800350633894,
      18935.418346989678,
      53949.744880331506,
      -10358.021029022613,
      69017.5469937676,
      24689.740866907043,
      80601.30762326419,
      29509.282580925406,
      57017.3023982389,
      24469.498306377223,
      105220.50046208789,
      19437.083115404334,
      80484.9050833142,
      86246.02086096143,
      55772.56475379387,
      44777.26179740098,
      126626.88302856442
    ],
    "fitted_y": [
      300.0,
      300.03919214233304,
      300.1278623677659,
      300.25570608195824,
      300.40895508768386,
      300.4868955013992,
      300.4588189099684,
      300.3439863339491,
      300.17135079410616,
      299.96397469363757,
      299.863597538861,
      299.9129499452832,
      300.0846135354265,
      300.33769262029006,
      300.6396672949304,
      300.84849334581577,
      300.91910597663684,
      300.87498472264065,
      300.7535006711913,
      300.5846832832807,
      300.5599154982993,
      300.73666615816563,
      301.0775033458883,
      301.52684983726994,
      302.04056251756197,
      302.3511610626976,
      302.37791716906736,
      302.17240001444674,
      301.8116424801221,
      301.35693454350593,
      301.09804709423395,
      301.1257385748696,
      301.39001448641574,
      301.8127556379738,
      302.33138574412845,
      302.7624278709305,
      303.04269685774415,
      303.1936692565415,
      303.2556108787155,
      303.2616199388447,
      303.26586218517104,
      303.2906282183942,
      303.3360293480577,
      303.39603522575385,
      303.4650748567259,
      303.5901926405795,
      303.7823579742143,
      304.0267629025318,
      304.3046814576195,
      304.60166775254214,
      304.81477612185046,
      304.91359480647975,
      304.91913183636825,
      304.8620893590618,
      304.76681591876695,
      304.76483699320175,
      304.8965221414211,
      305.1377099196491,
      305.45162014829924,
      305.8089194421858,
      306.1256854625471,
      306.3728758215357,
      306.56005691931244,
      306.70542191094404,
      306.823963282407,
      307.00700834833907,
      307.2822075780097,
      307.6320897514285,
      308.030503440536,
      308.4566733893413,
      308.82258878741965,
      309.1002370403311,
      309.3039981996818,
      309.4568989694586,
      309.57748870238197,
      309.7181556594218,
      309.8971756318083,
      310.1088237053859,
      310.3419943316087,
      310.5875502629766,
      310.79209300183976,
      310.9394270852111,
      311.0397094317169,
      311.1082002505326,
      311.15705826219255,
      311.31170651041197,
      311.60798875983795,
      312.01813794010974,
      312.50280389630046,
      313.03097548305317,
      313.4574592489949,
      313.73678031055823,
      313.8939784614892,
      313.9682071468614,
      313.99086139703775,
      314.0716009287861,
      314.2468000842504,
      314.5011414365621,
      314.80833598957906,
      315.147053641621,
      315.51141426989375,
      315.8947513093111,
      316.2894916014644,
      316.6894655639296,
      317.09044952775287,
      317.445512198933,
      317.74143665579015,
      317.98893795360993,
      318.2030602412175,
      318.3956788120063,
      318.5587389254866,
      318.69301943611646,
      318.80578642923274,
      318.9045431935045,
      318.9948403749563,
      319.1992220437228,
      319.55115218962675,
      320.02073749263536,
      320.5670290617879,
      321.15794308420504,
      321.7722377242894,
      300.0,
      300.00001529240336,
      300.0001091429554,
      300.0004232544125,
      300.0011862722043,
      300.0026613393462,
      300.00503746177407,
      300.0083229525151,
      300.01229574877846,
      300.016523748569,
      300.0204822844252,
      300.02374283526257,
      300.026144947001,
      300.0278758138363,
      300.0294434272474,
      300.0315314034037,
      300.0347774951292,
      300.0395723363959,
      300.0459564488871,
      300.0536297809072,
      300.06210523156244,
      300.0709665243705,
      300.0801074429581,
      300.0898476641281,
      300.1009046391167,
      300.1141753657971,
      300.13038045806985,
      300.1497389413047,
      300.17181708017625,
      300.19557826267646,
      300.21966478968153,
      300.2428337616588,
      300.2643536757775,
      300.28420354905575,
      300.30304556559616,
      300.3219877303075,
      300.34222855229945,
      300.3647301148406,
      300.39002831792067,
      300.41820065374145,
      300.4489591303285,
      300.4818065098148,
      300.5161901498835,
      300.5516109507416,
      300.58767696788505,
      300.6241328691991,
      300.6608867046641,
      300.69802414350085,
      300.7357946481778,
      300.7745686842374,
      300.8147432500413,
      300.8566069770698,
      300.90022288162044,
      300.9453798440493,
      300.9916210861551,
      301.03836783862323,
      301.08510906149775,
      301.1315729185057,
      301.1778097661831,
      301.2241738163706,
      301.2712113399619,
      301.319497018494,
      301.3694848844886,
      301.4214227213288,
      301.47533886052634,
      301.5311121928085,
      301.5886007894374,
      301.64776537440764,
      301.70873503521545,
      301.7718033389357,
      301.8373477645484,
      301.9056990691412,
      301.97702158750633,
      302.05125313883076,
      302.12811378042323,
      302.20717727962995,
      302.28797761176855,
      302.37010719497175,
      302.4532756235225,
      302.5373225461257,
      302.62217921780694,
      302.7077941362551,
      302.79406083123945,
      302.88077926050386,
      302.9676577841645,
      303.05438878827175,
      303.1407866498283,
      303.2269151167641,
      303.3131385767191,
      303.4000842485194,
      303.4884975791982,
      303.5790265317454,
      303.6720285118084,
      303.767477415931,
      303.8649838467134,
      303.9639265531021,
      304.0636500359074,
      304.16364583693013,
      304.2636545081463,
      304.36367617579725,
      304.46392005985854,
      304.564731334781,
      304.66652017986735,
      304.7697044959018,
      304.8746685560899,
      304.98171988657276,
      305.0910396373831,
      305.20264546145165,
      305.31638610964256,
      305.43196921112934,
      305.54900297140756,
      305.6670346600938,
      305.7855818199147,
      305.90415933306514,
      306.02230383087306,
      306.1396404046222,
      306.25599637664914,
      306.371501053458,
      306.486612817087,
      306.60206270494035,
      306.71874578770945
    ],
    "status": "success"
  }
}