{
  "final_status": "weak_pass",
  "final_lambda": 5.8757024384249385e-09,
  "final_reg_order": 0,
  "final_residual_norm": 13.905335925661735,
  "final_reg_norm": 159552.54485496235,
  "n_iterations": 3,
  "summary_notes": [
    "Completed in 3 iteration(s)"
  ],
  "final_config": {
    "parameterization_type": "piecewise_constant",
    "num_parameters": 24,
    "reg_order": 0,
    "lambda_strategy": "fixed",
    "lambda_value": 5.8757024384249385e-09,
    "lambda_grid": null,
    "max_retries": 8,
    "physical_bounds": [
      -500000.0,
      500000.0
    ],
    "planner_notes": [
      "num_parameters=24 (\u2248 N_t/5)",
      "reg_order=0 (default first-difference smoothness)",
      "noise_std provided \u2192 using discrepancy principle for lambda",
      "physical_bounds=(-500000.0, 500000.0) applied",
      "iter0: lambda decreased to 1.175e-08 (factor=2.0)",
      "iter1: lambda decreased to 5.876e-09 (factor=2.0)"
    ],
    "stop_tolerance": 0.001,
    "iteration_budget": 12,
    "skip_verifier": false
  },
  "final_result": {
    "estimated_x": [
      -379.55133570469894,
      11191.432893130841,
      11550.36564649082,
      22033.087171882362,
      36135.99004540345,
      43110.273296211555,
      41529.534148699924,
      41549.37201832403,
      36889.464647741945,
      31029.313424721207,
      36457.544906836454,
      44672.021293470105,
      44429.543219632455,
      35403.72590573905,
      38363.09553000013,
      33106.08140758084,
      38463.83060256338,
      40293.70792418525,
      34669.92196137687,
      39431.647491661475,
      22808.761693515004,
      13507.909519558532,
      9313.392664024756,
      2122.665566099871
    ],
    "fitted_y": [
      300.0,
      299.9994485580651,
      299.99820094878004,
      299.99640216001984,
      299.9942459133029,
      300.00869449280145,
      300.0442598029297,
      300.0965836077915,
      300.1597974983618,
      300.2293188118542,
      300.3026393509041,
      300.378017608378,
      300.4541810850243,
      300.53026877082874,
      300.60573869820956,
      300.6954977808843,
      300.80336075132044,
      300.9252291182468,
      301.05571329405524,
      301.1906361243699,
      301.34774635939294,
      301.53074116224303,
      301.73323644933515,
      301.94745777148285,
      302.1674715975024,
      302.3995365935939,
      302.6439430316965,
      302.8966256626927,
      303.1532195896501,
      303.4105066262096,
      303.6641345548183,
      303.9122775362156,
      304.1548490534758,
      304.39229305563373,
      304.62507469168276,
      304.8535949760323,
      305.0781482350738,
      305.2989549706659,
      305.5161953964124,
      305.73002733908066,
      305.9338240838127,
      306.1259417789696,
      306.3082848431016,
      306.4833484431911,
      306.65309702661983,
      306.8103455342458,
      306.95371669628724,
      307.08600024012753,
      307.2105480402311,
      307.32993556956325,
      307.4537602557704,
      307.58517016021614,
      307.722761573611,
      307.86418080449755,
      308.0075288649824,
      308.16347800909887,
      308.3343805947383,
      308.51663083508174,
      308.7057594289663,
      308.89833613288783,
      309.091757480349,
      309.2845439965346,
      309.4759576214875,
      309.66563420266056,
      309.85339131632827,
      310.02602820564005,
      310.18007037077433,
      310.3189657971888,
      310.4473418857097,
      310.568823976801,
      310.6901260323391,
      310.8138926017477,
      310.9399290666341,
      311.0673027552905,
      311.19519482161405,
      311.31541362518607,
      311.42561305249137,
      311.5275979285011,
      311.62393209317605,
      311.71663841913977,
      311.81484404216206,
      311.92142723322655,
      312.0348484896605,
      312.15267826294786,
      312.2729663016879,
      312.39706916670025,
      312.52487205153375,
      312.65518033975445,
      312.78675943363675,
      312.91869896179975,
      313.04223729534044,
      313.15486675791476,
      313.25851831634367,
      313.3559353712949,
      313.44928460762765,
      313.54692593905804,
      313.6515757535339,
      313.7619662727795,
      313.8760031416635,
      313.99199630742845,
      314.08466743386504,
      314.14697743955185,
      314.184851828136,
      314.2065201577261,
      314.2184461111251,
      314.21139874939036,
      314.1844901295531,
      314.14288324889367,
      314.09228984295885,
      314.0369831918001,
      313.9736468369573,
      313.9023813887837,
      313.82579742346536,
      313.74661728973376,
      313.6668310104216,
      313.57725541798743,
      313.47589531363946,
      313.36591336507166,
      313.25119204523384,
      313.13468195391783,
      313.01828822066057,
      300.0,
      299.9999997848325,
      299.99999846433485,
      299.99999404471856,
      299.9999833088929,
      299.99996861997596,
      299.99997241363116,
      300.0000507756118,
      300.00029752058856,
      300.0008370296781,
      300.0018101612956,
      300.0033589899418,
      300.00561421441876,
      300.00868682689617,
      300.01266389630086,
      300.017613614684,
      300.0235993494999,
      300.0306941582249,
      300.0389874047784,
      300.0485813853938,
      300.059589455655,
      300.072141674137,
      300.08639137569963,
      300.10251401067643,
      300.12069611594825,
      300.14112259451014,
      300.1639686865254,
      300.189395631855,
      300.2175464954474,
      300.2485405419554,
      300.28246639867194,
      300.3193757066911,
      300.3592795679998,
      300.4021491558008,
      300.44792004566193,
      300.4964989024088,
      300.5477709155432,
      300.6016067964027,
      300.65786869385755,
      300.7164148199613,
      300.7771002221868,
      300.83977357441506,
      300.904273559924,
      300.97042849283235,
      301.0380599759036,
      301.10698573658397,
      301.1770190270955,
      301.24796721732736,
      301.3196332449356,
      301.3918207919201,
      301.4643445870235,
      301.5370439682838,
      301.6097940168608,
      301.6825098488804,
      301.7551433796184,
      301.82767985568205,
      301.9001381218594,
      301.9725710379601,
      302.0450614289757,
      302.1177123639019,
      302.1906343512783,
      302.26393290472095,
      302.337698960312,
      302.4120033604923,
      302.4868948984551,
      302.5623959775307,
      302.63849412483063,
      302.71513489462814,
      302.79222233604577,
      302.8696277904107,
      302.94720540961595,
      303.02481023425634,
      303.10231331047333,
      303.17961054914514,
      303.25662485281447,
      303.3333004594173,
      303.4095916495363,
      303.4854513851866,
      303.560825001563,
      303.63564998045933,
      303.7098629891962,
      303.7834119515527,
      303.85626695018584,
      303.92842522188687,
      303.99990919049736,
      304.07076085661527,
      304.1410359119269,
      304.21079835815925,
      304.28011568603694,
      304.3490543327058,
      304.4176726002882,
      304.48601111099066,
      304.55408482249436,
      304.6218808556395,
      304.6893624971215,
      304.756479814847,
      304.8231843556751,
      304.88944204705285,
      304.95524004010133,
      305.0205866051957,
      305.0854968239211,
      305.1499658740829,
      305.2139439606726,
      305.27732639669637,
      305.3399613359314,
      305.4016637009004,
      305.4622262389252,
      305.5214278710865,
      305.57904348407965,
      305.6348562893967,
      305.6886682905981,
      305.74030587369316,
      305.78962149803186,
      305.83649446532365,
      305.88083203427664,
      305.92256648233234,
      305.96164688253776,
      305.9980299579851,
      306.0316754756087,
      306.06254743458527,
      306.0906189656621
    ],
    "status": "success"
  }
}