{
  "final_status": "weak_pass",
  "final_lambda": 1.5299565849983015e-07,
  "final_reg_order": 1,
  "final_residual_norm": 7.891808851859337,
  "final_reg_norm": 20130.769614834135,
  "n_iterations": 1,
  "summary_notes": [
    "Completed in 1 iteration(s)"
  ],
  "final_config": {
    "parameterization_type": "piecewise_constant",
    "num_parameters": 24,
    "reg_order": 1,
    "lambda_strategy": "discrepancy",
    "lambda_value": 1.5299565849983015e-07,
    "lambda_grid": null,
    "max_retries": 1,
    "physical_bounds": null,
    "planner_notes": [
      "num_parameters=24 (\u2248 N_t/5)",
      "reg_order=1 (default first-difference smoothness)",
      "noise_std provided \u2192 using discrepancy principle for lambda"
    ],
    "stop_tolerance": 0.001,
    "iteration_budget": 1
  },
  "final_result": {
    "estimated_x": [
      18632.48320109913,
      20286.237442847138,
      23661.92150400922,
      28480.76564788482,
      34176.26768281769,
      40053.98850142507,
      45511.659025380926,
      50046.76709189514,
      53106.73126531656,
      54377.34944481148,
      53840.895289997956,
      51514.68977740643,
      47531.495305797354,
      42268.58420421501,
      36279.86797623016,
      29895.35478680607,
      23682.94777805417,
      18040.936482442812,
      13341.338860101794,
      9851.01751201071,
      7344.882271407796,
      5852.769797411561,
      5181.3359283852515,
      4990.801223706445
    ],
    "fitted_y": [
      300.0,
      300.0270707322619,
      300.0883168849192,
      300.1766208854728,
      300.28247278731965,
      300.4008600361617,
      300.5275134876853,
      300.6587646381563,
      300.7919346271009,
      300.9252707952553,
      301.06259912203905,
      301.20456923816874,
      301.3495305428299,
      301.49557008364957,
      301.6412600981429,
      301.79269503478076,
      301.9511832717568,
      302.1145970406214,
      302.28033825940025,
      302.4464401390952,
      302.61991499434714,
      302.80218560285095,
      302.9906566560164,
      303.1822031652012,
      303.37446208346176,
      303.57445198016075,
      303.7835061634739,
      303.99886465130214,
      304.21725382264367,
      304.43620657494404,
      304.6620665426862,
      304.89596954955204,
      305.13529618706804,
      305.37697808716786,
      305.618712743442,
      305.86561529220876,
      306.1185420594501,
      306.37527263378024,
      306.6332402013365,
      306.89053032723064,
      307.1503723815535,
      307.4132215621989,
      307.67752031461583,
      307.94151576230865,
      308.20391811227586,
      308.465768069293,
      308.72709310575027,
      308.9871729505735,
      309.24525955636733,
      309.500828802412,
      309.75279676808753,
      310.00080943652426,
      310.24502003801,
      310.4857094161342,
      310.7231324570713,
      310.9541114343302,
      311.1779181831366,
      311.3955705441872,
      311.60836538424235,
      311.81732468470545,
      312.01735973119423,
      312.20741028153293,
      312.3893006438954,
      312.5652692800663,
      312.73704635607135,
      312.89813977649436,
      313.0472742140413,
      313.18691834247403,
      313.32004727841803,
      313.44894030178887,
      313.5664007879044,
      313.6710827776724,
      313.7658462758634,
      313.8540945248326,
      313.93841931162154,
      314.01124301492683,
      314.07117806244406,
      314.1212909821693,
      314.16520948723917,
      314.2056856654063,
      314.235487204131,
      314.2533411056085,
      314.2622678197161,
      314.26580925019584,
      314.2666406670637,
      314.2582989692787,
      314.2396831241927,
      314.2135596458336,
      314.1831494930405,
      314.1508752842679,
      314.11147037351986,
      314.06407951442617,
      314.01103413744806,
      313.95502314353433,
      313.89805802492094,
      313.8363546404881,
      313.76934475695367,
      313.6987886343565,
      313.62668895503134,
      313.5545317026175,
      313.4796157616714,
      313.40153186223307,
      313.32153216925656,
      313.2410369245103,
      313.16109220656296,
      313.08018273071536,
      312.99810903605317,
      312.9156302025657,
      312.8335870772576,
      312.75258717641583,
      312.6720223303363,
      312.5918322697015,
      312.51236048614487,
      312.43397097650814,
      312.35691353024094,
      312.28104806612237,
      312.2063591243233,
      312.1329269376584,
      312.0608267518175,
      311.9900956786004,
      311.92073602574743,
      300.0,
      300.00001056274374,
      300.00007538704307,
      300.0002923495935,
      300.00081937999096,
      300.00186342367476,
      300.0036592389588,
      300.0064459526925,
      300.0104467780765,
      300.0158545071943,
      300.0228251350454,
      300.031479184708,
      300.04190677591646,
      300.05417265149043,
      300.0683192583234,
      300.0843709854293,
      300.10234089739913,
      300.1222373148053,
      300.14406714593764,
      300.1678351076918,
      300.19354366586055,
      300.2211961230893,
      300.25080025863497,
      300.28236895744226,
      300.3159168997699,
      300.3514582288934,
      300.38900799862165,
      300.42858470808466,
      300.47021027156853,
      300.5139063178878,
      300.5596914560244,
      300.6075822358244,
      300.657595347289,
      300.7097477127488,
      300.76405333438595,
      300.820520894135,
      300.8791544270113,
      300.939955253264,
      301.0029222830844,
      301.0680497951801,
      301.13532550011143,
      301.2047307532097,
      301.27624179001157,
      301.34983018409935,
      301.4254617984212,
      301.50309560289463,
      301.58268348974894,
      301.6641708070149,
      301.74749696739127,
      301.8325957125929,
      301.91939485359904,
      302.0078158461345,
      302.09777363810304,
      302.18917739285695,
      302.2819318920184,
      302.37593806496756,
      302.4710921081171,
      302.5672844791204,
      302.6644005370434,
      302.7623229092766,
      302.86093269979494,
      302.96010818557767,
      303.0597229998575,
      303.1596466080086,
      303.2597475371542,
      303.3598952552285,
      303.4599586983756,
      303.5598038981539,
      303.65929435258124,
      303.7582947886311,
      303.85667358033675,
      303.9543013002987,
      304.05104804772265,
      304.14678363964873,
      304.24138151144194,
      304.33472120496856,
      304.42668667458213,
      304.5171632293071,
      304.60603740247643,
      304.6932007314217,
      304.7785523260075,
      304.8619973918345,
      304.9434442969754,
      305.02280429906193,
      305.0999949674599,
      305.17494253594276,
      305.24758059351734,
      305.317847289461,
      305.38568487594904,
      305.4510424963969,
      305.5138781870534,
      305.5741578619224,
      305.63185289228966,
      305.68693954806105,
      305.7394010114584,
      305.789228922739,
      305.8364226783629,
      305.8809875496203,
      305.9229340485308,
      305.9622790751661,
      305.99904670244223,
      306.0332673707093,
      306.06497617821185,
      306.09421211956914,
      306.12101859895205,
      306.14544388992937,
      306.1675407159791,
      306.1873651940551,
      306.20497623234786,
      306.2204356379705,
      306.2338081881033,
      306.245161396119,
      306.2545648298883,
      306.2620896111159,
      306.26780814925286,
      306.27179385549834,
      306.27412091484103,
      306.27486376844377,
      306.2740967203493,
      306.2718935637769,
      306.2683271969538
    ],
    "status": "success"
  }
}