{
  "final_status": "weak_pass",
  "final_lambda": 7.578693811968019e-10,
  "final_reg_order": 2,
  "final_residual_norm": 1.5446426475273556,
  "final_reg_norm": 23867.237695318072,
  "n_iterations": 1,
  "summary_notes": [
    "Completed in 1 iteration(s)"
  ],
  "final_config": {
    "parameterization_type": "piecewise_constant",
    "num_parameters": 24,
    "reg_order": 2,
    "lambda_strategy": "discrepancy",
    "lambda_value": 7.578693811968019e-10,
    "lambda_grid": null,
    "max_retries": 8,
    "physical_bounds": [
      -500000.0,
      500000.0
    ],
    "planner_notes": [
      "num_parameters=24 (\u2248 N_t/5)",
      "reg_order=2 (default first-difference smoothness)",
      "noise_std provided \u2192 using discrepancy principle for lambda",
      "physical_bounds=(-500000.0, 500000.0) applied"
    ],
    "stop_tolerance": 0.001,
    "iteration_budget": 12,
    "skip_verifier": false
  },
  "final_result": {
    "estimated_x": [
      49.07318963410772,
      143.51493862255302,
      1004.9198971954364,
      498.7947064046577,
      -2240.5255013418428,
      -2939.617886881598,
      9385.556267936507,
      32493.567515452443,
      49234.79822502108,
      52466.66134827567,
      49983.48657710688,
      49469.19271060277,
      50498.423054788866,
      51023.80023197652,
      50106.51492052027,
      49331.14567487418,
      49593.97617698971,
      50178.30445400716,
      49985.24810470837,
      50402.32369841071,
      50320.126809468224,
      49180.69740886303,
      49207.88333516319,
      50948.3293177163
    ],
    "fitted_y": [
      300.0,
      300.00007129737696,
      300.00023260406016,
      300.0004651741862,
      300.00074396099086,
      300.00118664695447,
      300.0018163387177,
      300.00258896161284,
      300.0034514805765,
      300.0043634275358,
      300.00654978901144,
      300.0103226627388,
      300.01534317167636,
      300.02116586574505,
      300.0274445937388,
      300.03321566642813,
      300.0381447980744,
      300.04234017330697,
      300.0460095416033,
      300.0493248176094,
      300.048422557882,
      300.04233201619263,
      300.0321456428741,
      300.0192905545767,
      300.0048755494446,
      299.98861756596085,
      299.97070484683115,
      299.9516800527637,
      299.9320651639429,
      299.9122362139443,
      299.91034060213525,
      299.9312230675823,
      299.9702595499666,
      300.0212057804811,
      300.0791799987622,
      300.1745233979587,
      300.3140389240055,
      300.487680883989,
      300.68292308978477,
      300.8901336537091,
      301.12730476172356,
      301.3969115114767,
      301.69021070037104,
      301.99727128771167,
      302.3106308459844,
      302.63014141592816,
      302.95408661646667,
      303.2794999043893,
      303.6037496085058,
      303.9250246030694,
      304.2386213290193,
      304.54299086133483,
      304.83879239433224,
      305.1271953376555,
      305.40920523911876,
      305.6848136842783,
      305.95435469373695,
      306.2184164326085,
      306.47756504192404,
      306.7322523591492,
      306.9843186611297,
      307.2344238194174,
      307.48238979959956,
      307.7278712248749,
      307.9706140641678,
      308.21124895656675,
      308.4499331567901,
      308.6864787738668,
      308.9206626882947,
      309.1523384093195,
      309.38010651319485,
      309.6036067595854,
      309.82321369555626,
      310.0394394892688,
      310.2527038898811,
      310.46218152254517,
      310.66778813759015,
      310.86997219394203,
      311.0692441676208,
      311.2660034233226,
      311.4609108613424,
      311.65425761102955,
      311.8460766340996,
      312.03633078388873,
      312.2249893953317,
      312.41289134304935,
      312.6002657314757,
      312.7869057601571,
      312.9725351784992,
      313.15694616441016,
      313.33973042024485,
      313.520745161624,
      313.7000323405312,
      313.8776813127485,
      314.0537731058473,
      314.22897647898253,
      314.40349846897186,
      314.5772177855639,
      314.7499531539763,
      314.92156598490084,
      315.09185175416764,
      315.2607337198726,
      315.42822328011,
      315.59435774012053,
      315.7591742313875,
      315.92104864384487,
      316.0795726795709,
      316.2352041450213,
      316.3885447098749,
      316.5400662607474,
      316.6901251530529,
      316.8389337804702,
      316.986609527006,
      317.13322036562545,
      317.27880914955136,
      317.42593368590855,
      317.5752786521368,
      317.7261950939067,
      317.8778072331822,
      318.0294326991268,
      318.180622584398,
      300.0,
      300.00000002781945,
      300.00000019855,
      300.00000076997384,
      300.000002158037,
      300.00000495885047,
      300.00001000199734,
      300.00001839047985,
      300.0000314757582,
      300.00005076164547,
      300.00007825854146,
      300.00011739755905,
      300.00017390554177,
      300.00025602276355,
      300.0003739325616,
      300.00053841442815,
      300.00075908994427,
      300.0010429268615,
      300.0013934975985,
      300.0018110539835,
      300.0022916117262,
      300.00282449168367,
      300.00339005141547,
      300.0039594723545,
      300.0044969696162,
      300.00496307178884,
      300.0053176250275,
      300.00552210105116,
      300.00554133395366,
      300.005344838534,
      300.00491469065616,
      300.0042608898581,
      300.00343524745983,
      300.00253487782925,
      300.00169361943506,
      300.0010790110795,
      300.0009027396033,
      300.0014322003153,
      300.00298823760454,
      300.0059255943265,
      300.01061280203476,
      300.017422771526,
      300.02672896816733,
      300.0388976858057,
      300.0542731937939,
      300.0731613719737,
      300.0958176533709,
      300.1224406978239,
      300.1531705243239,
      300.18808947875283,
      300.22722393278207,
      300.2705461444296,
      300.3179776743288,
      300.3693956878845,
      300.4246418532007,
      300.48353214395365,
      300.54586596615405,
      300.61143385364545,
      300.68002369564607,
      300.75142559265566,
      300.8254360073894,
      300.90186148566835,
      300.9805212936598,
      301.06124847888884,
      301.1438893653993,
      301.22830233062683,
      301.31435662042,
      301.4019312030836,
      301.49091362301215,
      301.58119869685777,
      301.6726867164667,
      301.7652812747234,
      301.8588873864486,
      301.95341073973714,
      302.04875797817266,
      302.1448372873736,
      302.2415587104498,
      302.33883428385224,
      302.4365785563204,
      302.53470937223426,
      302.63314899773366,
      302.7318253390282,
      302.8306727496862,
      302.92963237554034,
      303.028651825282,
      303.12768481290055,
      303.2266910916332,
      303.3256362520318,
      303.4244912676455,
      303.52323151987235,
      303.62183549881615,
      303.7202835080689,
      303.8185564916146,
      303.91663542401096,
      304.0145010621076,
      304.11213425418543,
      304.2095167693406,
      304.30663199555744,
      304.4034653821513,
      304.50000431426565,
      304.59623761401593,
      304.69215499233746,
      304.78774642728956,
      304.8830018893036,
      304.9779111859249,
      305.07246331373585,
      305.1666452911665,
      305.26044095763854,
      305.3538308233351,
      305.4467928855622,
      305.53930408031067,
      305.6313419947162,
      305.7228861249561,
      305.81391876773773,
      305.90442536169843,
      305.9943953924587,
      306.0838243427803,
      306.1727152262249,
      306.26107879057184,
      306.34893200465325,
      306.436295478949
    ],
    "status": "success"
  }
}