{
  "final_status": "weak_pass",
  "solver_name": "tikhonov",
  "final_lambda": 6.099283134889795e-09,
  "final_reg_order": 1,
  "final_residual_norm": 13.770656240515223,
  "final_reg_norm": 26177.98544963196,
  "n_iterations": 7,
  "summary_notes": [
    "Completed in 7 iteration(s)"
  ],
  "final_config": {
    "parameterization_type": "piecewise_constant",
    "num_parameters": 24,
    "reg_order": 1,
    "lambda_strategy": "fixed",
    "lambda_value": 6.099283134889795e-09,
    "lambda_grid": null,
    "max_retries": 6,
    "physical_bounds": null,
    "planner_notes": [
      "num_parameters=24 (\u2248 N_t/5)",
      "reg_order=1 (default first-difference smoothness)",
      "noise_std provided \u2192 using discrepancy principle for lambda",
      "iter0: lambda decreased to 1.952e-07 (factor=2.0)",
      "iter1: lambda decreased to 9.759e-08 (factor=2.0)",
      "iter2: lambda decreased to 4.879e-08 (factor=2.0)",
      "iter3: lambda decreased to 2.440e-08 (factor=2.0)",
      "iter4: lambda decreased to 1.220e-08 (factor=2.0)",
      "iter5: lambda decreased to 6.099e-09 (factor=2.0)"
    ],
    "stop_tolerance": 0.001,
    "iteration_budget": 10,
    "skip_verifier": false,
    "solver_name": "tikhonov"
  },
  "final_result": {
    "estimated_x": [
      9236.24963503666,
      15699.56596034189,
      19974.75693194289,
      27068.329040634413,
      35773.095199946925,
      42410.164514754004,
      47742.84364459754,
      54551.467704025934,
      57860.4077728735,
      56790.94189306569,
      56374.61434386445,
      55160.90757296086,
      49721.11626453423,
      41741.78422769962,
      37019.92665073455,
      28343.74277174988,
      20499.977625595522,
      12294.468799755625,
      6451.7607720655105,
      8008.239695011274,
      5100.506396068567,
      4134.299278604276,
      4951.339250868084,
      4446.7338029709335
    ],
    "fitted_y": [
      300.0,
      300.01341914753266,
      300.04377928520313,
      300.0875521835379,
      300.140023696822,
      300.20690844310604,
      300.28824209804026,
      300.3800503369219,
      300.4781247903186,
      300.5793506675837,
      300.6879206244084,
      300.8042289885587,
      300.92590791322306,
      301.0503496516997,
      301.17561605065634,
      301.3107680614953,
      301.4577641423791,
      301.61346796547787,
      301.7740292342247,
      301.93651484301296,
      302.11166901445995,
      302.30166143753416,
      302.5025014500548,
      302.70937803088304,
      302.9186390723178,
      303.1375597572283,
      303.36723969522956,
      303.60431387210457,
      303.84493466149667,
      304.0862248518488,
      304.3340870151548,
      304.5894554615704,
      304.8496720727013,
      305.11168740672167,
      305.37322923714095,
      305.642744713928,
      305.9219828018666,
      306.20787786076886,
      306.49672417609025,
      306.78572269217887,
      307.07788575145725,
      307.37341106774704,
      307.6704392983881,
      307.9669732491041,
      308.26156094947686,
      308.5517474770888,
      308.8366170448051,
      309.1163204638793,
      309.3912984034135,
      309.66196269056576,
      309.9280300361919,
      310.1895878303439,
      310.44698991160885,
      310.700610177607,
      310.95075364888334,
      311.1958904821628,
      311.4357385298909,
      311.67090642041,
      311.90213483587416,
      312.13001173034445,
      312.3470462243334,
      312.5514465100652,
      312.745487855366,
      312.932090148677,
      313.113527596569,
      313.2797249180298,
      313.42859865037525,
      313.56379489313053,
      313.68976085571717,
      313.80990959308895,
      313.9196319602114,
      314.0185278960023,
      314.1092532672053,
      314.19473165614215,
      314.2771487189938,
      314.3453200257949,
      314.396807507219,
      314.4354419729141,
      314.4659499101498,
      314.491948942281,
      314.5044076374759,
      314.50178213652043,
      314.4879253146584,
      314.46733376891444,
      314.44340119722483,
      314.40640612470105,
      314.3545534093551,
      314.29175492959445,
      314.22263397990884,
      314.1506833809667,
      314.0696730386697,
      313.9787365368668,
      313.88089135413486,
      313.7795513685757,
      313.67725897531534,
      313.5778991325941,
      313.483026100447,
      313.3925818343852,
      313.3060483592721,
      313.2229254385979,
      313.138603762667,
      313.051688934225,
      312.96307310643164,
      312.8740646372518,
      312.785672652367,
      312.6971285560712,
      312.6084217593257,
      312.52010178611533,
      312.432734887448,
      312.34671526608287,
      312.2634567779937,
      312.1833801113993,
      312.10620846905607,
      312.03151601974986,
      311.95894323365974,
      311.8874934137334,
      311.816784789348,
      311.74687007055843,
      311.6778982900946,
      311.60998216671135,
      311.54317986360223,
      300.0,
      300.00000523602444,
      300.00003736987395,
      300.0001449196973,
      300.00040617227774,
      300.00092691120693,
      300.00183674423863,
      300.0032838524975,
      300.00542671913615,
      300.00842331094094,
      300.01242235984796,
      300.01755951161425,
      300.0239564672708,
      300.031720229522,
      300.04094107011167,
      300.0516938965662,
      300.0640447038842,
      300.0780577887554,
      300.0937987865414,
      300.111332120975,
      300.13071995559346,
      300.15202625020976,
      300.1753217803009,
      300.2006846326892,
      300.2281947169486,
      300.25792852317556,
      300.2899581852305,
      300.3243524695492,
      300.36117580506794,
      300.40048400870086,
      300.4423212672514,
      300.4867211052834,
      300.5337089914078,
      300.5833032365091,
      300.63551295487,
      300.6903381970195,
      300.7477746164321,
      300.8078190618336,
      300.8704715312669,
      300.9357322248162,
      301.0035974786708,
      301.0740576109121,
      301.14709620080407,
      301.2226892000554,
      301.3008031071147,
      301.38139217447406,
      301.46439548858024,
      301.54973523329613,
      301.63731710429875,
      301.7270326840115,
      301.81876278041767,
      301.9123808866716,
      302.00775627389345,
      302.10475685181984,
      302.20325160250195,
      302.30311191568086,
      302.40421168924996,
      302.5064269426936,
      302.6096360814803,
      302.713720853379,
      302.8185647209323,
      302.92404775430066,
      303.03004149520365,
      303.1364078289145,
      303.2430025009004,
      303.3496770229475,
      303.45627590998544,
      303.56263304421503,
      303.66857248417006,
      303.77391472953514,
      303.8784835320764,
      303.9821096473949,
      304.08463241160393,
      304.18590198868554,
      304.2857830305394,
      304.384154046095,
      304.4809004754517,
      304.5759066370795,
      304.66905291523807,
      304.76021959098,
      304.84929041602607,
      304.93615174250255,
      305.02069003118396,
      305.1027926347245,
      305.1823530329476,
      305.2592738988143,
      305.3334646001885,
      305.4048367938618,
      305.4733037086117,
      305.53878449715125,
      305.60120826461355,
      305.660514381059,
      305.7166507918707,
      305.7695741076952,
      305.8192524586347,
      305.86567075787957,
      305.9088367049708,
      305.94878475724835,
      305.9855767799702,
      306.0192992988326,
      306.0500569072571,
      306.07796318428245,
      306.10313199103297,
      306.1256721140159,
      306.1456856589626,
      306.16326857560813,
      306.17851182457605,
      306.19150239193095,
      306.2023244679171,
      306.2110607120621,
      306.2177938125559,
      306.2226084027173,
      306.2255923198403,
      306.22683685011543,
      306.2264358410008,
      306.2244837574892,
      306.2210734231633,
      306.21629386341965,
      306.2102290539563,
      306.2029575474627,
