{
  "final_status": "weak_pass",
  "final_lambda": 2.3682823670591072e-08,
  "final_reg_order": 1,
  "final_residual_norm": 4.352199436102023,
  "final_reg_norm": 14933.91069480854,
  "n_iterations": 4,
  "summary_notes": [
    "Completed in 4 iteration(s)"
  ],
  "final_config": {
    "parameterization_type": "piecewise_constant",
    "num_parameters": 24,
    "reg_order": 1,
    "lambda_strategy": "fixed",
    "lambda_value": 2.3682823670591072e-08,
    "lambda_grid": null,
    "max_retries": 8,
    "physical_bounds": [
      -500000.0,
      500000.0
    ],
    "planner_notes": [
      "num_parameters=24 (\u2248 N_t/5)",
      "reg_order=1 (default first-difference smoothness)",
      "noise_std provided \u2192 using discrepancy principle for lambda",
      "physical_bounds=(-500000.0, 500000.0) applied",
      "iter0: lambda decreased to 9.473e-08 (factor=2.0)",
      "iter1: lambda decreased to 4.737e-08 (factor=2.0)",
      "iter2: lambda decreased to 2.368e-08 (factor=2.0)"
    ],
    "stop_tolerance": 0.001,
    "iteration_budget": 12,
    "skip_verifier": false
  },
  "final_result": {
    "estimated_x": [
      -478.4487451825973,
      311.5070130486274,
      2130.516731683046,
      4972.3618988458975,
      8785.290963170066,
      13453.353540093813,
      18749.419153061037,
      24362.702856895925,
      29962.353685547256,
      35217.53488140151,
      39842.20639347478,
      43684.30897818494,
      46725.7160624747,
      49020.689998240305,
      50682.65968267384,
      51873.174610179965,
      52724.29100596541,
      53330.04589116749,
      53724.636116898866,
      53940.96201654382,
      54050.04504997094,
      54090.52290856008,
      54093.65743003837,
      54091.63328957657
    ],
    "fitted_y": [
      300.0,
      299.9999997287676,
      299.99999806419584,
      299.99999249298673,
      299.9999789597915,
      299.9999526225217,
      299.999909405379,
      299.99984754054594,
      299.9997683519399,
      299.9996760927654,
      299.99957815222757,
      299.9994862005272,
      299.99941727950034,
      299.9993936757922,
      299.9994413376978,
      299.9995890510733,
      299.99986941018835,
      300.0003200960097,
      300.00098361550516,
      300.0019050332552,
      300.0031307024043,
      300.00470947399225,
      300.0066944477054,
      300.009142799308,
      300.0121130196667,
      300.01566330154805,
      300.019852979596,
      300.02474471685167,
      300.0304044402166,
      300.03689818640436,
      300.04429016155353,
      300.0526442810536,
      300.06202664454975,
      300.07250556600457,
      300.0841481870029,
      300.09701829388024,
      300.11117784897914,
      300.126689604529,
      300.14361724020716,
      300.1620219677579,
      300.1819602662135,
      300.2034853486465,
      300.2266497920398,
      300.25150580423235,
      300.27810204323083,
      300.30648142256257,
      300.33668244059055,
      300.3687416792337,
      300.40269419230015,
      300.4385707303468,
      300.4763957599783,
      300.5161886069888,
      300.5579657013782,
      300.60174107110265,
      300.6475241151294,
      300.6953179881658,
      300.74512060084066,
      300.79692658137833,
      300.85072786331125,
      300.90651204724566,
      300.96426120772975,
      301.0239527809007,
      301.08556122854355,
      301.1490586687114,
      301.2144137512087,
      301.2815908278601,
      301.350550699442,
      301.42125194790935,
      301.49365153605555,
      301.5677040791791,
      301.64336130482263,
      301.720572662948,
      301.7992863454725,
      301.8794498156556,
      301.9610093571447,
      302.0439097517346,
      302.12809479273744,
      302.21350805431973,
      302.3000933332657,
      302.3877943505399,
      302.4765545346959,
      302.56631741503094,
      302.6570271565002,
      302.74862888840397,
      302.84106846822795,
      302.93429229765655,
      303.0282475950288,
      303.12288273189995,
      303.2181474584805,
      303.3139926984219,
      303.4103703577108,
      303.5072334661858,
      303.6045363297164,
      303.70223467131774,
      303.80028547328055,
      303.8986468103387,
      303.99727791889046,
      304.09613922844125,
      304.1951924644534,
      304.294400559037,
      304.3937275508913,
      304.49313866510136,
      304.5926003062804,
      304.6920801541291,
      304.7915471139052,
      304.8909712374576,
      304.9903237867164,
      305.0895771744898,
      305.1887050340226,
      305.2876821773313,
      305.3864845193046,
      305.485089132015,
      305.5834741538845,
      305.6816188421686,
      305.7795035336719,
      305.87710957165217,
      305.97441937204036,
      306.0714163279618,
      306.1680848562322,
      306.2644103496112,
      306.3603790854948
    ],
    "status": "success"
  }
}