{
  "final_status": "weak_pass",
  "final_lambda": 6.741350437731557e-09,
  "final_reg_order": 0,
  "final_residual_norm": 7.772277866690068,
  "final_reg_norm": 170637.96164018472,
  "n_iterations": 1,
  "summary_notes": [
    "Completed in 1 iteration(s)"
  ],
  "final_config": {
    "parameterization_type": "piecewise_constant",
    "num_parameters": 24,
    "reg_order": 0,
    "lambda_strategy": "discrepancy",
    "lambda_value": 6.741350437731557e-09,
    "lambda_grid": null,
    "max_retries": 8,
    "physical_bounds": [
      -500000.0,
      500000.0
    ],
    "planner_notes": [
      "num_parameters=24 (\u2248 N_t/5)",
      "reg_order=0 (default first-difference smoothness)",
      "noise_std provided \u2192 using discrepancy principle for lambda",
      "physical_bounds=(-500000.0, 500000.0) applied"
    ],
    "stop_tolerance": 0.001,
    "iteration_budget": 12
  },
  "final_result": {
    "estimated_x": [
      13241.595012683296,
      16603.792653657,
      22522.645942545023,
      27988.50229033819,
      34771.754577613836,
      37570.428907830224,
      48130.71329397675,
      51769.17573370217,
      54175.6338922008,
      55923.75692847512,
      53961.878808824025,
      54228.48288778221,
      51106.393503058425,
      45907.8484952772,
      36266.27213654719,
      27572.37714502351,
      21509.859647396457,
      18027.990109127895,
      11208.953853511633,
      9208.11284843087,
      6779.246375548483,
      1322.3396595757672,
      -227.45703843304798,
      1617.126330559229
    ],
    "fitted_y": [
      300.0,
      300.0192384272907,
      300.06276438895776,
      300.12551962135007,
      300.2007456661263,
      300.28805756682,
      300.38525524698804,
      300.4888962019562,
      300.59596044381146,
      300.70433206701654,
      300.8212689114144,
      300.9482183628925,
      301.0824474582062,
      301.2206717338387,
      301.360400168996,
      301.5079607895963,
      301.6644648191663,
      301.8272628538832,
      301.99325671288597,
      302.1601163097829,
      302.3361978644238,
      302.52319177668113,
      302.71799737767344,
      302.9168803213539,
      303.1170125795764,
      303.320634872145,
      303.527719460663,
      303.7365711755541,
      303.9454231964441,
      304.15299754133815,
      304.3738421551695,
      304.6115321868149,
      304.8618006544196,
      305.11915814651684,
      305.3793826707111,
      305.64501192109816,
      305.91576849354374,
      306.1892947601701,
      306.46319377325744,
      306.7357368063043,
      307.00933954535753,
      307.2842978814284,
      307.55936309332094,
      307.8331563877857,
      308.10467749605374,
      308.3758555124091,
      308.64702513305645,
      308.91736396615534,
      309.1859327006028,
      309.4520524416913,
      309.7124672547684,
      309.9662194575717,
      310.21397300178796,
      310.45671848149505,
      310.69526981258593,
      310.9305885359471,
      311.16316817859314,
      311.39317916088066,
      311.6206824919087,
      311.84572188475215,
      312.0638106862775,
      312.2738143236331,
      312.4769846539709,
      312.67497501449503,
      312.8690867262558,
      313.05264487832744,
      313.22423074574374,
      313.3861898505763,
      313.54140872667807,
      313.6921115324294,
      313.8257641163434,
      313.9396135994349,
      314.0379115078864,
      314.1259278448251,
      314.20771420810917,
      314.27330652515474,
      314.3210413755593,
      314.3552371040095,
      314.3809247910202,
      314.4019117835288,
      314.411872751999,
      314.41001655484695,
      314.39956107100153,
      314.38412135875257,
      314.36639839278206,
      314.34307394969505,
      314.3138677371327,
      314.2807127262465,
      314.24571559064736,
      314.2104254312071,
      314.16591326318803,
      314.11014808153595,
      314.04604259721003,
      313.97722516149577,
      313.9064611330408,
      313.8326306208057,
      313.7560419404217,
      313.6780711127246,
      313.600069402909,
      313.5229929250011,
      313.4438962499543,
      313.3621749680493,
      313.27891279950234,
      313.19540438720367,
      313.11261100696026,
      313.0232022893696,
      312.92543215922325,
      312.8215520742442,
      312.7144123035405,
      312.6061890993334,
      312.4960348203595,
      312.38419662296445,
      312.27174147385,
      312.15971299578314,
      312.0488464967216,
      311.9422673562485,
      311.84092110690347,
      311.7442166416611,
      311.65124779808554,
      311.5612691919066,
      311.4737571016676,
      300.0,
      300.00000750665237,
      300.0000535755048,
      300.0002077648415,
      300.00058231089673,
      300.00132552388453,
      300.00260936934035,
      300.0046152755838,
      300.0075204105283,
      300.0114859661495,
      300.0166518973678,
      300.02313915994284,
      300.03105484149285,
      300.0404952697341,
      300.0515452069932,
      300.06427757431317,
      300.07875629500865,
      300.09503994334085,
      300.1131829071841,
      300.13323301712023,
      300.15523102248454,
      300.17921444503565,
      300.2052223721088,
      300.23329674974093,
      300.2634789457606,
      300.29580503615284,
      300.3303027939235,
      300.3669902494843,
      300.40587454773845,
      300.4469504157941,
      300.4902045853645,
      300.53562767162583,
      300.5832261690186,
      300.6330269438824,
      300.6850723419373,
      300.7394114503335,
      300.7960925981588,
      300.855158013842,
      300.9166394308086,
      300.98055396337384,
      301.046902031327,
      301.11566821465345,
      301.18682360703525,
      301.2603278684121,
      301.3361301086766,
      301.4141699637107,
      301.4943797368624,
      301.57668680299895,
      301.6610152546681,
      301.7472863455098,
      301.835417026427,
      301.9253171377669,
      302.0168870008021,
      302.11001717157825,
      302.2045904120857,
      302.30048526386645,
      302.39758015734213,
      302.4957569124739,
      302.5949032482528,
      302.6949140038635,
      302.795689696209,
      302.89713254063156,
      302.9991423567151,
      303.1016150303795,
      303.204443905271,
      303.307520165538,
      303.4107303758401,
      303.51395365059295,
      303.6170620073129,
      303.7199244202979,
      303.8224076453105,
      303.9243709113693,
      304.0256597232517,
      304.1261054739019,
      304.2255322154878,
      304.3237628362218,
      304.42061991564935,
      304.51592444425,
      304.60949784593174,
      304.70116864775173,
      304.7907782562892,
      304.87818229017466,
      304.96324945897044,
      305.04586191219266,
      305.12591823729633,
      305.2033359130258,
      305.27805115352476,
      305.3500170233648,
      305.4192022408507,
      305.48559134453717,
      305.5491817961624,
      305.6099766491092,
      305.66797670025187,
      305.72317722588286,
      305.77557028147874,
      305.82514941056917,
      305.8719138066643,
      305.9158709449045,
      305.9570385404899,
      305.9954460581823,
      306.0311343228383,
      306.06415293515994,
      306.0945568355957,
      306.122404182668,
      306.14775595606966,
      306.1706736610286,
      306.1912139250102,
      306.2094230065759,
      306.2253351223312,
      306.2389753532262,
      306.250364428019,
      306.2595230813753,
      306.2664750502812,
      306.27124935899604,
      306.2738821196327,
      306.2744187523278,
      306.2729168606975,
      306.2694480016781,
      306.2640973883553,
      306.2569613407778,
      306.2481433272774
    ],
    "status": "success"
  }
}