{
  "final_status": "fail",
  "final_lambda": 1.0,
  "final_reg_order": 1,
  "final_residual_norm": 35.76178177449353,
  "final_reg_norm": 0.08501546347286443,
  "n_iterations": 1,
  "summary_notes": [
    "Completed in 1 iteration(s)"
  ],
  "final_config": {
    "parameterization_type": "piecewise_constant",
    "num_parameters": 24,
    "reg_order": 1,
    "lambda_strategy": "fixed",
    "lambda_value": 5.0,
    "lambda_grid": null,
    "max_retries": 1,
    "physical_bounds": null,
    "planner_notes": [
      "num_parameters=24 (\u2248 N_t/5)",
      "reg_order=1 (default first-difference smoothness)",
      "noise_std provided \u2192 using discrepancy principle for lambda",
      "lambda_value=1.0 supplied \u2192 strategy forced to 'fixed'",
      "iter0: lambda increased to 5.000e+00 (factor=5.0)"
    ],
    "stop_tolerance": 0.001,
    "iteration_budget": 1,
    "skip_verifier": false
  },
  "final_result": {
    "estimated_x": [
      30759.52675334295,
      30759.53018618945,
      30759.53799863963,
      30759.55012604912,
      30759.566332385937,
      30759.586205045034,
      30759.60915543494,
      30759.634397941507,
      30759.661016112535,
      30759.68811651803,
      30759.7149210284,
      30759.740773687354,
      30759.765124102276,
      30759.78753014333,
      30759.80765355764,
      30759.8252604781,
      30759.840210434504,
      30759.85245187711,
      30759.86202334096,
      30759.869064413666,
      30759.873807726548,
      30759.876591477518,
      30759.877868967244,
      30759.87820076692
    ],
    "fitted_y": [
      300.0,
      300.0446898518171,
      300.1457983648837,
      300.2915754595488,
      300.4663215935776,
      300.65779525671326,
      300.85790770347666,
      301.06164566180126,
      301.26598015638757,
      301.4691043135825,
      301.66995566100775,
      301.8679266753814,
      302.0626900770162,
      302.2540925447984,
      302.4420891676256,
      302.62670243241735,
      302.80799622133446,
      302.9860591400067,
      303.1609937771455,
      303.3329097151805,
      303.50191903244206,
      303.66813330860134,
      303.83166181428874,
      303.9926103268562,
      304.15108049763495,
      304.3071695068793,
      304.46096986608586,
      304.6125694200033,
      304.7620514514895,
      304.9094948189123,
      305.0549741891057,
      305.1985601394968,
      305.34031940395744,
      305.4803150774287,
      305.61860682219117,
      305.7552511199179,
      305.8903013801243,
      306.0238081271538,
      306.15581919568245,
      306.2863798990207,
      306.41553321149763,
      306.5433198453618,
      306.6697783996315,
      306.794945481224,
      306.9188558543152,
      307.0415425657313,
      307.1630369960906,
      307.283368973775,
      307.402566842123,
      307.52065757216275,
      307.63766688931776,
      307.7536192763127,
      307.8685380538096,
      307.98244543690686,
      308.09536262156445,
      308.2073098766928,
      308.3183065512172,
      308.4283711037226,
      308.5375211775882,
      308.64577364522296,
      308.7531446927084,
      308.8596498044618,
      308.9653038116869,
      309.0701209088781,
      309.1741147151951,
      309.2772983422675,
      309.379684364592,
      309.4812848552007,
      309.5821114289463,
      309.68217522824824,
      309.7814870382581,
      309.88005722463,
      309.977895780799,
      310.07501233489927,
      310.1714161787049,
      310.26711630217403,
      310.36212139711273,
      310.45643986704727,
      310.55007983610307,
      310.64304915464743,
      310.73535546141267,
      310.8270061589997,
      310.91800842652674,
      311.00836923213393,
      311.09809532229275,
      311.18719328695346,
      311.27566954024667,
      311.3635303114192,
      311.4507816714269,
      311.5374295303794,
      311.6234796463202,
      311.7089376634858,
      311.7938090850397,
      311.8780992735652,
      311.9618134758884,
      312.04495681940745,
      312.1275343341196,
      312.2095509474108,
      312.2910114742717,
      312.3719206293178,
      312.4522830407321,
      312.5321032589654,
      312.6113857579111,
      312.69013490449845,
      312.7683549999262,
      312.84605026800307,
      312.92322487063944,
      312.9998829155031,
      313.07602841568917,
      313.15166533401816,
      313.22679756916784,
      313.3014289698048,
      313.3755633401064,
      313.4492044055215,
      313.522355858489,
      313.5950213134572,
      313.66720437242617,
      313.7389085882753,
      313.8101374439536,
      313.8808944014933,
      313.951182853046,
      300.0,
      300.00001743755763,
      300.0001244530718,
      300.0004826267678,
      300.0013526774978,
      300.00307469446557,
      300.0060298263586,
      300.01059849625636,
      300.01712605630456,
      300.0259005925501,
      300.03714264214995,
      300.05100433487394,
      300.06757452139175,
      300.08688727786347,
      300.1089314893339,
      300.1336603527004,
      300.1609999669833,
      300.19085669267014,
      300.22312329761036,
      300.25768381077717,
      300.2944173968867,
      300.3332012763593,
      300.3739129371502,
      300.4164317538379,
      300.46064016958337,
      300.5064244689493,
      300.5536753094438,
      300.6022880275129,
      300.6521628116394,
      300.70320475828123,
      300.7553238089177,
      300.80843467836934,
      300.8624566922005,
      300.91731365208676,
      300.97293363647407,
      301.02924882921894,
      301.08619529054556,
      301.1437128014434,
      301.20174465734806,
      301.2602374792899,
      301.3191410390369,
      301.37840809124845,
      301.43799419689253,
      301.497857578123,
      301.55795896789493,
      301.61826146133427,
      301.67873038810677,
      301.73933317430163,
      301.80003923402774,
      301.86081986973505,
      301.9216481270809,
      301.9824987372387,
      302.0433479752839,
      302.1041736182333,
      302.16495483487597,
      302.22567209834006,
      302.2863071388914,
      302.34684282505026,
      302.40726316709066,
      302.46755320162714,
      302.52769892866075,
      302.5876872923528,
      302.64750608836835,
      302.7071439498904,
      302.7665902881598,
      302.8258352225274,
      302.88486958220943,
      302.943684815378,
      303.00227301713943,
      303.0606268490933,
      303.11873948861887,
      303.17660465510824,
      303.2342165260499,
      303.29156975451616,
      303.34865941844726,
      303.4054809821787,
      303.46203030344,
      303.51830358265806,
      303.574297375199,
      303.6300085581391,
      303.6854342813012,
      303.74057198649297,
      303.7954193777899,
      303.8499744145445,
      303.90423530613333,
      303.9582004420138,
      304.01186844767875,
      304.06523812346603,
      304.11830846903945,
      304.1710786728928,
      304.2235480371613,
      304.27571605980296,
      304.3275823454311,
      304.3791466577706,
      304.43040889692423,
      304.48136904516656,
      304.5320272228974,
      304.5823836274489,
      304.6324385820445,
      304.6821925025754,
      304.7316458573837,
      304.78079922846024,
      304.82965323626286,
      304.8782086061597,
      304.92646612646496,
      304.97442662046114,
      305.0220909883642,
      305.06946016710975,
      305.11653515133594,
      305.16331700737106,
      305.2098068015451,
      305.2560056666327,
      305.301914744154,
      305.3475352350816,
      305.39286839109826,
      305.43791543941217,
      305.48267768242084,
      305.52715640154486,
      305.5713529341619,
      305.61526865087677,
      305.65890489957025
    ],
    "status": "success"
  }
}