{
  "final_status": "fail",
  "final_lambda": 1.0,
  "final_reg_order": 1,
  "final_residual_norm": 15.035176853002815,
  "final_reg_norm": 0.02259761829106433,
  "n_iterations": 1,
  "summary_notes": [
    "Completed in 1 iteration(s)"
  ],
  "final_config": {
    "parameterization_type": "piecewise_constant",
    "num_parameters": 24,
    "reg_order": 1,
    "lambda_strategy": "fixed",
    "lambda_value": 0.5,
    "lambda_grid": null,
    "max_retries": 1,
    "physical_bounds": null,
    "planner_notes": [
      "num_parameters=24 (\u2248 N_t/5)",
      "reg_order=1 (default first-difference smoothness)",
      "noise_std provided \u2192 using discrepancy principle for lambda",
      "lambda_value=1.0 supplied \u2192 strategy forced to 'fixed'",
      "iter0: lambda decreased to 5.000e-01 (factor=2.0)"
    ],
    "stop_tolerance": 0.001,
    "iteration_budget": 1
  },
  "final_result": {
    "estimated_x": [
      32743.3050839192,
      32743.306607032646,
      32743.30998210842,
      32743.314994946464,
      32743.321282973466,
      32743.32841115764,
      32743.33596802151,
      32743.343632880067,
      32743.35117824549,
      32743.35842971432,
      32743.365212818328,
      32743.37133635746,
      32743.376638589405,
      32743.381042335826,
      32743.384560005106,
      32743.387238148985,
      32743.389123187226,
      32743.39024574031,
      32743.390672533158,
      32743.39055642778,
      32743.39012741892,
      32743.3896543458,
      32743.389337495995,
      32743.38923158127
    ],
    "fitted_y": [
      300.0,
      300.04757204049133,
      300.1552013586036,
      300.3103800752056,
      300.4963961353558,
      300.7002185323198,
      300.9132368512468,
      301.1301144992491,
      301.347627154,
      301.563851411747,
      301.7776562713182,
      301.9883950268133,
      302.19571929334927,
      302.3994658643001,
      302.59958693414575,
      302.79610642992606,
      302.98909235157987,
      303.1786390227054,
      303.3648556526057,
      303.5478588943366,
      303.72776804075266,
      303.90470186480076,
      304.0787766893002,
      304.2501051195751,
      304.41879536739447,
      304.5849508631146,
      304.7486700810896,
      304.9100465379044,
      305.06916889537933,
      305.22612110363593,
      305.3809826243551,
      305.53382858264604,
      305.68473002408945,
      305.8337541222194,
      305.9809643942661,
      306.1264209413226,
      306.2701806129492,
      306.4122972009491,
      306.5528216357388,
      306.6918021611614,
      306.8292844981666,
      306.9653119799301,
      307.0999257046393,
      307.2331646517509,
      307.3650658362993,
      307.4956644107247,
      307.62499377467987,
      307.75308569050475,
      307.87997034160117,
      308.0056764475864,
      308.1302313672959,
      308.25366115766934,
      308.3759906537274,
      308.49724351548963,
      308.617442315101,
      308.73660860350543,
      308.85476297287585,
      308.97192508242983,
      309.08811372541425,
      309.20334687141104,
      309.3176417262237,
      309.4310147684879,
      309.5434817957325,
      309.6550579294396,
      309.76575767577583,
      309.87559496927133,
      309.98458319125785,
      310.09273520265594,
      310.2000633782659,
      310.30657958726334,
      310.41229528955466,
      310.5172215155413,
      310.62136891169746,
      310.72474773709797,
      310.82736789024625,
      310.92923892230505,
      311.03037008229876,
      311.1307703233811,
      311.23044830257646,
      311.32941238322474,
      311.42767068055224,
      311.52523107168656,
      311.6221012054351,
      311.71828850712967,
      311.8138001641437,
      311.9086431777907,
      312.0028243734362,
      312.0963503877377,
      312.1892276897775,
      312.2814625757168,
      312.37306116383655,
      312.4640294604137,
      312.55437332816433,
      312.6440984808983,
      312.73321050779833,
      312.82171485835846,
      312.9096168854636,
      312.99692183788903,
      313.08363484532345,
      313.1697609295004,
      313.2553050110119,
      313.34027193272783,
      313.4246664596659,
      313.5084932433573,
      313.5917568645534,
      313.6744618157781,
      313.756612526734,
      313.83821337161675,
      313.919268624156,
      313.9997825040395,
      314.07975915969473,
      314.15920268772055,
      314.23811713839183,
      314.31650647824586,
      314.3943746384066,
      314.47172546603605,
      314.54856279534334,
      314.6248904084786,
      314.7007120131403,
      314.77603129466985,
      314.8508518639382,
      300.0,
      300.00001856216045,
      300.00013247944065,
      300.0005137528814,
      300.00143991591113,
      300.00327299115156,
      300.0064187087591,
      300.01128202647936,
      300.01823056928276,
      300.0275710027651,
      300.03953808718694,
      300.054293763606,
      300.0719326129004,
      300.0924909088468,
      300.11595681958175,
      300.14228052344754,
      300.1713833532728,
      300.20316563034004,
      300.2375132066485,
      300.2743026317168,
      300.3134052770914,
      300.3546904446214,
      300.3980277209316,
      300.4432887009321,
      300.4903482460125,
      300.539085306708,
      300.58938348851876,
      300.6411313776301,
      300.6942227251752,
      300.7485565067905,
      300.80403685560776,
      300.860572985945,
      300.9180790202148,
      300.9764738456087,
      301.03568090191135,
      301.0956279990953,
      301.1562470735011,
      301.2174740221902,
      301.2792484833189,
      301.34151363511984,
      301.4042160097754,
      301.46730531474003,
      301.53073424475946,
      301.5944583273875,
      301.6584357629158,
      301.72262726616526,
      301.78699593061776,
      301.8515070813818,
      301.91612815979613,
      301.9808286173355,
      302.0455797611245,
      302.1103546925194,
      302.1751281563505,
      302.2398764962534,
      302.30457753740706,
      302.36921049346967,
      302.43375591632685,
      302.49819556953014,
      302.56251243202064,
      302.62669057528353,
      302.6907150963418,
      302.7545720972839,
      302.8182485866205,
      302.88173246439544,
      302.94501245890115,
      303.00807805222706,
      303.0709194821222,
      303.1335276452129,
      303.1958941267834,
      303.25801111515693,
      303.31987134771816,
      303.38146813883304,
      303.44279529051096,
      303.5038471110181,
      303.56461836089966,
      303.625104212032,
      303.68530025506806,
      303.74520244546295,
      303.80480711650324,
      303.8641109439426,
      303.9231108938859,
      303.98180424326404,
      304.0401885481931,
      304.0982616365306,
      304.1560216022908,
      304.2134667311948,
      304.2705955602302,
      304.3274068125086,
      304.3838994233232,
      304.44007252898126,
      304.49592538677035,
      304.5514574624368,
      304.6066683352628,
      304.66155775390365,
      304.71612561219206,
      304.7703718914395,
      304.82429671999597,
      304.8779003081066,
      304.9311830000266,
      304.9841452386582,
      305.036787522742,
      305.08911047200087,
      305.14111474710614,
      305.1928011204051,
      305.2441704312515,
      305.2952235562264,
      305.3459614538077,
      305.3963851215615,
      305.4464956184773,
      305.49629407985805,
      305.54578164100974,
      305.5949595079686,
      305.64382889607987,
      305.6923910839741,
      305.7406474042608,
      305.7885991634953,
      305.8362477482693,
      305.8835945228428,
      305.93064091103844,
      305.97738837204525,
      306.0238383408586
    ],
    "status": "success"
  }
}