{
  "final_status": "fail",
  "solver_name": "tsvd",
  "final_lambda": 0.01,
  "final_reg_order": 1,
  "final_residual_norm": 14.514775182224994,
  "final_reg_norm": 366083.0092552933,
  "n_iterations": 1,
  "summary_notes": [
    "Completed in 1 iteration(s)"
  ],
  "final_config": {
    "parameterization_type": "piecewise_constant",
    "num_parameters": 24,
    "reg_order": 2,
    "lambda_strategy": "fixed",
    "lambda_value": 0.01,
    "lambda_grid": null,
    "max_retries": 1,
    "physical_bounds": null,
    "planner_notes": [
      "num_parameters=24 (\u2248 N_t/5)",
      "reg_order=1 (default first-difference smoothness)",
      "noise_std provided \u2192 using discrepancy principle for lambda",
      "lambda_strategy overridden to 'fixed' from config",
      "lambda_value=0.01 supplied \u2192 strategy forced to 'fixed'",
      "solver_name='tsvd' from config overrides",
      "iter0: oscillatory solution \u2192 increase reg_order to 2"
    ],
    "stop_tolerance": 0.001,
    "iteration_budget": 1,
    "skip_verifier": false,
    "solver_name": "tsvd"
  },
  "final_result": {
    "estimated_x": [
      25641.907012029864,
      -39595.796957600556,
      43925.79531412835,
      -41893.93976459213,
      71718.36999197786,
      -93087.62725028128,
      68399.94366983231,
      14020.93126367134,
      43490.642989441876,
      71606.12040478515,
      5387.087175849447,
      80849.13082698852,
      33425.39411961453,
      85906.39150304985,
      31520.905905669995,
      55679.13116427553,
      19805.062222085468,
      97219.0113299185,
      8105.790078738035,
      65813.91904272157,
      68256.28471690694,
      34414.22428928959,
      20172.481618152524,
      98450.26168738697
    ],
    "fitted_y": [
      300.0,
      300.03725457266836,
      300.121541145442,
      300.2430645595004,
      300.3887372857231,
      300.45357204551175,
      300.40595027871376,
      300.26661348947334,
      300.06633371548304,
      299.8295676551305,
      299.69393171679366,
      299.70139937714964,
      299.8262168613573,
      300.0294594615131,
      300.2801036435229,
      300.4328075746488,
      300.44198241362807,
      300.33258557387376,
      300.14369368261805,
      299.9066195527191,
      299.80730414995406,
      299.9020721374061,
      300.1554319432412,
      300.51417130790645,
      300.93594786511045,
      301.1531549976248,
      301.0854333757552,
      300.7851060309324,
      300.3298922193088,
      299.7815574675345,
      299.41580901840337,
      299.3197967867904,
      299.4473754686642,
      299.7254931680895,
      300.09550021452003,
      300.4392527576995,
      300.7116135667994,
      300.9184928463291,
      301.07864861754075,
      301.2082874260423,
      301.36126156087124,
      301.5557442621868,
      301.7847388814624,
      302.03582742512697,
      302.29891946863177,
      302.6081562634871,
      302.97013358650435,
      303.3716609046274,
      303.7969649299609,
      304.23405370677466,
      304.57889792943854,
      304.80146566245213,
      304.92422307232766,
      304.9793405808824,
      304.99227569414836,
      305.0896289698727,
      305.3107900036705,
      305.6334432940477,
      306.0230550849009,
      306.4520336009701,
      306.83312968609073,
      307.1368723002462,
      307.3744905710934,
      307.56606867502535,
      307.7280372609099,
      307.9476940488353,
      308.251984766325,
      308.6251252748533,
      309.0429508343672,
      309.4862002490846,
      309.86307454328994,
      310.1449251187353,
      310.3477669682729,
      310.49653433710523,
      310.61122178408516,
      310.7402946357436,
      310.9013308729841,
      311.09023029462026,
      311.297797602515,
      311.51634095542806,
      311.68856839928844,
      311.7975872976371,
      311.8551598560197,
      311.87843311345716,
      311.880990121023,
      311.9843269657725,
      312.22357095318677,
      312.57255117939405,
      312.9937979876375,
      313.4577180707165,
      313.8151944406358,
      314.0200310091549,
      314.09885337640804,
      314.0926842855247,
      314.0343264259015,
      314.0294926866197,
      314.1138245300462,
      314.27358699554327,
      314.4843589023541,
      314.7262156872286,
      314.98935776520307,
      315.26638997447947,
      315.5513095736228,
      315.839799944614,
      316.12903047377665,
      316.36806840443927,
      316.5429418498792,
      316.66594947440825,
      316.75400897070466,
      316.82040432306326,
      316.85326618745694,
      316.85266976723597,
      316.82741985540133,
      316.78683094361867,
      316.7378127225992,
      316.79858815830113,
      317.0017716767069,
      317.3191188513563,
      317.7116487486507,
      318.14875973090534,
      318.6101593372582,
      300.0,
      300.000014536382,
      300.0001037471779,
      300.00040232968473,
      300.00112762562617,
      300.0025261586083,
      300.00476265408133,
      300.0078115624363,
      300.0114078206733,
      300.0150702763869,
      300.0182217619265,
      300.0203781299676,
      300.02131973289534,
      300.02117192261375,
      300.02038112007193,
      300.0195719756351,
      300.01932610076307,
      300.0199801399036,
      300.0215230417322,
      300.02360742339357,
      300.02570331752753,
      300.0273533075985,
      300.0284084741844,
      300.0291432986586,
      300.03022977143706,
      300.03252280294254,
      300.0367074872503,
      300.04297603385623,
      300.0508778148751,
      300.0593698379801,
      300.0670929691349,
      300.0727953477949,
      300.0757168714553,
      300.0757838842188,
      300.0735867027891,
      300.0701775558357,
      300.0667796171827,
      300.0645186211573,
      300.0642528184113,
      300.06651540655287,
      300.0715575481727,
      300.0794528208848,
      300.09020819371415,
      300.1038408310192,
      300.12040925351334,
      300.14002542076787,
      300.162867814478,
      300.18918940107176,
      300.2193082005808,
      300.25357853709534,
      300.29231503804357,
      300.3356757733132,
      300.38356073690744,
      300.4355766238097,
      300.49107637059893,
      300.54928931209446,
      300.6095124618952,
      300.6712816094151,
      300.7344551419661,
      300.79919890712904,
      300.86587718896266,
      300.9348897308515,
      301.00652240626636,
      301.0808622128174,
      301.1577861835852,
      301.2370323317636,
      301.3183266993677,
      301.4015045145519,
      301.48657512005394,
      301.5737195291696,
      301.663210759582,
      301.7552819853956,
      301.8500049483102,
      301.9472294169278,
      302.046593486617,
      302.1475958996935,
      302.2497011363868,
      302.3524356116244,
      302.455445871275,
      302.55851301827977,
      302.6615152094981,
      302.7643520509754,
      302.8668704914744,
      302.9688258105361,
      303.06988521177846,
      303.16970443651485,
      303.26806451435203,
      303.36499725937017,
      303.46083614286033,
      303.5561801649669,
      303.6517502746775,
      303.74817251951004,
      303.84578315287246,
      303.94453532405146,
      304.0440210103672,
      304.1436035252154,
      304.24261397402245,
      304.3405307427599,
      304.43708112650745,
      304.53225364550053,
      304.62624866829447,
      304.71940419734676,
      304.81212316697764,
      304.9048158634371,
      304.99786033708006,
      305.09156034360063,
      305.1860945808269,
      305.2814777454909,
      305.3775548129051,
      305.4740306150798,
      305.57051275103726,
      305.6665491522988,
      305.7616577078246,
      305.855353076279,
      305.94717286726643,
      306.03674523973666,
      306.123901195248,
      306.2087722453828,
      306.2918170478923,
      306.3737669321811,
      306.4555205773665
    ],
    "status": "success"
  }
}