{
  "final_status": "weak_pass",
  "final_lambda": 1.035589364917839e-09,
  "final_reg_order": 2,
  "final_residual_norm": 1.542562074963067,
  "final_reg_norm": 29992.39477979884,
  "n_iterations": 1,
  "summary_notes": [
    "Completed in 1 iteration(s)"
  ],
  "final_config": {
    "parameterization_type": "piecewise_constant",
    "num_parameters": 24,
    "reg_order": 2,
    "lambda_strategy": "discrepancy",
    "lambda_value": 1.035589364917839e-09,
    "lambda_grid": null,
    "max_retries": 8,
    "physical_bounds": [
      -500000.0,
      500000.0
    ],
    "planner_notes": [
      "num_parameters=24 (\u2248 N_t/5)",
      "reg_order=2 (default first-difference smoothness)",
      "noise_std provided \u2192 using discrepancy principle for lambda",
      "physical_bounds=(-500000.0, 500000.0) applied"
    ],
    "stop_tolerance": 0.001,
    "iteration_budget": 12,
    "skip_verifier": false
  },
  "final_result": {
    "estimated_x": [
      -317.9183075448668,
      2793.0986447503383,
      9480.548431393505,
      21334.245880434937,
      35897.87057594337,
      46547.494657413896,
      48689.75429009901,
      41166.77969467877,
      32304.015182958115,
      31042.73828670323,
      38382.179336168505,
      47621.896916355734,
      49384.09362903214,
      42011.20627902799,
      32676.175346198477,
      31006.27084653874,
      38668.27594455739,
      47654.13683401033,
      48221.452215499456,
      38938.336066882264,
      24184.996855317968,
      10630.330839594653,
      2633.1355596776175,
      -1690.6868144762661
    ],
    "fitted_y": [
      300.0,
      299.9995381033601,
      299.998493085743,
      299.9969863913266,
      299.9951802843724,
      299.9977212174774,
      300.0058790446201,
      300.0185171778266,
      300.03407907265347,
      300.0513452983504,
      300.0792247915083,
      300.1197667583255,
      300.17011363868505,
      300.2266710209185,
      300.28667047473874,
      300.3655137221973,
      300.46659695750645,
      300.5847171387214,
      300.71342574696763,
      300.8477754555803,
      301.0056815264672,
      301.1907018728272,
      301.39608187052755,
      301.6136922166318,
      301.8373426786015,
      302.07846615968356,
      302.3386530513451,
      302.6123741167181,
      302.89335426881587,
      303.17689420658223,
      303.46307569350483,
      303.7508909852645,
      304.0384707333074,
      304.3241463466255,
      304.6067792762944,
      304.8747657921442,
      305.12488423162955,
      305.35985763912964,
      305.5834980690626,
      305.7988452124091,
      305.9950894421298,
      306.17019011705156,
      306.3283987997846,
      306.474811442143,
      306.6133464240656,
      306.7447799375315,
      306.8702814549735,
      306.9913643530697,
      307.1093202265526,
      307.22506258671217,
      307.34985140217873,
      307.4868637063055,
      307.63353425372475,
      307.78626741453826,
      307.94223739298457,
      308.1129984910425,
      308.30091552075265,
      308.5017596975191,
      308.71039821598913,
      308.9229086665683,
      309.1392810799604,
      309.3586054953202,
      309.5792629622378,
      309.79980039701184,
      310.0192020770147,
      310.22612467947357,
      310.4173917760636,
      310.5956240908268,
      310.7644934528775,
      310.92690651086485,
      311.071250503151,
      311.1952018415797,
      311.30310036511395,
      311.4001991435577,
      311.4905270897416,
      311.5743189357134,
      311.6525981132412,
      311.7270176473044,
      311.79904636802075,
      311.8697212100926,
      311.9508353698871,
      312.0457113952916,
      312.1516572019957,
      312.2648937054153,
      312.3824395079838,
      312.51536371828996,
      312.66584835313074,
      312.8296959819868,
      313.0018509671781,
      313.178448225015,
      313.35777076860023,
      313.5384609061776,
      313.71935086367654,
      313.8995846000542,
      314.07860504366334,
      314.24258889178327,
      314.387806458248,
      314.51770616524294,
      314.6369856888601,
      314.7493344454529,
      314.83577543447,
      314.8922258404764,
      314.92527289750376,
      314.94303345667254,
      314.9517430159717,
      314.93581514396834,
      314.8926281078838,
      314.8289012610645,
      314.75247411556415,
      314.66928342180086,
      314.57158462296127,
      314.4587039403684,
      314.3351081643518,
      314.2056966220626,
      314.0741069353734,
      313.93639332500936,
      313.7923076415733,
      313.64430257242043,
      313.4950170464186,
      313.3463796621151,
      313.1995991933083,
      300.0,
      299.9999998197722,
      299.99999871370215,
      299.9999950117604,
      299.99998601926006,
      299.9999699848072,
      299.9999502656297,
      299.99993927133346,
      299.9999598015869,
      300.0000432761586,
      300.000229755426,
      300.0005718289203,
      300.00113863407495,
      300.0020156393451,
      300.00329920369705,
      300.00509478316735,
      300.0075226407153,
      300.01072453424536,
      300.01486355538503,
      300.02011517643336,
      300.0266613833147,
      300.0346940589475,
      300.0444206099226,
      300.05606259974934,
      300.06984485929064,
      300.0859851993465,
      300.10469134988995,
      300.12616144848596,
      300.1505818088585,
      300.1781197726799,
      300.2089152370835,
      300.24307459704517,
      300.28066797931115,
      300.3217289622926,
      300.3662557789124,
      300.4142093706489,
      300.465507564766,
      300.52002063975294,
      300.5775735132675,
      300.6379552471134,
      300.7009278417378,
      300.76622976755965,
      300.83357782771446,
      300.9026726776593,
      300.9732093309952,
      301.04488945301915,
      301.117431939187,
      301.1905802510837,
      301.2641067168772,
      301.3378143790088,
      301.41154108429754,
      301.4851668860931,
      301.558619758401,
      301.6318747857049,
      301.70494601456204,
      301.77787919573115,
      301.85074993211987,
      301.92366314197227,
      301.99674841381255,
      302.07014964770786,
      302.14401276838987,
      302.2184753233302,
      302.2936591417332,
      302.3696658282074,
      302.4465741815394,
      302.5244351439279,
      302.60326349303693,
      302.6830312462287,
      302.76366799738736,
      302.8450686630408,
      302.9271004815875,
      303.00960473833925,
      303.09239707408426,
      303.17527216937435,
      303.25801405392036,
      303.34040845288047,
      303.4222534172232,
      303.5033666698404,
      303.58359018281465,
      303.66279253732773,
      303.7408738290029,
      303.8177741350244,
      303.89348006150533,
      303.96802435806774,
      304.041477732206,
      304.113941063342,
      304.18554283029454,
      304.25643786105707,
      304.32680232429016,
      304.39682340208634,
      304.46668657795186,
      304.53656422396017,
      304.6066072854101,
      304.67694071740374,
      304.74766191851734,
      304.8188362092267,
      304.8904879644942,
      304.96259324848967,
      305.0350804532898,
      305.10783972479663,
      305.18072930300616,
      305.2535731399921,
      305.326156926101,
      305.3982321025202,
      305.4695299845752,
      305.5397738523651,
      305.6086820041186,
      305.6759670155449,
      305.74133972347374,
      305.8045203606659,
      305.8652489097282,
      305.92328935113335,
      305.9784299105926,
      306.03048429095054,
      306.0792956351114,
      306.12473933841767,
      306.1667222256545,
      306.20517934331133,
      306.24007141342315,
      306.2713839462062,
      306.29912737907074
    ],
    "status": "success"
  }
}