{
  "final_status": "weak_pass",
  "final_lambda": 0.0757869381196803,
  "final_reg_order": 2,
  "final_residual_norm": 15.094368031019485,
  "final_reg_norm": 0.03263227689179479,
  "n_iterations": 1,
  "summary_notes": [
    "Completed in 1 iteration(s)"
  ],
  "final_config": {
    "parameterization_type": "piecewise_constant",
    "num_parameters": 24,
    "reg_order": 2,
    "lambda_strategy": "discrepancy",
    "lambda_value": 0.0757869381196803,
    "lambda_grid": null,
    "max_retries": 8,
    "physical_bounds": [
      -500000.0,
      500000.0
    ],
    "planner_notes": [
      "num_parameters=24 (\u2248 N_t/5)",
      "reg_order=2 (default first-difference smoothness)",
      "noise_std provided \u2192 using discrepancy principle for lambda",
      "physical_bounds=(-500000.0, 500000.0) applied"
    ],
    "stop_tolerance": 0.001,
    "iteration_budget": 12,
    "skip_verifier": false
  },
  "final_result": {
    "estimated_x": [
      2122.398515826515,
      5386.485900045385,
      8650.57403030541,
      11914.66424439942,
      15178.758715099128,
      18442.8601759157,
      21706.97155772649,
      24971.094846698634,
      28235.231570798183,
      31499.382259077982,
      34763.54603696451,
      38027.72069914132,
      41291.9028301904,
      44556.08899305627,
      47820.276606968815,
      51084.46434916853,
      54348.65150899344,
      57612.837439261,
      60877.021564454866,
      64141.203825625555,
      67405.38431991328,
      70669.56359150828,
      73933.74255294159,
      77197.92163462464
    ],
    "fitted_y": [
      300.0,
      300.0030835869463,
      300.0100600453227,
      300.02011862300634,
      300.03217605608995,
      300.0501300053856,
      300.07466696837156,
      300.1041941550032,
      300.13683658971735,
      300.17117057482596,
      300.21100677357333,
      300.2570158960509,
      300.30760706163767,
      300.3609119741435,
      300.41551576479617,
      300.47523949207675,
      300.5407654646684,
      300.6105152279524,
      300.68263337649125,
      300.7557180846379,
      300.83360337857994,
      300.916984260556,
      301.00429458846907,
      301.09369080359943,
      301.1837824211219,
      301.2784142898086,
      301.3782916933567,
      301.48185823434255,
      301.58727958547854,
      301.6931739954937,
      301.80339459032024,
      301.9186544638464,
      302.0374045977622,
      302.1578176358935,
      302.2785184172859,
      302.4033663165276,
      302.5330803295738,
      302.66611700966877,
      302.8006542740439,
      302.93532195671895,
      303.07398418286306,
      303.21736443870526,
      303.36392352740955,
      303.51184339271344,
      303.6597576910646,
      303.8115341987988,
      303.96789985829605,
      304.12731874951237,
      304.28797592728984,
      304.4485080070845,
      304.61278560481946,
      304.78153835569475,
      304.95323289452296,
      305.1260567098966,
      305.2986487391861,
      305.4748818307862,
      305.6554877435591,
      305.8389351305908,
      306.02341341033053,
      306.2075633649866,
      306.39525961949505,
      306.5872356285548,
      306.78196166487606,
      306.97762869782974,
      307.17287899521676,
      307.37158861590405,
      307.57449238817696,
      307.78006190123335,
      307.9864893920078,
      308.1924183431488,
      308.4017259875801,
      308.6151482823873,
      308.8311579068109,
      309.04794814542066,
      309.26416349402166,
      309.483682159639,
      309.70724104515426,
      309.9333137436238,
      310.1600944235842,
      310.3862284332075,
      310.615594807348,
      310.84893125103537,
      311.08471213681264,
      311.3211323890992,
      311.5568380889708,
      311.7957089811857,
      312.0384834651336,
      312.28363658795377,
      312.52936393218675,
      312.774312219571,
      313.02236181291863,
      313.2742517211032,
      313.528457586565,
      313.7831755723856,
      314.03705296648695,
      314.29397068313625,
      314.5546682720695,
      314.8176219081719,
      315.08102827421635,
      315.34353516713907,
      315.6090239969161,
      315.87823480260823,
      316.1496442414957,
      316.4214494664491,
      316.69229873850065,
      316.9660739193877,
      317.24351549533037,
      317.5231005654148,
      317.8030267142928,
      318.08194262899826,
      318.3637305893601,
      318.64913149466804,
      318.93662285207495,
      319.2244026460915,
      319.5111199599233,
      319.8006574604884,
      320.09375643337205,
      320.38889476671625,
      320.6842708176853,
      320.97853404001665,
      321.27082500463797,
      300.0,
      300.00000120318634,
      300.00000858722615,
      300.0000333011083,
      300.00009333435895,
      300.00021400344446,
      300.00042926315814,
      300.0007825081367,
      300.0013252340988,
      300.00211340864854,
      300.0032045445411,
      300.00465716453186,
      300.0065311914081,
      300.00888721374525,
      300.0117839565802,
      300.015276630086,
      300.0194175907657,
      300.0242577828931,
      300.02984686701024,
      300.0362313667388,
      300.0434535410387,
      300.05155243881103,
      300.0605656317784,
      300.0705295494089,
      300.0814777839028,
      300.0934400564271,
      300.1064433434865,
      300.12051364807644,
      300.1356763604461,
      300.15195456906406,
      300.16936802428813,
      300.1879342563301,
      300.2076703320786,
      300.22859319945223,
      300.25071797703356,
      300.27405689986415,
      300.29862041022693,
      300.32441890048443,
      300.35146303207574,
      300.37976200601287,
      300.40932248597903,
      300.44014967738053,
      300.4722490425824,
      300.50562660928415,
      300.5402872226959,
      300.5762334522573,
      300.6134666565837,
      300.65198868188014,
      300.69180216097664,
      300.73290875396543,
      300.7753080367866,
      300.8189985615402,
      300.86397953740925,
      300.9102511303836,
      300.95781268387,
      301.00666160271794,
      301.056794407022,
      301.1082084001453,
      301.1609019686127,
      301.214872790293,
      301.27011671009075,
      301.32662879289614,
      301.3844049830312,
      301.4434423973713,
      301.5037375329332,
      301.56528513094855,
      301.6280792308917,
      301.6921148211428,
      301.7573881338934,
      301.8238948434936,
      301.8916289266581,
      301.9605837176266,
      302.03075355077715,
      302.1021340559224,
      302.17472035351454,
      302.248505908646,
      302.32348358711107,
      302.3996472928906,
      302.4769922647586,
      302.5555132682415,
      302.63520344295927,
      302.71605536231505,
      302.798062666491,
      302.8812203588416,
      302.96552299718707,
      303.0509635333988,
      303.13753437988964,
      303.22522903431474,
      303.31404238017774,
      303.40396887590754,
      303.49500138758845,
      303.58713226245453,
      303.6803549455362,
      303.77466428535075,
      303.87005471953853,
      303.96651910440244,
      304.0640497908603,
      304.1626402372685,
      304.26228531895384,
      304.3629795110855,
      304.46471571305756,
      304.56748633148237,
      304.67128488518324,
      304.7761063207564,
      304.88194519261407,
      304.9887944828315,
      305.0966466889363,
      305.20549542574673,
      305.31533574113683,
      305.426162299755,
      305.5379681933611,
      305.6507460371706,
      305.7644895638065,
      305.8791939464959,
      305.99485398029225,
      306.11146288512043,
      306.22901341220506,
      306.34749942868876,
      306.4669162478331,
      306.5872588089036,
      306.708518622916
    ],
    "status": "success"
  }
}