{
  "final_status": "weak_pass",
  "final_lambda": 5.333987437795182e-07,
  "final_reg_order": 1,
  "final_residual_norm": 7.717967920832719,
  "final_reg_norm": 12744.053885827952,
  "n_iterations": 1,
  "summary_notes": [
    "Completed in 1 iteration(s)"
  ],
  "final_config": {
    "parameterization_type": "piecewise_constant",
    "num_parameters": 24,
    "reg_order": 1,
    "lambda_strategy": "discrepancy",
    "lambda_value": 5.333987437795182e-07,
    "lambda_grid": null,
    "max_retries": 1,
    "physical_bounds": [
      -500000.0,
      500000.0
    ],
    "planner_notes": [
      "num_parameters=24 (\u2248 N_t/5)",
      "reg_order=1 (default first-difference smoothness)",
      "noise_std provided \u2192 using discrepancy principle for lambda",
      "physical_bounds=(-500000.0, 500000.0) applied"
    ],
    "stop_tolerance": 0.001,
    "iteration_budget": 1
  },
  "final_result": {
    "estimated_x": [
      8789.311280489215,
      9367.846571304515,
      10586.243310381053,
      12401.511653603493,
      14709.292856019947,
      17386.89683656263,
      20349.48083328789,
      23540.579056946175,
      26874.244276445126,
      30302.525265163807,
      33819.45162076289,
      37378.776524017725,
      40917.13422862217,
      44398.285130861324,
      47805.90587695744,
      51043.460525714814,
      54081.48605027066,
      56853.49575832283,
      59307.705830883315,
      61394.51134527329,
      62968.374928640245,
      64021.18070007597,
      64572.72577745355,
      64727.23352112122
    ],
    "fitted_y": [
      300.0,
      300.01276980045407,
      300.04166082343943,
      300.0833155690685,
      300.1332480072155,
      300.1888007552336,
      300.24788311193345,
      300.30884157212944,
      300.37051534651954,
      300.43215789209876,
      300.4950836584797,
      300.5594893411312,
      300.6247590281542,
      300.690193060969,
      300.75527373303214,
      300.8223130043167,
      300.8918165685917,
      300.9629934545538,
      301.0348740562579,
      301.1067255939909,
      301.18143279409975,
      301.25960035625565,
      301.34019504086103,
      301.42196284244295,
      301.5039546658073,
      301.5894504109438,
      301.6791076213535,
      301.77169831408725,
      301.8657476893432,
      301.9601405412121,
      302.05846269943527,
      302.16141423397266,
      302.2676191545712,
      302.3754347218893,
      302.48362001465057,
      302.5960118643729,
      302.7133488096967,
      302.83413964611,
      302.95660985139114,
      303.0794201813417,
      303.2065518421808,
      303.3387606886471,
      303.4744804826571,
      303.61185345814897,
      303.7494792660151,
      303.8914383979601,
      304.03850106654676,
      304.18905367237016,
      304.34118534315104,
      304.4934571009701,
      304.6500546639701,
      304.8117692778055,
      304.97694757213435,
      305.14363168315214,
      305.3103480765045,
      305.48132292055044,
      305.65735216336805,
      305.83676092565315,
      306.01756812385605,
      306.19828397584706,
      306.38309495076334,
      306.5727847320666,
      306.7656853127947,
      306.95982703679056,
      307.15373027695136,
      307.35150632120946,
      307.55392319523304,
      307.7593396903947,
      307.9658195082028,
      308.1719094032156,
      308.3816321239881,
      308.59573995063204,
      308.8126281507278,
      309.0304038862113,
      309.24764757741804,
      309.4681576356186,
      309.69263625809356,
      309.9195532647966,
      310.1471089839812,
      310.37395588032655,
      310.6036503137995,
      310.8368484381658,
      311.07211484320277,
      311.30776314800534,
      311.54253232621727,
      311.7796491457622,
      312.0197036138353,
      312.2613833054872,
      312.5031503947515,
      312.74385725968665,
      312.98634320804774,
      313.231122757885,
      313.47703218318594,
      313.72271182473986,
      313.9671495949251,
      314.2127394209041,
      314.45990977649336,
      314.707669244531,
      314.9548640495526,
      315.2006384029832,
      315.44674264834543,
      315.6934715162754,
      315.9400657962311,
      316.1856540388367,
      316.429595554228,
      316.67302368284,
      316.9161196778647,
      317.15837333774795,
      317.3992074516235,
      317.6382038231189,
      317.87591166719363,
      318.11240828091104,
      318.34742554582374,
      318.58067021206483,
      318.81193804193265,
      319.0413393971201,
      319.26888304036936,
      319.49450000172936,
      319.7181254342201,
      319.93972570155245,
      320.15929571211115,
      300.0,
      300.0000049826553,
      300.00003556156094,
      300.0001379070922,
      300.0003865177668,
      300.00087889957445,
      300.0017253198871,
      300.003037520753,
      300.0049190877162,
      300.00745873590154,
      300.0107273415324,
      300.0147783875347,
      300.01965015762886,
      300.0253681344984,
      300.03194676108603,
      300.03939165158073,
      300.04770268720813,
      300.0568769659357,
      300.066910435688,
      300.07779788436005,
      300.0895332214488,
      300.10211098633397,
      300.1155280064721,
      300.1297837550435,
      300.1448790456396,
      300.1608152397705,
      300.1775951477952,
      300.195224330446,
      300.213711116665,
      300.23306485272406,
      300.2532947949611,
      300.27441095945267,
      300.29642548842804,
      300.3193526783775,
      300.3432070917622,
      300.36800238571266,
      300.393752233849,
      300.4204718653667,
      300.4481781541921,
      300.47688767820296,
      300.5066154887075,
      300.5373760852386,
      300.5691850261942,
      300.6020590780901,
      300.63601425591867,
      300.671064583006,
      300.7072231279714,
      300.74450370337075,
      300.7829210764636,
      300.8224890198694,
      300.863219085253,
      300.9051217321087,
      300.9482081070547,
      300.99249031773473,
      301.03797945727644,
      301.0846843592859,
      301.13261271942133,
      301.18177288277417,
      301.2321741335631,
      301.2838246999318,
      301.33673047937515,
      301.3908961260567,
      301.4463268118031,
      301.5030285140807,
      301.5610060662675,
      301.62026189635134,
      301.68079710821195,
      301.74261322274265,
      301.8057124995303,
      301.87009603887645,
      301.93576256658497,
      302.00270951820033,
      302.07093475760945,
      302.14043691252346,
      302.2112135415231,
      302.28325990793815,
      302.35656993736006,
      302.43113780657825,
      302.5069582540786,
      302.58402485718534,
      302.66232887659794,
      302.7418601770205,
      302.82260874329546,
      302.9045650100371,
      302.98771829328484,
      303.07205569619714,
      303.15756293757033,
      303.24422570716416,
      303.33202999595466,
      303.4209606942808,
      303.51100058912914,
      303.6021310972791,
      303.69433344959725,
      303.7875890284985,
      303.8818781660265,
      303.97717926202114,
      304.0734693933215,
      304.1707253169021,
      304.26892379942154,
      304.36804063969925,
      304.4680498644587,
      304.5689240875508,
      304.67063518255543,
      304.77315457340967,
      304.87645256824896,
      304.98049779012905,
      305.0852574429882,
      305.19069779506793,
      305.29678448988915,
      305.4034822421737,
      305.51075449444994,
      305.61856359809724,
      305.7268710725944,
      305.83563791623635,
      305.9448245810828,
      306.05439085649704,
      306.16429602860046,
      306.2744989724438,
      306.38495845385205,
      306.4956332922522,
      306.6064824688971
    ],
    "status": "success"
  }
}