{
  "final_status": "weak_pass",
  "final_lambda": 3.333742148621989e-08,
  "final_reg_order": 1,
  "final_residual_norm": 14.107444347692248,
  "final_reg_norm": 19591.684029425254,
  "n_iterations": 5,
  "summary_notes": [
    "Completed in 5 iteration(s)"
  ],
  "final_config": {
    "parameterization_type": "piecewise_constant",
    "num_parameters": 24,
    "reg_order": 1,
    "lambda_strategy": "fixed",
    "lambda_value": 3.333742148621989e-08,
    "lambda_grid": null,
    "max_retries": 8,
    "physical_bounds": null,
    "planner_notes": [
      "num_parameters=24 (\u2248 N_t/5)",
      "reg_order=1 (default first-difference smoothness)",
      "noise_std provided \u2192 using discrepancy principle for lambda",
      "iter0: lambda decreased to 2.667e-07 (factor=2.0)",
      "iter1: lambda decreased to 1.333e-07 (factor=2.0)",
      "iter2: lambda decreased to 6.667e-08 (factor=2.0)",
      "iter3: lambda decreased to 3.334e-08 (factor=2.0)"
    ],
    "stop_tolerance": 0.001,
    "iteration_budget": 12,
    "skip_verifier": false
  },
  "final_result": {
    "estimated_x": [
      4047.812400225823,
      7912.396897974075,
      14381.019570637192,
      23237.272861226204,
      32270.899378374997,
      38587.76632556806,
      41110.14109240578,
      40958.730047533405,
      39279.08851836861,
      38019.65988284099,
      38799.28526201468,
      40333.75226009047,
      40523.713394263905,
      39298.86599524357,
      38617.81121575679,
      38129.02488370587,
      38546.00667173554,
      38191.11201154832,
      35899.71703980534,
      32045.346336993392,
      25525.321886454447,
      19642.617983314547,
      16177.066189126921,
      14917.72286259799
    ],
    "fitted_y": [
      300.0,
      300.0058809791777,
      300.0191863949678,
      300.0383699908725,
      300.0613657792632,
      300.09217760407284,
      300.13121461569864,
      300.17634082606935,
      300.22518516757873,
      300.2759718574906,
      300.3369429401285,
      300.40985513649184,
      300.4918138214916,
      300.5792702454072,
      300.66951066268155,
      300.77362772319776,
      300.89391139002714,
      301.0263340079966,
      301.16600325759157,
      301.3091883823601,
      301.4665802504916,
      301.6401370171548,
      301.8255307869242,
      302.01764884107627,
      302.2126222966699,
      302.417118567069,
      302.6320242971526,
      302.85403917901857,
      303.0794423010803,
      303.3054602916564,
      303.5339816117664,
      303.76491121621444,
      303.99668953710125,
      304.2277160509646,
      304.4568452405275,
      304.6831557024045,
      304.9062027591517,
      305.12585706797796,
      305.3421303481634,
      305.55508997334107,
      305.7623853578717,
      305.9634752062055,
      306.15910396474686,
      306.35023225731607,
      306.53763048020176,
      306.72000985374024,
      306.8972598437744,
      307.07011907160637,
      307.2394170682725,
      307.4057969952336,
      307.5708357388829,
      307.73512951971867,
      307.8985848432546,
      308.06094842036106,
      308.2220168942548,
      308.38389730034265,
      308.5471143213927,
      308.71106076034744,
      308.8749556964573,
      309.0382039960753,
      309.2007010146556,
      309.36229582015864,
      309.5227932488273,
      309.6820352798543,
      309.8399222353705,
      309.9946226794722,
      310.1456498866182,
      310.29347207333956,
      310.43872670198186,
      310.5819204773308,
      310.7224091431881,
      310.8601577804182,
      310.9955731395065,
      311.12910086378173,
      311.2610800467755,
      311.3910289784048,
      311.5189097295856,
      311.64500577045635,
      311.7696310783403,
      311.8930246127093,
      312.01595257593254,
      312.1386774444366,
      312.26110665440785,
      312.3830712086275,
      312.5044347946299,
      312.6245929333004,
      312.7433575566838,
      312.8608348101091,
      312.9771906427871,
      313.0925596525415,
      313.20370455716034,
      313.3098111283422,
      313.4117931803982,
      313.5108457923985,
      313.6078985387482,
      313.6979668707075,
      313.77996439080067,
      313.85559705258635,
      313.926973449562,
      313.99571260875933,
      314.0534059732451,
      314.09822508324714,
      314.13305640441695,
      314.1614621787734,
      314.1861732411225,
      314.20043313631044,
      314.20310025126304,
      314.19707977661926,
      314.18575902905536,
      314.1716975385308,
      314.1515239693035,
      314.12493006259285,
      314.0938349514798,
      314.06034542541107,
      314.0260220377502,
      313.99003236712264,
      313.95248877138306,
      313.9142058325279,
      313.87600072334766,
      313.8384526370927,
      313.8019125008817,
      300.0,
      300.00000229470237,
      300.00001637745237,
      300.00006351146516,
      300.0001780061439,
      300.00040680649573,
      300.00080913399523,
      300.0014553504073,
      300.0024236588407,
      300.0037946993074,
      300.00564904665157,
      300.0080696892038,
      300.0111456860534,
      300.01497254497554,
      300.01964803098963,
      300.02527027323885,
      300.03194148630365,
      300.03977277014104,
      300.0488842687256,
      300.0593991381127,
      300.0714390436771,
      300.08512547419895,
      300.1005828773676,
      300.1179379882803,
      300.1373136920489,
      300.15882337349245,
      300.18256969226195,
      300.2086455744533,
      300.2371336777354,
      300.26810295331046,
      300.30160509175624,
      300.33767314255294,
      300.37632187530926,
      300.41754850503827,
      300.4613329848756,
      300.50763803344734,
      300.5564094141855,
      300.6075769291804,
      300.66105627325265,
      300.71675153603996,
      300.7745570650474,
      300.8343582508191,
      300.89603217527673,
      300.95944927548464,
      301.0244761785865,
      301.09097842557924,
      301.1588222472612,
      301.227875715903,
      301.29801006323265,
      301.36910134309653,
      301.4410326278662,
      301.51369645272325,
      301.5869965836541,
      301.6608486044802,
      301.73517917232886,
      301.80992532717136,
      301.88503453322113,
      301.9604646484196,
      302.0361830603395,
      302.11216462602283,
      302.1883891479331,
      302.26483908408517,
      302.3414977153088,
      302.41834796911854,
      302.49537164086996,
      302.57254832087636,
      302.6498538889254,
      302.7272592409879,
      302.80473024972474,
      302.8822288744382,
      302.95971464829574,
      303.0371459077804,
      303.1144806422601,
      303.19167745992615,
      303.2686965994434,
      303.34550065331814,
      303.4220548438655,
      303.4983269127048,
      303.5742871582875,
      303.6499085902979,
      303.7251674148082,
      303.8000438337039,
      303.87452255737367,
      303.94859289374267,
      304.02224822582923,
      304.0954849177333,
      304.1683010083661,
      304.2406949149246,
      304.31266472151225,
      304.38420794413,
      304.4553203524001,
      304.5259936008198,
      304.5962129176014,
      304.665956680212,
      304.7351980093681,
      304.8039054292675,
      304.87204135411037,
      304.93956017486937,
      305.006408661194,
      305.0725291028115,
      305.1378603461184,
      305.2023347467113,
      305.26587436497516,
      305.328390970177,
      305.3897907590852,
      305.4499785264409,
      305.5088582452884,
      305.56633212055635,
      305.6223018909132,
      305.67667329776015,
      305.72936027162467,
      305.78028660933876,
      305.82938589192565,
      305.87660193703687,
      305.9218904310308,
      305.9652204094494,
      306.00657466658225,
      306.04594901137415,
      306.08335139509126,
      306.118801144502,
      306.15232824234874
    ],
    "status": "success"
  }
}