{
  "final_status": "fail",
  "final_lambda": 1.0,
  "final_reg_order": 1,
  "final_residual_norm": 15.997337886762342,
  "final_reg_norm": 0.021274497904497258,
  "n_iterations": 1,
  "summary_notes": [
    "Completed in 1 iteration(s)"
  ],
  "final_config": {
    "parameterization_type": "piecewise_constant",
    "num_parameters": 24,
    "reg_order": 1,
    "lambda_strategy": "fixed",
    "lambda_value": 0.5,
    "lambda_grid": null,
    "max_retries": 1,
    "physical_bounds": null,
    "planner_notes": [
      "num_parameters=24 (\u2248 N_t/5)",
      "reg_order=1 (default first-difference smoothness)",
      "noise_std provided \u2192 using discrepancy principle for lambda",
      "lambda_value=1.0 supplied \u2192 strategy forced to 'fixed'",
      "iter0: lambda decreased to 5.000e-01 (factor=2.0)"
    ],
    "stop_tolerance": 0.001,
    "iteration_budget": 1,
    "skip_verifier": false
  },
  "final_result": {
    "estimated_x": [
      32590.97074959566,
      32590.972230154675,
      32590.97548164402,
      32590.980301972053,
      32590.986328523566,
      32590.993124097215,
      32591.000291364446,
      32591.0075327949,
      32591.014626754808,
      32591.021415755804,
      32591.027755342624,
      32591.033463168646,
      32591.03837628497,
      32591.04242652263,
      32591.045643760837,
      32591.048058817596,
      32591.049732622232,
      32591.05069592679,
      32591.05102196471,
      32591.05086833385,
      32591.050421398504,
      32591.049950346485,
      32591.04964270261,
      32591.049538700187
    ],
    "fitted_y": [
      300.0,
      300.04735071722837,
      300.15447930273336,
      300.3089360688042,
      300.4940867113484,
      300.6969608487898,
      300.9089881251954,
      301.12485677555503,
      301.3413574783365,
      301.5565757782087,
      301.7693859357007,
      301.9791442535993,
      302.1855039678854,
      302.38830263128943,
      302.58749266074517,
      302.78309787175806,
      302.9751859478585,
      303.1638507738911,
      303.34920105116817,
      303.53135289010214,
      303.71042502826094,
      303.88653568595447,
      304.0598006449297,
      304.2303319867565,
      304.39823741985936,
      304.56361989302627,
      304.726577422396,
      304.8872030896165,
      305.04558514418557,
      305.20180714578345,
      305.35594818597247,
      305.50808304026646,
      305.65828242387994,
      305.8066131980278,
      305.9531385845842,
      306.0979184045632,
      306.2410092429507,
      306.3824646414728,
      306.52233529381556,
      306.66066921953814,
      306.7975119263808,
      306.93290654582245,
      307.0668939850426,
      307.1995130423839,
      307.33080056084907,
      307.46079152882675,
      307.58951919048695,
      307.7170151606025,
      307.84330948239096,
      307.96843074203645,
      308.09240617060914,
      308.2152617037349,
      308.33702206108984,
      308.45771079285,
      308.5773503663205,
      308.69596223173147,
      308.8135668853723,
      308.93018389518403,
      309.0458319671977,
      309.1605289875573,
      309.2742920815933,
      309.3871376511991,
      309.49908142058155,
      309.61013844107555,
      309.7203231515123,
      309.8296494212067,
      309.93813056916593,
      310.04577939663557,
      310.1526082210297,
      310.25862885644295,
      310.36385270914155,
      310.4682907581528,
      310.5719536005563,
      310.67485144785644,
      310.7769941526235,
      310.87839122129515,
      310.9790518598135,
      311.0789849797977,
      311.17819919813525,
      311.2767028393597,
      311.3745039807132,
      311.4716104626361,
      311.56802989844755,
      311.66376967904614,
      311.75883695844993,
      311.85323870522774,
      311.9469817129615,
      312.0400725875061,
      312.1325177679323,
      312.22432352117124,
      312.3154959369344,
      312.40604099353874,
      312.49596452647273,
      312.58527222301745,
      312.6739696463916,
      312.76206222070414,
      312.84955527393385,
      312.93645403045633,
      313.0227635961152,
      313.1084889692942,
      313.1936350476709,
      313.27820665157867,
      313.3622085238735,
      313.4456452944537,
      313.52852152276364,
      313.6108416804276,
      313.69261017653844,
      313.7738313649394,
      313.85450949947415,
      313.9346487801956,
      314.0142533362388,
      314.0933272451433,
      314.17187453833395,
      314.24989916388677,
      314.3274050346303,
      314.4043959798249,
      314.4808758158376,
      314.5568483072183,
      314.6323171444118,
      314.70728599561033,
      314.78175845488255,
      300.0,
      300.00001847580216,
      300.0001318630958,
      300.0005113627072,
      300.0014332168735,
      300.0032577639493,
      300.0063888464795,
      300.01122953819186,
      300.01814575372487,
      300.0274427319489,
      300.0393541409296,
      300.05404116831266,
      300.0715979549489,
      300.0920606058542,
      300.1154173442102,
      300.1416185801467,
      300.17058601248027,
      300.20222042623465,
      300.2364082044666,
      300.273026471031,
      300.3119471959001,
      300.35304028897764,
      300.39617594361835,
      300.44122635211806,
      300.4880669580555,
      300.5365772751308,
      300.58664145035186,
      300.6381485882398,
      300.6909929342339,
      300.7450739339703,
      300.8002961665857,
      300.8565692687638,
      300.91380776244796,
      300.971930912193,
      301.03086251396604,
      301.090530713591,
      301.15086776406224,
      301.2118098606679,
      301.2732969223861,
      301.3352723918017,
      301.3976830498453,
      301.46047883794756,
      301.52361267093215,
      301.58704028325155,
      301.6507200696614,
      301.7146129277487,
      301.77868212269493,
      301.84289314092587,
      301.90721357525206,
      301.9716130192681,
      302.036062913586,
      302.100536484702,
      302.1650085949403,
      302.22945569799236,
      302.29385572220053,
      302.3581879779272,
      302.42243310753616,
      302.48657295942064,
      302.5505905917086,
      302.6144701499898,
      302.6781968006208,
      302.74175671034794,
      302.80513694812294,
      302.868325470283,
      302.93131105756083,
      302.9940832409795,
      303.0566323037062,
      303.11894918472035,
      303.18102550845543,
      303.2428534995783,
      303.3044259292633,
      303.36573614298203,
      303.4267779715808,
      303.48754574980745,
      303.54803426258513,
      303.60823870425446,
      303.66815468598463,
      303.72777818205003,
      303.7871055427986,
      303.84613345945206,
      303.9048589122331,
      303.96327919074406,
      304.0213918624741,
      304.0791947653893,
      304.13668600237435,
      304.19386386712915,
      304.2507269034514,
      304.30727384039653,
      304.36350361821496,
      304.4194153772356,
      304.47500837820536,
      304.53028208935996,
      304.5852360919428,
      304.6398701357827,
      304.69418411521036,
      304.7481780116284,
      304.80185195279404,
      304.85520614797866,
      304.90824093984037,
      304.96095676922533,
      305.0133541325585,
      305.0654336466842,
      305.11719596920454,
      305.1686418688782,
      305.21977218115836,
      305.2705877785523,
      305.32108961508294,
      305.3712786836795,
      305.4211560384088,
      305.4707228092959,
      305.5199801263688,
      305.5689291900564,
      305.61757121005337,
      305.66590745904494,
      305.7139392634443,
      305.7616679237311,
      305.8090948200493,
      305.8562213103147,
      305.9030488117283,
      305.949578776693,
      305.9958126335304
    ],
    "status": "success"
  }
}