{
  "final_status": "weak_pass",
  "final_lambda": 2.6422094577264397e-09,
  "final_reg_order": 2,
  "final_residual_norm": 1.580318228011491,
  "final_reg_norm": 23686.488240152106,
  "n_iterations": 1,
  "summary_notes": [
    "Completed in 1 iteration(s)"
  ],
  "final_config": {
    "parameterization_type": "piecewise_constant",
    "num_parameters": 24,
    "reg_order": 2,
    "lambda_strategy": "discrepancy",
    "lambda_value": 2.6422094577264397e-09,
    "lambda_grid": null,
    "max_retries": 8,
    "physical_bounds": [
      -500000.0,
      500000.0
    ],
    "planner_notes": [
      "num_parameters=24 (\u2248 N_t/5)",
      "reg_order=2 (default first-difference smoothness)",
      "noise_std provided \u2192 using discrepancy principle for lambda",
      "physical_bounds=(-500000.0, 500000.0) applied"
    ],
    "stop_tolerance": 0.001,
    "iteration_budget": 12,
    "skip_verifier": false
  },
  "final_result": {
    "estimated_x": [
      -2500.8011406300047,
      3146.7081295820244,
      10562.068695694124,
      22193.7013637303,
      35975.20862014144,
      45815.53686123967,
      47048.97143118055,
      40998.393029838306,
      34069.94428783136,
      33036.69886168859,
      39035.87074543525,
      45950.66720465753,
      46699.51446085406,
      40679.48254252222,
      34189.79886409427,
      33327.59393531498,
      39140.48619466024,
      45724.46419358891,
      46161.00122998339,
      38388.47147532914,
      25256.914126416,
      12745.993454475723,
      3345.130050760017,
      -4570.489659161341
    ],
    "fitted_y": [
      300.0,
      299.9963666400562,
      299.9881463482802,
      299.9762944258649,
      299.96208727193823,
      299.9547252861065,
      299.9570195306914,
      299.96722025412953,
      299.98269125071516,
      300.0013318566988,
      300.0325169596299,
      300.0782030328879,
      300.1350279061691,
      300.1988875263546,
      300.2666393465187,
      300.3531193451809,
      300.4614888847936,
      300.5865391412202,
      300.72188119296345,
      300.8626250227157,
      301.02559090544696,
      301.21406636422097,
      301.42161448711886,
      301.6405186719497,
      301.8649101767981,
      302.1052599729156,
      302.3629842385105,
      302.6329459273829,
      302.9093343462331,
      303.1878041925091,
      303.4673495954457,
      303.7467606739661,
      304.0246027361656,
      304.29972337318964,
      304.57137651764964,
      304.8303542012967,
      305.07415368029797,
      305.30502929050186,
      305.5260960204936,
      305.7398380395668,
      305.93788464469304,
      306.1186995713577,
      306.2856517250817,
      306.4427611387656,
      306.59312131238596,
      306.7372965893254,
      306.8762064105507,
      307.0110728770911,
      307.14294899976994,
      307.2725854523444,
      307.4091936600748,
      307.5553801334711,
      307.70905870566145,
      307.8673013884248,
      308.0278094948387,
      308.1991118838196,
      308.38290901761087,
      308.5759981779035,
      308.77451917570363,
      308.97552907817317,
      309.17819168570287,
      309.3816120343363,
      309.58480196247194,
      309.7869719564485,
      309.9875964417881,
      310.17761444826857,
      310.35455829626306,
      310.52064534282516,
      310.678921247525,
      310.83178852592863,
      310.97142845609307,
      311.0963864580562,
      311.20977986157453,
      311.3153234481848,
      311.41585799378925,
      311.5120063667344,
      311.6046107809239,
      311.69471751366024,
      311.78320282886716,
      311.8706739755578,
      311.965961245217,
      312.07151393632284,
      312.1852474236006,
      312.3042704012757,
      312.4263077313402,
      312.5594117119622,
      312.70514644687614,
      312.8604168089877,
      313.02150811326686,
      313.1855836404322,
      313.35141434675586,
      313.5180141962204,
      313.68452165856274,
      313.8503016967107,
      314.0149411094187,
      314.16689914116597,
      314.30307309736787,
      314.426362058506,
      314.54070587624443,
      314.6491969481197,
      314.73481587206425,
      314.79384721088417,
      314.83210309034365,
      314.85677589582156,
      314.87339497275354,
      314.8674252648409,
      314.83635391836236,
      314.7863258197648,
      314.72454202992157,
      314.6564610750408,
      314.57198810702675,
      314.46972390454937,
      314.35455880044225,
      314.2320437808396,
      314.1063396061468,
      313.9686336205047,
      313.8175303393558,
      313.65699297046103,
      313.4915805055913,
      313.32470630608725,
      313.1585596351361,
      300.0,
      299.99999858229717,
      299.9999898817563,
      299.9999607616338,
      299.99989002504947,
      299.99975322375025,
      299.99953261546926,
      299.9992269363345,
      299.9988559771306,
      299.99845875830823,
      299.9980915319528,
      299.9978291701155,
      299.9977668061201,
      299.9980174160646,
      299.9987043821971,
      299.9999579201483,
      300.00191934742486,
      300.00474688092976,
      300.00861524221426,
      300.0137070377154,
      300.02020713892836,
      300.02830594372904,
      300.0382049132219,
      300.0501156365231,
      300.06424997549766,
      300.08081068876254,
      300.09998873576615,
      300.12196391853854,
      300.146903090584,
      300.1749538740532,
      300.2062367571096,
      300.2408389334055,
      300.27881121764136,
      300.32016782385404,
      300.3648881834491,
      300.41291676672176,
      300.4641599494803,
      300.51848387017407,
      300.5757173523425,
      300.6356604093414,
      300.69809201894486,
      300.76277358509975,
      300.8294508789719,
      300.89785865686474,
      300.96772901920923,
      301.03880103121656,
      301.11082890479787,
      301.1835876006113,
      301.2568760851218,
      301.33051869805746,
      301.404368450201,
      301.4783130940151,
      301.55227983997804,
      301.62623476493155,
      301.7001762041875,
      301.7741285068736,
      301.84813979155433,
      301.9222808059101,
      301.99664095285436,
      302.0713202323118,
      302.14641959488006,
      302.2220324649602,
      302.2982386507155,
      302.3751008955321,
      302.45266340169024,
      302.53094856122226,
      302.6099509922785,
      302.68963272440715,
      302.7699237614703,
      302.85072841930673,
      302.9319315030654,
      303.01340081001007,
      303.0949883185694,
      303.17653404649536,
      303.25787342775,
      303.33884599221005,
      303.4193028997356,
      303.499112043749,
      303.5781609935781,
      303.65635810032626,
      303.7336354985694,
      303.80995493649533,
      303.88531231004447,
      303.95973717598787,
      304.03328650191037,
      304.10603871073084,
      304.178091623771,
      304.24956142894166,
      304.32057901467385,
      304.39128245959415,
      304.4618078280625,
      304.5322809804781,
      304.60281162628513,
      304.67349012489836,
      304.7443864315395,
      304.81554628813336,
      304.88698361513156,
      304.95867404161135,
      305.030555109042,
      305.10253382757,
      305.17449122194836,
      305.24627913315516,
      305.31771577325867,
      305.3885886568448,
      305.45866677595353,
      305.5277109052222,
      305.59547573162814,
      305.6617087117982,
      305.72615356112055,
      305.78856054253794,
      305.84869503699895,
      305.90633926371567,
      305.961290494824,
      306.0133618281315,
      306.0623873869294,
      306.1082254132554,
      306.150755678712,
      306.18987449173204,
      306.2254926805476,
      306.2575380646679,
      306.28596058968145
    ],
    "status": "success"
  }
}