{
  "final_status": "weak_pass",
  "final_lambda": 0.00390625,
  "final_reg_order": 1,
  "final_residual_norm": 15.114016561010894,
  "final_reg_norm": 5.819228311689853,
  "n_iterations": 9,
  "summary_notes": [
    "Completed in 9 iteration(s)"
  ],
  "final_config": {
    "parameterization_type": "piecewise_constant",
    "num_parameters": 24,
    "reg_order": 1,
    "lambda_strategy": "fixed",
    "lambda_value": 0.00390625,
    "lambda_grid": null,
    "max_retries": 8,
    "physical_bounds": [
      -500000.0,
      500000.0
    ],
    "planner_notes": [
      "num_parameters=24 (\u2248 N_t/5)",
      "reg_order=1 (default first-difference smoothness)",
      "noise_std provided \u2192 using discrepancy principle for lambda",
      "lambda_value=1.0 supplied \u2192 strategy forced to 'fixed'",
      "physical_bounds=(-500000.0, 500000.0) applied",
      "iter0: lambda decreased to 5.000e-01 (factor=2.0)",
      "iter1: lambda decreased to 2.500e-01 (factor=2.0)",
      "iter2: lambda decreased to 1.250e-01 (factor=2.0)",
      "iter3: lambda decreased to 6.250e-02 (factor=2.0)",
      "iter4: lambda decreased to 3.125e-02 (factor=2.0)",
      "iter5: lambda decreased to 1.562e-02 (factor=2.0)",
      "iter6: lambda decreased to 7.812e-03 (factor=2.0)",
      "iter7: lambda decreased to 3.906e-03 (factor=2.0)"
    ],
    "stop_tolerance": 0.001,
    "iteration_budget": 12,
    "skip_verifier": false
  },
  "final_result": {
    "estimated_x": [
      32784.12778160636,
      32784.51700601827,
      32785.38187389862,
      32786.666353783716,
      32788.27830061519,
      32790.10740334399,
      32792.04990767129,
      32794.02161338019,
      32795.96531389028,
      32797.8364434562,
      32799.58866656253,
      32801.17262665315,
      32802.54507042855,
      32803.68432126775,
      32804.59198846577,
      32805.28253893045,
      32805.76823046809,
      32806.05705475544,
      32806.164918492075,
      32806.131371358795,
      32806.017443467885,
      32805.8918998647,
      32805.80816422152,
      32805.78084222336
    ],
    "fitted_y": [
      300.0,
      300.0476313509067,
      300.1553948558125,
      300.3107670413944,
      300.49701501696575,
      300.7010920926717,
      300.9143772664637,
      301.1315271439594,
      301.34931318502976,
      301.5658094336252,
      301.77988462818445,
      301.9908915218302,
      302.1984809280658,
      302.4024889743129,
      302.6028674392076,
      302.79964190432094,
      302.9928807977047,
      303.182677985038,
      303.36914210757715,
      303.552389425148,
      303.73254135948287,
      303.90971722727477,
      304.08403275402037,
      304.25559979088166,
      304.4245260033791,
      304.59091715360705,
      304.75487226197214,
      304.9164841053811,
      305.07584043443205,
      305.2330245286507,
      305.3881182561351,
      305.5411972672816,
      305.6923317779684,
      305.8415879569222,
      305.9890285770685,
      306.1347161345766,
      306.2787079765071,
      306.42105702473725,
      306.5618131673343,
      306.7010238738413,
      306.8387371966094,
      306.97499693752707,
      307.10984332080494,
      307.2433142854202,
      307.3754460725256,
      307.50627605883085,
      307.63583808119023,
      307.7641630505987,
      307.89128014139817,
      308.01721732246114,
      308.1420040182753,
      308.26566668421117,
      308.38822935111966,
      308.5097147297198,
      308.6301446863607,
      308.74954262225873,
      308.8679294799982,
      308.98532418670015,
      309.10174467519215,
      309.21720827647795,
      309.331733783466,
      309.44533797009586,
      309.5580359962138,
      309.66984223739865,
      309.7807706479171,
      309.89083646766284,
      310.0000533179054,
      310.1084335293682,
      310.21598885944866,
      310.3227307224138,
      310.4286716108015,
      310.53382274426355,
      310.6381943483681,
      310.7417961937865,
      310.84463782124055,
      310.94672956262417,
      311.0480808108712,
      311.1487002017951,
      311.2485960254425,
      311.3477763784688,
      311.44624991866397,
      311.54402462376527,
      311.64110792246373,
      311.7375069872131,
      311.8332288242156,
      311.9282807470125,
      312.0226696389627,
      312.11640200930395,
      312.2094841833363,
      312.3019223578212,
      312.39372275343766,
      312.4848913963201,
      312.57543410747087,
      312.66535655732804,
      312.7546643107633,
      312.84336276272546,
      312.9314572601136,
      313.01895307899923,
      313.10585538504387,
      313.19216923449864,
      313.27789941411817,
      313.363050751549,
      313.4476280809394,
      313.5316361357578,
      313.6150795645797,
      313.6979627295808,
      313.7802900518383,
      313.8620659842185,
      313.94329488983504,
      314.0239810602277,
      314.10412857522215,
      314.1837415380462,
      314.26282405998205,
      314.34138017331134,
      314.4194138617324,
      314.4969289716303,
      314.57392935561,
      314.65041882839796,
      314.72640112951603,
      314.80187997038803,
      314.87685898246815,
      300.0,
      300.00001858530277,
      300.0001326446093,
      300.0005143934025,
      300.0014417111255,
      300.0032770719713,
      300.0064267128494,
      300.01129609842286,
      300.0182533152844,
      300.02760541565175,
      300.039587457765,
      300.05436159139737,
      300.07202252422366,
      300.09260658617796,
      300.1161019429502,
      300.14245872408526,
      300.1715981791092,
      300.2034205218521,
      300.23781148077273,
      300.27464747121104,
      300.31379972443926,
      300.35513740025766,
      300.3985299450993,
      300.443848817605,
      300.49096874724063,
      300.53976855726205,
      300.5901317317166,
      300.6419467423743,
      300.69510723319206,
      300.7495120787469,
      300.8050653163715,
      300.86167607026323,
      300.9192583790666,
      300.97773105241794,
      301.03701745731826,
      301.0970453347352,
      301.1577465560212,
      301.2190569580035,
      301.2809161231853,
      301.3432671773589,
      301.40605660251936,
      301.4692340585292,
      301.5327521958692,
      301.5965665011131,
      301.6606351356122,
      301.7249187764061,
      301.7893804807446,
      301.853985539821,
      301.9187013634097,
      301.9834973726704,
      302.04834484482416,
      302.1132168521769,
      302.17808811206874,
      302.24293494233575,
      302.307735143022,
      302.37246790259564,
      302.4371137480892,
      302.5016544191839,
      302.5660728721258,
      302.6303531559598,
      302.69448034489835,
      302.75844051820513,
      302.82222066212495,
      302.8858086551634,
      302.9491932040927,
      303.012363768954,
      303.0753105652419,
      303.1380244675887,
      303.20049703977054,
      303.2627204484959,
      303.32468740900634,
      303.38639121329913,
      303.4478256411602,
      303.5089849789839,
      303.56986396537485,
      303.63045774988313,
      303.69076190067574,
      303.7507723508695,
      303.81048541174545,
      303.86989773709627,
      303.9290062708503,
      303.9878082677232,
      304.04630126179944,
      304.1044830592223,
      304.16235173245497,
      304.2199055455986,
      304.27714301411044,
      304.3340628397269,
      304.3906639366712,
      304.4469454204167,
      304.5029065274755,
      304.55854670301704,
      304.61386550587656,
      304.6688626645598,
      304.72353805304925,
      304.7778916330252,
      304.8319235135104,
      304.88563388563216,
      304.9390230748872,
      304.9920915058294,
      305.0448396592583,
      305.09726813746164,
      305.14937758403767,
      305.20116875478146,
      305.25264247307234,
      305.30379960013494,
      305.3546410798014,
      305.40516789559905,
      305.4553810931629,
      305.50528179522564,
      305.5548711252728,
      305.6041502784073,
