{
  "final_status": "fail",
  "final_lambda": 1.9336328805176017e-09,
  "final_reg_order": 1,
  "final_residual_norm": 1.5591883594543945,
  "final_reg_norm": 29501.016974463237,
  "n_iterations": 1,
  "summary_notes": [
    "Completed in 1 iteration(s)"
  ],
  "final_config": {
    "parameterization_type": "piecewise_constant",
    "num_parameters": 24,
    "reg_order": 2,
    "lambda_strategy": "discrepancy",
    "lambda_value": 1.9336328805176017e-09,
    "lambda_grid": null,
    "max_retries": 1,
    "physical_bounds": [
      -500000.0,
      500000.0
    ],
    "planner_notes": [
      "num_parameters=24 (\u2248 N_t/5)",
      "reg_order=1 (default first-difference smoothness)",
      "noise_std provided \u2192 using discrepancy principle for lambda",
      "physical_bounds=(-500000.0, 500000.0) applied",
      "iter0: oscillatory solution \u2192 increase reg_order to 2"
    ],
    "stop_tolerance": 0.001,
    "iteration_budget": 1
  },
  "final_result": {
    "estimated_x": [
      -445.8214034739041,
      620.0352286082489,
      61.54724182338023,
      -677.7657938185904,
      -1601.8048599735532,
      -480.2390640137871,
      10010.812269612756,
      31976.940309365204,
      47989.678212595296,
      51592.29894411921,
      50866.97252088342,
      50273.704634797934,
      49829.005606677725,
      49422.45136058331,
      50247.35431749277,
      49956.90057420582,
      49947.70176916045,
      49529.44811895518,
      49164.7595258428,
      50422.94082783759,
      50000.04113478482,
      50020.88809097159,
      50412.00667898689,
      50290.011329391986
    ],
    "fitted_y": [
      300.0,
      299.9993522757155,
      299.99788683251944,
      299.99577397332445,
      299.9932412436324,
      299.9920146291197,
      299.99261778456645,
      299.99471621573764,
      299.9978098148705,
      300.00150058643516,
      300.00471222894566,
      300.0070668767448,
      300.0086776568205,
      300.0097692307703,
      300.0105276976463,
      300.01000441184283,
      300.0079962262834,
      300.0048339559263,
      300.00092470658166,
      299.99658118765393,
      299.9906669179765,
      299.9829574459996,
      299.97388330988656,
      299.9639626439121,
      299.9535907304816,
      299.94465596124985,
      299.93774530153667,
      299.9325255226705,
      299.928479866689,
      299.9251935452748,
      299.93763065868217,
      299.96961645650316,
      300.0170350722652,
      300.07446471865666,
      300.13768807040054,
      300.2358336327737,
      300.3755500967309,
      300.5474020903939,
      300.7395544906063,
      300.9428980183317,
      301.1747103548577,
      301.4374033278969,
      301.7226432652104,
      302.02095067580285,
      302.32520114718415,
      302.6360055185535,
      302.9519239059057,
      303.2699286149884,
      303.5872454364411,
      303.90194169338395,
      304.21178356656964,
      304.5158374514597,
      304.8140551735218,
      305.1066848344432,
      305.39401548044805,
      305.67544922581806,
      305.9509938296897,
      306.2210867312461,
      306.4862245893468,
      306.7468243193243,
      307.00256583703487,
      307.2535367041572,
      307.500116887463,
      307.74271165261075,
      307.98165413250075,
      308.21661060038457,
      308.4476261161024,
      308.67501740186543,
      308.899127346175,
      309.120235153241,
      309.3397506771847,
      309.55814940556365,
      309.7752432270524,
      309.99071559907594,
      310.20432748080844,
      310.41551850589786,
      310.6241141616633,
      310.83020878927607,
      311.03396192439493,
      311.23551635409194,
      311.4349710305902,
      311.63241021372266,
      311.82790838376343,
      312.02153010695787,
      312.21333142536116,
      312.40275420875474,
      312.5896837048978,
      312.7743207455493,
      312.95691698358934,
      313.1376746618534,
      313.31620768914024,
      313.49247718946856,
      313.666694081512,
      313.83909804089166,
      314.0098762653494,
      314.18098728191416,
      314.3529999740601,
      314.5254958858498,
      314.6978780278446,
      314.86968013717654,
      315.0399845406086,
      315.20844804025006,
      315.37512836051434,
      315.54018536711965,
      315.70376026013696,
      315.8659848842686,
      316.0269370396517,
      316.18665773176303,
      316.3451723125788,
      316.50250046275295,
      316.6592279205238,
      316.81552017765057,
      316.97124335107276,
      317.1262126299518,
      317.28028651958016,
      317.43319852107,
      317.58485148132837,
      317.7352661256208,
      317.88449394925755,
      318.03258177591414,
      318.17956536490567,
      300.0,
      299.999999747264,
      299.9999981962061,
      299.9999930049201,
      299.99998039460786,
      299.99995604032927,
      299.99991691768184,
      299.99986311162,
      299.9997986509298,
      299.99973114492457,
      299.99967028762734,
      299.9996257467242,
      299.99960526740324,
      299.9996136044314,
      299.9996523862457,
      299.99972022281554,
      299.99981262336195,
      299.9999219712362,
      300.0000379390628,
      300.0001484072275,
      300.0002401193322,
      300.0002986862423,
      300.00030839466774,
      300.00025241982615,
      300.0001136107252,
      299.9998762324728,
      299.9995283911606,
      299.9990640695687,
      299.99848386539753,
      299.9977943075235,
      299.99701219341597,
      299.9961754149534,
      299.9953531266667,
      299.9946478276031,
      299.99418784834944,
      299.99412637124414,
      299.9946536964208,
      299.99601039971697,
      299.9984868817029,
      300.0024059435,
      300.0081044188126,
      300.01592469175813,
      300.02621128221756,
      300.03930350059994,
      300.0555211609864,
      300.0751490652689,
      300.09842590790805,
      300.12553861850876,
      300.1566205635333,
      300.19175199153716,
      300.23096182539126,
      300.2742306382467,
      300.3214951230109,
      300.37265420194484,
      300.42757624704495,
      300.4861062844168,
      300.5480724099102,
      300.61329130205854,
      300.68157309605334,
      300.752725681095,
      300.82655806639104,
      300.9028827351213,
      300.98151720994593,
      301.0622852822997,
      301.1450180462061,
      301.22955449958164,
      301.31574166175847,
      301.40343436921705,
      301.49249517088305,
      301.5827943266802,
      301.67421036127877,
      301.7666311401646,
      301.85995468250417,
      301.95408923682874,
      302.04895234673876,
      302.14446918871994,
      302.24057061955205,
      302.33719137859936,
      302.4342689818732,
      302.5317431449497,
      302.62955569796685,
      302.7276507771424,
      302.825974994427,
      302.92447768332784,
      303.0231109580652,
      303.12182947995893,
      303.22058995660876,
      303.31935052641666,
      303.4180705712144,
      303.5167108141277,
      303.6152334643506,
      303.71360226238227,
      303.81178234402705,
      303.9097403596135,
      304.00744469733354,
      304.104866519915,
      304.20198167292335,
      304.29877224093536,
      304.39522705170714,
      304.49134074650146,
      304.58711175176006,
      304.68253989493854,
      304.77762420281454,
      304.87236168631415,
      304.966746938965,
      305.06077239282007,
      305.1544290422167,
      305.2477070702423,
      305.34059650263816,
      305.43308759778074,
      305.5251712680761,
      305.61683977196816,
      305.7080871414835,
      305.79890936905866,
      305.8893041189833,
      305.97927007314325,
      306.0688063024032,
      306.15791158789585,
      306.2465841189712,
      306.33482139572004,
      306.4226202671979
    ],
    "status": "success"
  }
}