{
  "final_status": "weak_pass",
  "final_lambda": 1.9667690729851407e-10,
  "final_reg_order": 2,
  "final_residual_norm": 14.800145657687102,
  "final_reg_norm": 96051.03144166351,
  "n_iterations": 9,
  "summary_notes": [
    "Completed in 9 iteration(s)"
  ],
  "final_config": {
    "parameterization_type": "piecewise_constant",
    "num_parameters": 24,
    "reg_order": 2,
    "lambda_strategy": "fixed",
    "lambda_value": 1.9667690729851407e-10,
    "lambda_grid": null,
    "max_retries": 8,
    "physical_bounds": [
      -500000.0,
      500000.0
    ],
    "planner_notes": [
      "num_parameters=24 (\u2248 N_t/5)",
      "reg_order=0 (default first-difference smoothness)",
      "noise_std provided \u2192 using discrepancy principle for lambda",
      "physical_bounds=(-500000.0, 500000.0) applied",
      "iter0: lambda decreased to 6.294e-09 (factor=2.0)",
      "iter1: lambda decreased to 3.147e-09 (factor=2.0)",
      "iter2: lambda decreased to 1.573e-09 (factor=2.0)",
      "iter3: lambda decreased to 7.867e-10 (factor=2.0)",
      "iter4: lambda decreased to 3.934e-10 (factor=2.0)",
      "iter5: oscillatory solution \u2192 increase reg_order to 1",
      "iter6: lambda decreased to 1.967e-10 (factor=2.0)",
      "iter7: oscillatory solution \u2192 increase reg_order to 2"
    ],
    "stop_tolerance": 0.001,
    "iteration_budget": 12,
    "skip_verifier": false
  },
  "final_result": {
    "estimated_x": [
      17049.51963687079,
      7530.37164722482,
      23497.53238371982,
      33386.55578562928,
      37844.465229209025,
      25356.415562511156,
      56409.46307275395,
      56700.604139549134,
      53489.69774276271,
      56420.991303512514,
      47586.31835364336,
      56806.37499610029,
      59974.85852609133,
      57138.82195553073,
      35020.439763152375,
      18729.11044045615,
      18750.64382897616,
      23254.32170888561,
      4430.838088247171,
      11843.170396826114,
      14993.308410991312,
      -9893.247739575543,
      -12683.83026740194,
      24231.390713567398
    ],
    "fitted_y": [
      300.0,
      300.0247708787016,
      300.0808137298419,
      300.16161566993776,
      300.2584746908026,
      300.3507753500705,
      300.4304044674411,
      300.4982195644131,
      300.5574002641993,
      300.6107334255863,
      300.68333170187174,
      300.7824981871822,
      300.9028894300009,
      301.0368300466065,
      301.1782694210062,
      301.3375767315525,
      301.5160570440153,
      301.7084570053795,
      301.90886212073855,
      302.112839065568,
      302.32399112787516,
      302.54227093374146,
      302.76495100905845,
      302.9891765592496,
      303.21286520388156,
      303.4165582032213,
      303.5947254616191,
      303.7517183312755,
      303.8937059542001,
      304.02558331242534,
      304.1957538176977,
      304.4181432379167,
      304.68219600396634,
      304.9728883957986,
      305.27839313112895,
      305.5913165179141,
      305.9069438569278,
      306.2222689033807,
      306.5354347364206,
      306.84533761080746,
      307.1466864781529,
      307.43792881891324,
      307.72014756316923,
      307.9949519473028,
      308.2636603282163,
      308.5314588397794,
      308.8000963957566,
      309.0688910106248,
      309.33666321412227,
      309.60248720924636,
      309.8529486428997,
      310.0843609822083,
      310.2999480717078,
      310.5041684728636,
      310.7005463303473,
      310.9048424808386,
      311.122073414244,
      311.3496580018846,
      311.5834849469478,
      311.8202671167319,
      312.0624344014552,
      312.309861145422,
      312.5605456416371,
      312.81241180786463,
      313.06394063412404,
      313.31004198441684,
      313.5490555140579,
      313.78173530974163,
      314.00935318557583,
      314.23295561753406,
      314.42112776472544,
      314.5659072117429,
      314.67605248331455,
      314.76306166702625,
      314.83588454344556,
      314.8767770164416,
      314.8832163640251,
      314.8636722068764,
      314.82781628659734,
      314.78294593111303,
      314.7338576191993,
      314.68349019739424,
      314.63358676456005,
      314.5851598181243,
      314.5387793484743,
      314.50128895586613,
      314.4745405701961,
      314.4568462006059,
      314.44587672287884,
      314.4397711813816,
      314.4099060438308,
      314.34826660388364,
      314.26149102627255,
      314.15881178041644,
      314.04745532396595,
      313.9429454732475,
      313.85102608692074,
      313.7705987730481,
      313.69888615144913,
      313.6335032911924,
      313.57737520104956,
      313.53062923671547,
      313.4913665236862,
      313.4575172098203,
      313.4275081934483,
      313.36412263265265,
      313.2571821481294,
      313.1157439199512,
      312.9522101599814,
      312.7762786746961,
      312.590292052151,
      312.39713305394315,
      312.2002342606012,
      312.00241483695714,
      311.8055898475366,
      311.6645712997692,
      311.5941143922503,
      311.5804807207405,
      311.6049971097201,
      311.6530213387954,
      311.7148226163627,
      300.0,
      300.0000096653626,
      300.00006898237115,
      300.0002675123912,
      300.00074976776284,
      300.00169885815734,
      300.0033037219001,
      300.00572521942945,
      300.0090740893267,
      300.0134047635752,
      300.01873058230115,
      300.0250555855001,
      300.03240602035595,
      300.0408469613233,
      300.0504805330102,
      300.0614371779935,
      300.0738691049132,
      300.08794508482697,
      300.103842476917,
      300.12173530901083,
      300.1417835040324,
      300.1641268733009,
      300.18888282260906,
      300.21614501611816,
      300.2459815886615,
      300.2784262062648,
      300.3134619873922,
      300.35100797797475,
      300.3909173700871,
      300.43298887118664,
      300.47700381208807,
      300.5227848758102,
      300.5702489871132,
      300.6194296129685,
      300.67046388855096,
      300.7235568703642,
      300.7789394632991,
      300.8368320777865,
      300.89741947360494,
      300.96083711478957,
      301.0271650802981,
      301.0964263434983,
      301.1685890186195,
      301.243572960892,
      301.32125970945026,
      301.40150552361786,
      301.48415580157206,
      301.56905737690124,
      301.65606619861643,
      301.7450499698628,
      301.835882217976,
      301.92842908164005,
      302.0225365908471,
      302.1180258184117,
      302.21469727004893,
      302.3123465311972,
      302.41078742915715,
      302.50987253183865,
      302.6095028874192,
      302.70962541259547,
      302.8102238249175,
      302.91130879807923,
      303.01290897841716,
      303.1150627538347,
      303.2178104497862,
      303.32118601017766,
      303.425208704136,
      303.52987701177403,
      303.6351669024865,
      303.74103416621676,
      303.84740689173367,
      303.95416453936326,
      304.0611181735884,
      304.1680075721255,
      304.27451811282066,
      304.38030061380414,
      304.48498241623616,
      304.5881738016204,
      304.68947868954376,
      304.7885121131388,
      304.8849207075378,
      304.97840078199073,
      305.0687100143735,
      305.15567196116075,
      305.23917433677434,
      305.31916549331623,
      305.3956516505944,
      305.4686928262909,
      305.5383954895352,
      305.6049017046274,
      305.6683660040812,
      305.7289209456453,
      305.7866462553091,
      305.84155618859825,
      305.89360742663155,
      305.9427245270432,
      305.9888338712476,
      306.0318931856933,
      306.0719082411156,
      306.1089352724017,
      306.1430750487907,
      306.17446450126994,
      306.2032676406285,
      306.22966616658647,
      306.2538498196552,
      306.2759934178214,
      306.29621972845393,
      306.3145665463783,
      306.3309762774174,
      306.34531115901615,
      306.35738303469174,
      306.36698509086875,
      306.3739180053952,
