{
  "final_status": "fail",
  "final_lambda": 1.0,
  "final_reg_order": 1,
  "final_residual_norm": 36.51941947448076,
  "final_reg_norm": 0.08425665068168303,
  "n_iterations": 1,
  "summary_notes": [
    "Completed in 1 iteration(s)"
  ],
  "final_config": {
    "parameterization_type": "piecewise_constant",
    "num_parameters": 24,
    "reg_order": 1,
    "lambda_strategy": "fixed",
    "lambda_value": 5.0,
    "lambda_grid": null,
    "max_retries": 1,
    "physical_bounds": null,
    "planner_notes": [
      "num_parameters=24 (\u2248 N_t/5)",
      "reg_order=1 (default first-difference smoothness)",
      "noise_std provided \u2192 using discrepancy principle for lambda",
      "lambda_value=1.0 supplied \u2192 strategy forced to 'fixed'",
      "iter0: lambda increased to 5.000e+00 (factor=5.0)"
    ],
    "stop_tolerance": 0.001,
    "iteration_budget": 1,
    "skip_verifier": false
  },
  "final_result": {
    "estimated_x": [
      31717.05803060346,
      31717.06101897398,
      31717.067730149924,
      31717.078115381424,
      31717.091959259305,
      31717.108927496403,
      31717.128634374534,
      31717.150643996676,
      31717.174422655167,
      31717.199426869884,
      31717.225124933044,
      31717.250927294546,
      31717.276230134503,
      31717.300481866532,
      31717.323194751403,
      31717.34385712555,
      31717.362109052203,
      31717.377648732683,
      31717.390303678076,
      31717.4000314556,
      31717.406826852657,
      31717.41097975255,
      31717.412963007948,
      31717.413487940266
    ],
    "fitted_y": [
      300.0,
      300.04608102832105,
      300.150337007356,
      300.30065208236033,
      300.48083799087766,
      300.6782721487262,
      300.8846140109333,
      301.09469424456836,
      301.30538958387166,
      301.514836908184,
      301.72194066899544,
      301.9260744306541,
      302.12690072596007,
      302.32426146169564,
      302.51811032924854,
      302.70847051283164,
      302.89540788264753,
      303.07901380352723,
      303.2593940588879,
      303.4366616433041,
      303.61093212047564,
      303.7823205427673,
      303.9509395836677,
      304.1168983149214,
      304.28030155343464,
      304.44124950031494,
      304.599837546044,
      304.7561562715734,
      304.9102915542846,
      305.06232470886675,
      305.2123327217228,
      305.36038836640927,
      305.50656045605524,
      305.6509140519392,
      305.7935106752849,
      305.93440856126944,
      306.0736627811536,
      306.21132543400324,
      306.3474458458351,
      306.4820707422563,
      306.61524443114627,
      306.74700889137716,
      306.8774039253244,
      307.00646728154646,
      307.13423480797917,
      307.2607405769177,
      307.3860169453262,
      307.51009467159565,
      307.6330029830629,
      307.75476969160786,
      307.8754213214556,
      307.9949831171982,
      308.1134791264617,
      308.2309322570128,
      308.3473643654582,
      308.46279635094555,
      308.5772481646927,
      308.6907388403726,
      308.8032865710986,
      308.91490875486625,
      309.0256220821144,
      309.1354425194637,
      309.24438535977305,
      309.35246523930743,
      309.45969620108576,
      309.5660917664789,
      309.67166490178613,
      309.77642805536414,
      309.8803932029863,
      309.98357183342006,
      310.08597507005413,
      310.18761360173545,
      310.28849773208333,
      310.38863738784045,
      310.4880421491696,
      310.5867212889492,
      310.68468377014597,
      310.7819382566942,
      310.8784931241914,
      310.9743564662883,
      311.0695361629049,
      311.16403984770994,
      311.25787492194235,
      311.3510485690392,
      311.4435677442536,
      311.535439246107,
      311.6266696890112,
      311.717265494711,
      311.807232921481,
      311.8965780621453,
      311.9853068572153,
      312.0734251271873,
      312.160938545173,
      312.2478526390965,
      312.3341728179117,
      312.419904371435,
      312.50505248671305,
      312.5896222433008,
      312.6736186046638,
      312.7570464311185,
      312.8399104970037,
      312.92221549473913,
      313.00396603652587,
      313.08516662413456,
      313.16582169183846,
      313.24593559627203,
      313.32551262908396,
      313.4045570251504,
      313.48307292174985,
      313.56106440451623,
      313.6385354941152,
      313.7154901590771,
      313.791932321643,
      313.8678658228464,
      313.943294469792,
      314.01822198954227,
      314.09265209620617,
      314.16658845315305,
      314.2400346516517,
      314.3129942614413,
      314.3854707802396,
      300.0,
      300.0000179803816,
      300.0001283272442,
      300.0004976507384,
      300.0013947857858,
      300.0031704084255,
      300.00621753234356,
      300.01092842302904,
      300.01765918329164,
      300.02670686717096,
      300.03829887704643,
      300.0525920784143,
      300.0696780878155,
      300.0895920421701,
      300.1123224805003,
      300.1378211427217,
      300.16601182732467,
      300.1967979798108,
      300.23006902990693,
      300.2657053964242,
      300.3035824824934,
      300.34357368642253,
      300.38555268237917,
      300.42939508988127,
      300.4749796925514,
      300.52218923499555,
      300.5709109708919,
      300.6210369785073,
      300.67246433918496,
      300.7250951950258,
      300.7788366839773,
      300.8336008659204,
      300.88930455500866,
      300.9458691808449,
      301.0032205829372,
      301.0612888340067,
      301.1200080038135,
      301.17931599870894,
      301.23915434889363,
      301.29946801368953,
      301.36020520124157,
      301.42131719544557,
      301.4827581738669,
      301.54448505809995,
      301.60645735870423,
      301.6686370219486,
      301.7309882982066,
      301.79347759953964,
      301.8560733879177,
      301.91874607243983,
      301.9814678596834,
      302.0442126942161,
      302.10695611257376,
      302.1696751999919,
      302.2323484768083,
      302.29495580830854,
      302.3574783560551,
      302.4198984553029,
      302.48219961860707,
      302.5443664168166,
      302.60638441416086,
      302.66824014842484,
      302.72992103540815,
      302.7914153545037,
      302.8527121873853,
      302.91380134588235,
      302.9746733737901,
      303.0353194531306,
      303.09573143300173,
      303.1559017466304,
      303.21582335907993,
      303.2754897943006,
      303.3348950486012,
      303.3940336086808,
      303.4529003993327,
      303.5114907437727,
      303.56980037085657,
      303.6278253628062,
      303.6855621678326,
      303.7430075658699,
      303.8001586180875,
      303.8570126867268,
      303.9135674044615,
      303.9698206671878,
      304.0257706286075,
      304.08141562810545,
      304.1367542484468,
      304.1917852526833,
      304.2465076093963,
      304.3009204818724,
      304.3550231505731,
      304.40881509787505,
      304.46229591612826,
      304.5154653617457,
      304.56832333176,
      304.6208698079291,
      304.6731049144326,
      304.72502885477417,
      304.77664196226584,
      304.8279446657684,
      304.87893744822213,
      304.9296209097496,
      304.9799956901349,
      305.03006253733554,
      305.0798222642107,
      305.1292757196725,
      305.17842383195745,
      305.22726756716156,
      305.275807950877,
      305.32404608261436,
      305.3719830618829,
      305.4196200567014,
      305.4669582441039,
      305.51399886242524,
      305.56074320228646,
      305.60719252907006,
      305.6533481856862,
      305.6992114934134,
      305.7447838312276,
      305.7900666123651,
      305.83506122662965
    ],
    "status": "success"
  }
}