{
  "final_status": "fail",
  "final_lambda": 1.0,
  "final_reg_order": 1,
  "final_residual_norm": 35.690449494308794,
  "final_reg_norm": 0.08484534249962988,
  "n_iterations": 1,
  "summary_notes": [
    "Completed in 1 iteration(s)"
  ],
  "final_config": {
    "parameterization_type": "piecewise_constant",
    "num_parameters": 24,
    "reg_order": 1,
    "lambda_strategy": "fixed",
    "lambda_value": 5.0,
    "lambda_grid": null,
    "max_retries": 1,
    "physical_bounds": null,
    "planner_notes": [
      "num_parameters=24 (\u2248 N_t/5)",
      "reg_order=1 (default first-difference smoothness)",
      "noise_std provided \u2192 using discrepancy principle for lambda",
      "lambda_value=1.0 supplied \u2192 strategy forced to 'fixed'",
      "iter0: lambda increased to 5.000e+00 (factor=5.0)"
    ],
    "stop_tolerance": 0.001,
    "iteration_budget": 1
  },
  "final_result": {
    "estimated_x": [
      30706.436800637413,
      30706.44023492757,
      30706.448041199044,
      30706.460159514336,
      30706.476351306334,
      30706.49619999148,
      30706.51911098623,
      30706.54430712734,
      30706.570868189912,
      30706.597900689507,
      30706.624633292457,
      30706.650411900253,
      30706.674693578127,
      30706.69704390998,
      30706.717130951518,
      30706.73471102597,
      30706.749642309424,
      30706.76187271882,
      30706.77144539501,
      30706.778498263157,
      30706.783255465594,
      30706.78605528804,
      30706.787342439606,
      30706.78767490053
    ],
    "fitted_y": [
      300.0,
      300.04461271857195,
      300.1455467216007,
      300.2910722096945,
      300.4655167375229,
      300.6566599232922,
      300.8564269824404,
      301.0598132956443,
      301.2637951155145,
      301.46656868700063,
      301.6670733715263,
      301.8647026943767,
      302.0591299407354,
      302.2502020541116,
      302.43787420091496,
      302.62216882926845,
      302.80314971107754,
      302.98090529903635,
      303.15553800478494,
      303.3271572216123,
      303.4958748344214,
      303.66180223030364,
      303.8250484912856,
      303.98571921214324,
      304.14391586875524,
      304.29973547365717,
      304.4532703786755,
      304.60460827693635,
      304.75383230754807,
      304.90102119276696,
      305.04624947055186,
      305.18958759651395,
      305.33110218934337,
      305.47085623508076,
      305.6089092930311,
      305.7453177473777,
      305.880134915452,
      306.0134112343949,
      306.1451944563229,
      306.27552981633835,
      306.40446021458274,
      306.53202629303297,
      306.6582665840913,
      306.78321763149853,
      306.9069141394335,
      307.02938909765703,
      307.1506738326195,
      307.2707981212291,
      307.3897902579164,
      307.5076771671671,
      307.6244845299723,
      307.740236786794,
      307.8549572180556,
      307.9686680005273,
      308.0813902935966,
      308.19314433115494,
      308.303949428725,
      308.4138240130469,
      308.52278569706436,
      308.63085132407787,
      308.73803705220155,
      308.844358339122,
      308.94982999045783,
      309.0544661762197,
      309.15828049207255,
      309.2612860269984,
      309.3634953337888,
      309.46492046464743,
      309.5655730143902,
      309.66546410621265,
      309.76460450665394,
      309.8630045634796,
      309.96067425287856,
      310.05762318636874,
      310.15386063968793,
      310.2493955872836,
      310.34423670596135,
      310.43839238474203,
      310.53187073372703,
      310.6246795897325,
      310.7168265783158,
      310.8083190893029,
      310.89916428941774,
      310.9893691347696,
      311.07894036018246,
      311.167884544245,
      311.25620809001964,
      311.3439172159969,
      311.4310179826485,
      311.51751628987887,
      311.60341788581616,
      311.6887284049599,
      311.7734533409673,
      311.8575980471563,
      311.94116776128936,
      312.0241676019449,
      312.10660259044454,
      312.1884776456585,
      312.2697975742538,
      312.3505670826981,
      312.4307907912119,
      312.5104732423963,
      312.5896189024119,
      312.66823213063816,
      312.7463172208403,
      312.8238783895611,
      312.9009197915316,
      312.97744552731973,
      313.05345960308216,
      313.12896597479073,
      313.2039685344056,
      313.2784711239517,
      313.3524775410338,
      313.4259915046638,
      313.49901670090196,
      313.5715567379568,
      313.64361521161004,
      313.715195668607,
      313.78630158588436,
      313.8569364194983,
      313.92710355574513,
      300.0,
      300.000017407461,
      300.00012423826985,
      300.00048179376955,
      300.00135034282,
      300.003069387642,
      300.0060194190725,
      300.0105802035932,
      300.01709649728315,
      300.0258558889621,
      300.03707853514703,
      300.0509163030369,
      300.067457889948,
      300.0867373132262,
      300.1087434771006,
      300.1334296592492,
      300.1607220862433,
      300.1905272801893,
      300.2227381940161,
      300.2572390568593,
      300.29390924199305,
      300.33262618175144,
      300.3732675755417,
      300.4157130061383,
      300.45984511960137,
      300.50555039676334,
      300.55271968385387,
      300.6012484979652,
      300.6510371998517,
      300.7019910497719,
      300.7540201446433,
      300.807039346486,
      300.86096812010595,
      300.91573039869445,
      300.9712543848318,
      301.0274723794228,
      301.0843205530497,
      301.14173879063776,
      301.1996704854927,
      301.2580623507751,
      301.316864244945,
      301.3760290042057,
      301.43551226622503,
      301.4952723252639,
      301.5552699820508,
      301.6154683954079,
      301.6758329548405,
      301.73633114265897,
      301.796932425762,
      301.8576081561302,
      301.9183314259428,
      301.97907700998593,
      302.039821224283,
      302.10054188420645,
      302.1612181944989,
      302.2218306619906,
      302.2823610484801,
      302.3427922520554,
      302.40310831058787,
      302.46329428651774,
      302.52333620400924,
      302.5832210297572,
      302.6429365804905,
      302.70247150901054,
      302.76181524483354,
      302.82095792436377,
      302.8798903926456,
      302.9386041126111,
      302.99709119300996,
      303.05534430810746,
      303.11335664705837,
      303.1711219400949,
      303.2286343747551,
      303.28588861333986,
      303.34287974228516,
      303.39960323375493,
      303.4560549526285,
      303.512231105891,
      303.56812825485423,
      303.62374328198496,
      303.6790733420258,
      303.73411588120007,
      303.78886860754653,
      303.84332948394007,
      303.8974967228484,
      303.95136871650914,
      304.00494409278787,
      304.0582216540934,
      304.1112004018167,
      304.1638795258525,
      304.21625832954095,
      304.26833631170706,
      304.3201130776469,
      304.3715883914938,
      304.4227621535233,
      304.47363434604097,
      304.52420508923933,
      304.5744745801104,
      304.6244431413202,
      304.67411118804284,
      304.72347918781225,
      304.77254772161547,
      304.8213174088397,
      304.8697889736018,
      304.91796320285556,
      304.96584091846313,
      305.013423019087,
      305.06071044004597,
      305.10770417426187,
      305.1544052862228,
      305.2008148404186,
      305.246933967669,
      305.29276380752407,
      305.33830555888375,
      305.3835604712705,
      305.42852976977446,
      305.4732147545452,
      305.5176167047916,
      305.5617369555829,
      305.60557687515825,
      305.6491378090717
    ],
    "status": "success"
  }
}