{
  "final_status": "weak_pass",
  "final_lambda": 1.5248207837224487e-09,
  "final_reg_order": 1,
  "final_residual_norm": 13.700707180540402,
  "final_reg_norm": 37856.68321760102,
  "n_iterations": 9,
  "summary_notes": [
    "Completed in 9 iteration(s)"
  ],
  "final_config": {
    "parameterization_type": "piecewise_constant",
    "num_parameters": 24,
    "reg_order": 1,
    "lambda_strategy": "fixed",
    "lambda_value": 1.5248207837224487e-09,
    "lambda_grid": null,
    "max_retries": 8,
    "physical_bounds": [
      -500000.0,
      500000.0
    ],
    "planner_notes": [
      "num_parameters=24 (\u2248 N_t/5)",
      "reg_order=1 (default first-difference smoothness)",
      "noise_std provided \u2192 using discrepancy principle for lambda",
      "physical_bounds=(-500000.0, 500000.0) applied",
      "iter0: lambda decreased to 1.952e-07 (factor=2.0)",
      "iter1: lambda decreased to 9.759e-08 (factor=2.0)",
      "iter2: lambda decreased to 4.879e-08 (factor=2.0)",
      "iter3: lambda decreased to 2.440e-08 (factor=2.0)",
      "iter4: lambda decreased to 1.220e-08 (factor=2.0)",
      "iter5: lambda decreased to 6.099e-09 (factor=2.0)",
      "iter6: lambda decreased to 3.050e-09 (factor=2.0)",
      "iter7: lambda decreased to 1.525e-09 (factor=2.0)"
    ],
    "stop_tolerance": 0.001,
    "iteration_budget": 12,
    "skip_verifier": false
  },
  "final_result": {
    "estimated_x": [
      4472.302436724303,
      19651.45788935796,
      19134.32090900955,
      25947.99639867468,
      37568.72442497938,
      42789.55347441605,
      45148.02340805761,
      56226.36163068746,
      60220.49641767896,
      54371.00630535682,
      55314.38523278051,
      57762.24207251967,
      50590.98352775575,
      37994.982633320134,
      39674.49480546897,
      28222.227977558345,
      21760.384875975655,
      11224.898791026228,
      1673.536618325418,
      12969.0160125518,
      4441.3646895638,
      2667.270634654283,
      6211.0673781810165,
      4130.2532150652505
    ],
    "fitted_y": [
      300.0,
      300.00649771158,
      300.0211984530117,
      300.0423938134254,
      300.06780114713683,
      300.11769405678916,
      300.19668438855854,
      300.2982448230754,
      300.4141875799043,
      300.5382090286066,
      300.6654117263244,
      300.79303621830525,
      300.9197377329033,
      301.0448662677133,
      301.1680967947318,
      301.2991682060355,
      301.440610673883,
      301.58980953676956,
      301.743310250176,
      301.8984460303791,
      302.0703666407796,
      302.26245808003756,
      302.46967938980436,
      302.68576936061766,
      302.9059375772015,
      303.1346469429719,
      303.37198760065024,
      303.6148501761272,
      303.8599378356836,
      304.1048339260204,
      304.3514313751755,
      304.5997263369651,
      304.84831761153424,
      305.0957484555151,
      305.34097709982996,
      305.59946604754214,
      305.875096504369,
      306.16347758425144,
      306.45890778088966,
      306.75699758478476,
      307.06069507168735,
      307.36979807751334,
      307.681782185383,
      307.9940557566914,
      308.3047458349543,
      308.60418310310894,
      308.88946434391903,
      309.1624684086657,
      309.4260192440391,
      309.6824001972228,
      309.93454551617776,
      310.1838350297287,
      310.43057490009477,
      310.6747306052192,
      310.9162381811644,
      311.15863276596724,
      311.40286661799456,
      311.6480488234196,
      311.89298755219477,
      312.1367721448628,
      312.3684052347092,
      312.5848182268278,
      312.7885725904747,
      312.9832455328722,
      313.1716647427894,
      313.3374228814194,
      313.476912850073,
      313.59569084580414,
      313.70065167522597,
      313.7971035859268,
      313.89098947002543,
      313.9851276807038,
      314.08020064193454,
      314.17614812598896,
      314.2727766251875,
      314.35328299836743,
      314.4131817239129,
      314.45676096352355,
      314.4897983269944,
      314.5167947339076,
      314.5313230906931,
      314.53273979047924,
      314.5245979164139,
      314.5108278610179,
      314.49435879658694,
      314.4617736124854,
      314.410196536709,
      314.34431408072425,
      314.2698704502341,
      314.1912459146494,
      314.0974122764289,
      313.9864566534256,
      313.86303704600334,
      313.732595455814,
      313.599231536029,
      313.48200342879085,
      313.38681138724587,
      313.31025761279614,
      313.2470785917721,
      313.19302865093096,
      313.1328448112025,
      313.0614391589079,
      312.98090613793136,
      312.8948511741123,
      312.8061758804028,
      312.714210574559,
      312.61943314712295,
      312.52318921911035,
      312.4267552183849,
      312.33102992613675,
      312.2417146045085,
      312.1604717760257,
      312.0861062940701,
      312.01687489258757,
      311.951376814066,
      311.8856333273055,
      311.81823041496824,
      311.7495600809723,
      311.6804166323209,
      311.6114438803986,
      311.54305677395365,
      300.0,
      300.0000025353455,
      300.00001809493943,
      300.000070171849,
      300.00019667347016,
      300.0004556523594,
      300.0009381273285,
      300.00177914311377,
      300.0031575714887,
      300.00528312896927,
      300.0083756726422,
      300.01264384426827,
      300.0182682653513,
      300.02539167037145,
      300.034115559343,
      300.0445056502698,
      300.05660463775337,
      300.07044569462386,
      300.0860606646579,
      300.1034812130745,
      300.1227417620297,
      300.14388829019373,
      300.16698702564173,
      300.1921257030132,
      300.21940572348035,
      300.2489318593709,
      300.2808049884764,
      300.31511760546806,
      300.35194975875254,
      300.3913642442578,
      300.43340320027187,
      300.4780875774751,
      300.5254185293743,
      300.57537912127856,
      300.62793543002607,
      300.68304355309095,
      300.7406638705501,
      300.8007749142171,
      300.86337879711704,
      300.92849641318486,
      300.99615839822764,
      301.0663973617996,
      301.13924222411646,
      301.2147134157497,
      301.29281817024446,
      301.3735431344423,
      301.456844661067,
      301.5426414424965,
      301.6308137412274,
      301.72120952212293,
      301.81365537473874,
      301.9079690215931,
      302.0039701462816,
      302.1014879053581,
      302.20036473422584,
      302.3004587501789,
      302.40164607085734,
      302.5038220687568,
      302.6069005773764,
      302.7108107636972,
      302.8154887289684,
      302.9208645150126,
      303.0268504211622,
      303.13333640186795,
      303.24019332598857,
      303.3472742520357,
      303.45440903195026,
      303.56139841812546,
      303.66801583836286,
      303.7740183718485,
      303.87916404440983,
      303.9832302334963,
      304.0860279056647,
      304.1874092871913,
      304.2872688980279,
      304.385533397532,
      304.4821416890138,
      304.5770251827811,
      304.670097920498,
      304.76125852797736,
      304.8503964603019,
      304.93739647308826,
      305.0221415709347,
      305.10451745175743,
      305.1844191306784,
      305.2617523625493,
      305.336427155336,
      305.40834942960385,
      305.47741853026497,
      305.54353242532994,
      305.60659223838735,
      305.66650120022763,
      305.72316151244723,
      305.77647516001804,
      305.8263501738529,
      305.87271634400577,
      305.91554787495363,
      305.9548820419367,
      305.99082500817434,
      306.02354345308987,
      306.05324221450667,
      306.0801340516363,
      306.10441228900703,
      306.126235161261,
      306.1457231667199,
      306.16296459515877,
      306.17802395281853,
      306.19095015493195,
      306.2017838787411,
      306.21056369425645,
      306.21733266677137,
      306.2221457652217,
      306.22507527866236,
      306.2262121464411,
