{
  "final_status": "fail",
  "final_lambda": 4.388400196433951e-08,
  "final_reg_order": 1,
  "final_residual_norm": 7.696038762018446,
  "final_reg_norm": 18424.66867099529,
  "n_iterations": 1,
  "summary_notes": [
    "Completed in 1 iteration(s)"
  ],
  "final_config": {
    "parameterization_type": "piecewise_constant",
    "num_parameters": 24,
    "reg_order": 2,
    "lambda_strategy": "discrepancy",
    "lambda_value": 4.388400196433951e-08,
    "lambda_grid": null,
    "max_retries": 1,
    "physical_bounds": null,
    "planner_notes": [
      "num_parameters=24 (\u2248 N_t/5)",
      "reg_order=1 (default first-difference smoothness)",
      "noise_std provided \u2192 using discrepancy principle for lambda",
      "iter0: oscillatory solution \u2192 increase reg_order to 2"
    ],
    "stop_tolerance": 0.001,
    "iteration_budget": 1
  },
  "final_result": {
    "estimated_x": [
      5288.52887826534,
      8419.615388957784,
      14400.143301650329,
      22477.296895962103,
      30750.118644573842,
      36988.181552214395,
      40097.70959865308,
      40634.69453723344,
      39836.42179774574,
      39298.82219799901,
      39940.62136599866,
      40945.20773724882,
      41038.84928331632,
      40127.21517346834,
      39365.58771205518,
      39033.72882835702,
      39283.72983940847,
      38780.193394447044,
      36328.03647134339,
      31906.851436902416,
      25743.851538812705,
      20187.41967722743,
      16805.840943561587,
      15664.753705474317
    ],
    "fitted_y": [
      300.0,
      300.0076835893412,
      300.0250673187945,
      300.0501309805703,
      300.08017533019864,
      300.1176447544359,
      300.16234244817116,
      300.21221040298747,
      300.26512974904534,
      300.31954373519716,
      300.3831352932593,
      300.4575700726375,
      300.5401989279712,
      300.627759134247,
      300.7177547197896,
      300.8202901442164,
      300.9374482264294,
      301.0655542200084,
      301.2001473359584,
      301.33782762376194,
      301.48839810936647,
      301.6536614086932,
      301.8296613661649,
      302.0117217072814,
      302.1963043134866,
      302.390177804188,
      302.5943307829681,
      302.80557123938524,
      303.02026350876093,
      303.2356903781641,
      303.45462653580825,
      303.6772185341583,
      303.90169049427686,
      304.12614422802307,
      304.34919895997416,
      304.5707753159315,
      304.7905904603775,
      305.0081886534466,
      305.2231898543993,
      305.43536119984327,
      305.64343407512325,
      305.847079035453,
      306.0466275569024,
      306.24254377775685,
      306.4352188854563,
      306.62416383391127,
      306.80938944574353,
      306.99126598237973,
      307.1701997424095,
      307.3465149110136,
      307.521380771462,
      307.6952145428893,
      307.86790091918607,
      308.0392145370822,
      308.2089840083105,
      308.378571799255,
      308.5483193415763,
      308.71783621474293,
      308.8866235334916,
      309.0543068886184,
      309.2207897370988,
      309.3859786709826,
      309.54977477159105,
      309.71210706922403,
      309.87293884794383,
      310.03093546152195,
      310.1857565260064,
      310.3377679820718,
      310.4874587973817,
      310.6352186137366,
      310.78020892890305,
      310.92231667677186,
      311.0619511459354,
      311.19958262494663,
      311.33557291381356,
      311.46968444318344,
      311.6019498435896,
      311.7325997794905,
      311.8618730642587,
      311.9899497910594,
      312.11731504984317,
      312.2441442995473,
      312.3703951901837,
      312.49597637280124,
      312.6208140337904,
      312.74412988029616,
      312.8657059404432,
      312.9857219425463,
      313.10443034979295,
      313.22203180164064,
      313.33509910586247,
      313.4427840839216,
      313.54607880040396,
      313.6462707238055,
      313.7443597542218,
      313.83458398822023,
      313.91566944653135,
      313.9895558151988,
      314.05865119666385,
      314.12480612259964,
      314.1802831035707,
      314.22348387527364,
      314.2572150106024,
      314.2848898734023,
      314.309116456656,
      314.32352908486916,
      314.3270577010878,
      314.32244976535384,
      314.3129051309023,
      314.3008399405547,
      314.2829100573541,
      314.2587798836043,
      314.23029995784884,
      314.199511821655,
      314.16792888946304,
      314.13486010177763,
      314.10044419453305,
      314.06543938508986,
      314.0305959768483,
      313.99644247740883,
      313.9632968861408,
      300.0,
      300.00000299806385,
      300.0000213973923,
      300.00008297870176,
      300.00023256775256,
      300.00053041157275,
      300.0010493852943,
      300.0018713425211,
      300.00308219933174,
      300.0047661059737,
      300.00700316739426,
      300.0098722915468,
      300.01345532241197,
      300.01783813537685,
      300.02310739147464,
      300.02934921463213,
      300.0366528554059,
      300.04511525236114,
      300.0548413136868,
      300.0659385201653,
      300.0785129262661,
      300.092670470564,
      300.108519932765,
      300.1261723785791,
      300.14573557755034,
      300.1673091032296,
      300.19098376644075,
      300.2168430316496,
      300.24496266212196,
      300.27540726916203,
      300.3082269323608,
      300.3434562765749,
      300.381115185173,
      300.4212093791242,
      300.4637300072532,
      300.5086530356002,
      300.5559393003901,
      300.60553540443715,
      300.65737518487174,
      300.7113814344712,
      300.7674672819369,
      300.82553712635394,
      300.88548761369816,
      300.947209224673,
      301.0105884666633,
      301.0755100368538,
      301.1418585233806,
      301.2095196911082,
      301.27838170245815,
      301.3483363132502,
      301.4192803216946,
      301.49111723035907,
      301.56375847177355,
      301.6371238488422,
      301.711141022652,
      301.7857450040969,
      301.86087813962627,
      301.9364900595907,
      302.0125371487894,
      302.088981232934,
      302.1657879682322,
      302.24292538110853,
      302.32036267982943,
      302.3980695391989,
      302.4760156356234,
      302.55416993349473,
      302.63249962795584,
      302.71096920172,
      302.7895403933593,
      302.86817297292606,
      302.9468256426135,
      303.02545659044586,
      303.10402375655514,
      303.18248542194084,
      303.2608010585322,
      303.3389321437043,
      303.41684271353137,
      303.4944995462982,
      303.5718723595716,
      303.6489339487224,
      303.7256604435219,
      303.8020317296701,
      303.87803162055985,
      303.95364779129255,
      304.028871314428,
      304.1036956838215,
      304.17811557819215,
      304.2521256212765,
      304.3257197887366,
      304.3988913668618,
      304.4716319114232,
      304.5439288922022,
      304.61576334533083,
      304.6871094755715,
      304.75793636662473,
      304.8282084892432,
      304.8978836633522,
      304.96691061450986,
      305.035229244113,
      305.1027741224576,
      305.1694763815208,
      305.2352617955118,
      305.30004792732643,
      305.3637445740467,
      305.42625836883127,
      305.487496645475,
      305.54736777981833,
      305.6057800142647,
      305.6626423939056,
      305.7178687061617,
      305.77138111921454,
      305.8231114282647,
      305.87300067814704,
      305.92099942211377,
      305.967069224767,
      306.01118413699885,
      306.0533312350999,
      306.0935100443749,
      306.13173178291044,
      306.1680186205064,
      306.20240292634026
    ],
    "status": "success"
  }
}