{
  "final_status": "weak_pass",
  "final_lambda": 2.5410785501915726e-06,
  "final_reg_order": 2,
  "final_residual_norm": 15.562033513304858,
  "final_reg_norm": 2771.126707565122,
  "n_iterations": 1,
  "summary_notes": [
    "Completed in 1 iteration(s)"
  ],
  "final_config": {
    "parameterization_type": "piecewise_constant",
    "num_parameters": 24,
    "reg_order": 2,
    "lambda_strategy": "discrepancy",
    "lambda_value": 2.5410785501915726e-06,
    "lambda_grid": null,
    "max_retries": 8,
    "physical_bounds": [
      -500000.0,
      500000.0
    ],
    "planner_notes": [
      "num_parameters=24 (\u2248 N_t/5)",
      "reg_order=2 (default first-difference smoothness)",
      "noise_std provided \u2192 using discrepancy principle for lambda",
      "physical_bounds=(-500000.0, 500000.0) applied"
    ],
    "stop_tolerance": 0.001,
    "iteration_budget": 12
  },
  "final_result": {
    "estimated_x": [
      59298.377709285196,
      55514.350765955765,
      51724.88758208591,
      47966.438773253765,
      44334.82833398638,
      40999.48431208111,
      38192.64288816488,
      36157.14411802065,
      35072.83596549776,
      35006.00966154894,
      35871.836790308254,
      37419.258096191326,
      39273.43436464811,
      41015.589205808814,
      42262.86845905036,
      42729.16299415887,
      42289.56668017123,
      40975.34052040493,
      38943.224300577145,
      36409.29355277969,
      33573.60339027063,
      30601.860124981446,
      27589.426615121105,
      24570.0103971595
    ],
    "fitted_y": [
      300.0,
      300.086153331749,
      300.2810708558554,
      300.5621007068712,
      300.89897722457476,
      301.2626034206207,
      301.63594289117214,
      302.010776518283,
      302.38319638314,
      302.7512251346106,
      303.108303959588,
      303.45243344971396,
      303.7848028706078,
      304.1072730662076,
      304.42139627835815,
      304.7228265026122,
      305.01091164061734,
      305.28765025661426,
      305.555386558517,
      305.8159557064833,
      306.06535277339174,
      306.30305007941195,
      306.53102192899394,
      306.75153864869105,
      306.96635477507675,
      307.17181938512175,
      307.3674465458386,
      307.55503040998184,
      307.736626708971,
      307.91381180589843,
      308.08356746846044,
      308.2455066278267,
      308.4011408852119,
      308.5521901127919,
      308.6999641138037,
      308.84237710803245,
      308.979206006371,
      309.1115757454208,
      309.24074481158135,
      309.3676639367844,
      309.4913845739207,
      309.61188567543786,
      309.7298228556134,
      309.8458973604609,
      309.9606310425901,
      310.07426673470934,
      310.1869883835861,
      310.298947181625,
      310.4102510874311,
      310.5209688634532,
      310.63239879820156,
      310.74489280983886,
      310.8581303433171,
      310.97167258197396,
      311.0851738394634,
      311.2006510963293,
      311.3185484426074,
      311.43818402855845,
      311.55871154316725,
      311.6794796777743,
      311.8027529950104,
      311.92897214984225,
      312.05726765457393,
      312.18659687713557,
      312.31616543073704,
      312.44798488927626,
      312.5824005868464,
      312.71855723544587,
      312.8554555737975,
      312.9923408272807,
      313.13053544998553,
      313.27021790480416,
      313.4107384031165,
      313.55136325242313,
      313.6915454578096,
      313.8316122079534,
      313.9715330969723,
      314.111012872839,
      314.24975237445994,
      314.3875388163235,
      314.5236042816491,
      314.6577109793128,
      314.7899942026598,
      314.92066856919416,
      315.04991293954197,
      315.17594553037435,
      315.2983535814978,
      315.4177016876999,
      315.53470700415704,
      315.64992875844257,
      315.7607897514838,
      315.86675464329704,
      315.9687514162058,
      316.06791454510727,
      316.1651166074358,
      316.2572535610639,
      316.3437204544309,
      316.42570708125476,
      316.5046424169762,
      316.58161781766853,
      316.6532301784568,
      316.7188415688097,
      316.779802500297,
      316.83771892545883,
      316.89381170645356,
      316.9445606655563,
      316.98932154017893,
      317.02952003947433,
      317.06684117284107,
      317.10256141796793,
      317.1331339121606,
      317.15791490439744,
      317.1783513233756,
      317.19614842174104,
      317.21259472633017,
      317.2241376872247,
      317.2301302279262,
      317.23201810354726,
      317.2315045058599,
      317.22987417867927,
      317.22795626880276,
      300.0,
      300.0000336162156,
      300.0002399212876,
      300.00093041042544,
      300.00260769880595,
      300.00592526702127,
      300.0116090203847,
      300.020372463792,
      300.03284929532475,
      300.0495530501855,
      300.0708598448064,
      300.0970072669618,
      300.1281042140164,
      300.16414881789314,
      300.20505062230825,
      300.25065159843297,
      300.3007426642599,
      300.35507682455216,
      300.4133813735847,
      300.4753697742708,
      300.5407507997186,
      300.60923332232096,
      300.6805288877319,
      300.75435460540916,
      300.83043737852535,
      300.90851671641144,
      300.98834483553964,
      301.06968556278593,
      301.1523143037926,
      301.23601978108553,
      301.3206051065979,
      301.40588694749636,
      301.4916938115368,
      301.57786541451054,
      301.66425353446726,
      301.7507226961597,
      301.83714935150977,
      301.9234205835988,
      302.00943333659654,
      302.0950947485145,
      302.18032251364446,
      302.26504447367955,
      302.34919773424247,
      302.4327279923692,
      302.51558930141823,
      302.5977440528641,
      302.6791628844647,
      302.7598243119578,
      302.83971411441456,
      302.9188245532111,
      302.9971538858492,
      303.0747065535973,
      303.15149318477324,
      303.22753011505796,
      303.3028380706607,
      303.37744134438157,
      303.45136802951396,
      303.5246503192632,
      303.5973241600214,
      303.66942763727695,
      303.740999891207,
      303.81208132696804,
      303.8827140667953,
      303.9529416693134,
      304.0228076355345,
      304.09235422297013,
      304.1616225583425,
      304.23065305345415,
      304.29948534526375,
      304.36815708110424,
      304.43670290849576,
      304.5051544693702,
      304.57354066282977,
      304.641887719065,
      304.71021859037916,
      304.77855229730716,
      304.8469037070254,
      304.9152835888778,
      304.9836988134563,
      305.0521524498151,
      305.1206435586913,
      305.1891668553119,
      305.2577124979548,
      305.3262663495064,
      305.39481079178694,
      305.46332497265513,
      305.5317844317544,
      305.6001605160593,
      305.6684207335787,
      305.73653009422105,
      305.8044517721816,
      305.8721467015518,
      305.9395726557004,
      306.00668461477153,
      306.0734364276825,
      306.13978179942336,
      306.2056737611914,
      306.27106356096965,
      306.3359009215546,
      306.40013582715585,
      306.4637196611982,
      306.52660458682925,
      306.58874220127433,
      306.6500836865137,
      306.71058157967406,
      306.7701909470542,
      306.82886864055024,
      306.88657187135937,
      306.94325814211226,
      306.99888704526586,
      307.0534212912774,
      307.1068259196725,
      307.1590667285001,
      307.2101101501919,
      307.259924910827,
      307.3084829709043,
      307.3557587173553,
      307.4017272432418,
      307.446364199279,
      307.48964736419174,
      307.53155928679035
    ],
    "status": "success"
  }
}