{
  "final_status": "weak_pass",
  "final_lambda": 1.5299565849983015e-07,
  "final_reg_order": 2,
  "final_residual_norm": 1.5568739394931526,
  "final_reg_norm": 5362.585835847772,
  "n_iterations": 1,
  "summary_notes": [
    "Completed in 1 iteration(s)"
  ],
  "final_config": {
    "parameterization_type": "piecewise_constant",
    "num_parameters": 24,
    "reg_order": 2,
    "lambda_strategy": "discrepancy",
    "lambda_value": 1.5299565849983015e-07,
    "lambda_grid": null,
    "max_retries": 8,
    "physical_bounds": [
      -500000.0,
      500000.0
    ],
    "planner_notes": [
      "num_parameters=24 (\u2248 N_t/5)",
      "reg_order=2 (default first-difference smoothness)",
      "noise_std provided \u2192 using discrepancy principle for lambda",
      "physical_bounds=(-500000.0, 500000.0) applied"
    ],
    "stop_tolerance": 0.001,
    "iteration_budget": 12
  },
  "final_result": {
    "estimated_x": [
      6512.574738337865,
      13576.076858621609,
      20673.95798095734,
      27851.956657235205,
      35043.72911577383,
      42009.067735930745,
      48347.76993437141,
      53556.68505751097,
      57118.28641877448,
      58630.680511516,
      57900.28326674004,
      54969.49782634699,
      50123.58582259442,
      43860.52343571822,
      36804.03695289468,
      29582.625743430777,
      22763.80718891474,
      16757.70488562505,
      11774.517422930887,
      7806.867712143279,
      4649.41915164266,
      2025.755661061638,
      -341.03990030359455,
      -2643.670795066933
    ],
    "fitted_y": [
      300.0,
      300.00946197912407,
      300.03086922486324,
      300.0617339462798,
      300.09873215068086,
      300.1495344069171,
      300.21512148273376,
      300.29173369537193,
      300.3751245505612,
      300.4621003926975,
      300.56089115382787,
      300.67292344690395,
      300.794721040648,
      300.92221381781036,
      301.05232351096987,
      301.1934776135922,
      301.34719468491704,
      301.5100173507599,
      301.6778764521545,
      301.84769851866736,
      302.02794294918306,
      302.22015057431634,
      302.42087863574176,
      302.6260720284163,
      302.83267310857167,
      303.0488296318221,
      303.27601414461833,
      303.5108885020747,
      303.74953094788424,
      303.98899114460494,
      304.2365824645753,
      304.49359115155573,
      304.7569557096133,
      305.02310173292193,
      305.2893495739517,
      305.5615531970724,
      305.8406847078176,
      306.12418849368856,
      306.40911480410153,
      306.6932654090759,
      306.9804197015884,
      307.27112107651834,
      307.56356561420944,
      307.8557191675829,
      308.1460847646502,
      308.4359254608501,
      308.7252883295273,
      309.0133240347346,
      309.2991462474398,
      309.58213276423254,
      309.86086011813035,
      310.1348711723425,
      310.40438212735376,
      310.66977255340294,
      310.9313806070747,
      311.18521088395266,
      311.4303479519241,
      311.66807230485887,
      311.90001371765857,
      312.12745437993476,
      312.3442276069986,
      312.5490570385841,
      312.74416880298674,
      312.93228874735996,
      313.1155218483094,
      313.2861715245376,
      313.44273726584316,
      313.58816632292695,
      313.7260038781721,
      313.8589641731503,
      313.9785851677817,
      314.08329094638947,
      314.17645654913105,
      314.2620941021695,
      314.34325777333004,
      314.41145601854004,
      314.4651673408855,
      314.5078880274524,
      314.5437367012416,
      314.5758340329869,
      314.5963050113933,
      314.6037894989493,
      314.6016231959369,
      314.59370389810323,
      314.5829719640777,
      314.56260477549745,
      314.53146294847807,
      314.49250839144804,
      314.4491771095019,
      314.40404943943196,
      314.35154540660255,
      314.29075800089106,
      314.2241563710861,
      314.1545870930096,
      314.0841775726118,
      314.0085219421402,
      313.9269099605845,
      313.8413039992811,
      313.75395786164603,
      313.6665476832199,
      313.5755474921254,
      313.4803709151151,
      313.3825580284678,
      313.2838809941041,
      313.1856527966131,
      313.08488607781413,
      312.981052555601,
      312.8754017614407,
      312.76938305392673,
      312.664068795409,
      312.55668982566243,
      312.4467224997085,
      312.3352644700975,
      312.2236045605734,
      312.11269827319006,
      311.99979644773504,
      311.8843577966235,
      311.76743317743,
      311.6502684877892,
      311.53379081041305,
      311.41858099898155,
      300.0,
      300.0000036919747,
      300.00002634988294,
      300.000102184371,
      300.000286396256,
      300.0006549953735,
      300.00130524745344,
      300.0023548008105,
      300.00393664577535,
      300.006189875901,
      300.00925273223584,
      300.01326143332875,
      300.018351378121,
      300.0246560986709,
      300.032302362662,
      300.04140721511004,
      300.05208003731394,
      300.0644262162788,
      300.0785478177399,
      300.0945397936559,
      300.1124877127421,
      300.1324702305021,
      300.1545630035498,
      300.1788394841964,
      300.20536721606703,
      300.23420543614594,
      300.2654072797497,
      300.2990234165092,
      300.3351027597636,
      300.37368887486014,
      300.4148174754067,
      300.45851814484934,
      300.50481747920264,
      300.5537397253829,
      300.60530362123507,
      300.6595200047361,
      300.7163929207283,
      300.77592210342976,
      300.83810358449443,
      300.9029273622638,
      300.97037539207855,
      301.0404220522463,
      301.11303575211,
      301.1881795827904,
      301.26581016480117,
      301.34587633017173,
      301.4283189581196,
      301.5130716293485,
      301.6000613355559,
      301.6892087405153,
      301.78042777178615,
      301.87362492035146,
      301.9686989034614,
      302.0655414268207,
      302.16403886324673,
      302.2640728653989,
      302.365519204522,
      302.4682464777578,
      302.57211684638526,
      302.67698898675815,
      302.78271966159974,
      302.88916223058277,
      302.99616452799927,
      303.10356947552526,
      303.21121901875347,
      303.3189564787594,
      303.42662488592345,
      303.5340642263114,
      303.64111187443996,
      303.74760706263714,
      303.8533937517452,
      303.9583189156091,
      304.06222939057267,
      304.1649720551951,
      304.2663983798502,
      304.36636746706944,
      304.46474435998783,
      304.56139672199555,
      304.6561947251931,
      304.7490152683358,
      304.83974488301106,
      304.92827816184206,
      305.0145145043503,
      305.09835772891154,
      305.1797196628677,
      305.25852265473833,
      305.334698157354,
      305.4081836910759,
      305.47892223299164,
      305.5468650131588,
      305.611973477422,
      305.6742180222017,
      305.7335752770858,
      305.7900273477306,
      305.84356381681135,
      305.8941831204114,
      305.94189138230126,
      305.9867000486122,
      306.02862506745987,
      306.06768824369505,
      306.1039180880552,
      306.1373486990274,
      306.16801768383004,
      306.19596536899945,
      306.2212357686581,
      306.24387710833196,
      306.26394076645784,
      306.28147946909365,
      306.29654661438576,
      306.3091971438797,
      306.31948793610644,
      306.32747682871684,
      306.33322101463824,
      306.3367765449859,
      306.3381992846039,
      306.33754536168453,
      306.33487030902154,
      306.3302276213971,
      306.3236684442792,
      306.3152427089746,
      306.30500105079284
    ],
    "status": "success"
  }
}