{
  "final_status": "fail",
  "final_lambda": 1.0,
  "final_reg_order": 1,
  "final_residual_norm": 23.340154085650674,
  "final_reg_norm": 0.02785635680321376,
  "n_iterations": 1,
  "summary_notes": [
    "Completed in 1 iteration(s)"
  ],
  "final_config": {
    "parameterization_type": "piecewise_constant",
    "num_parameters": 24,
    "reg_order": 1,
    "lambda_strategy": "fixed",
    "lambda_value": 0.5,
    "lambda_grid": null,
    "max_retries": 1,
    "physical_bounds": null,
    "planner_notes": [
      "num_parameters=24 (\u2248 N_t/5)",
      "reg_order=1 (default first-difference smoothness)",
      "noise_std provided \u2192 using discrepancy principle for lambda",
      "lambda_value=1.0 supplied \u2192 strategy forced to 'fixed'",
      "iter0: lambda decreased to 5.000e-01 (factor=2.0)"
    ],
    "stop_tolerance": 0.001,
    "iteration_budget": 1
  },
  "final_result": {
    "estimated_x": [
      35535.818811341866,
      35535.81923225218,
      35535.820120247634,
      35535.82126314879,
      35535.8223647248,
      35535.82306951144,
      35535.823034009554,
      35535.82188122946,
      35535.81934415246,
      35535.815257430775,
      35535.80956926983,
      35535.80236867523,
      35535.79384259485,
      35535.7843094065,
      35535.774194334306,
      35535.76401183431,
      35535.75427878805,
      35535.74545352577,
      35535.73789978454,
      35535.73189799354,
      35535.72755957253,
      35535.72483974301,
      35535.72353058432,
      35535.723187637865
    ],
    "fitted_y": [
      300.0,
      300.05162922334966,
      300.16843771099093,
      300.3368508489564,
      300.5387312942124,
      300.7599366884458,
      300.9911222768547,
      301.2264963355421,
      301.46255955638685,
      301.6972244985817,
      301.9292636997791,
      302.15797529889016,
      302.3829812001981,
      302.6041042794839,
      302.82129265527914,
      303.0345722897525,
      303.24401698104606,
      303.44972909907005,
      303.65182716940427,
      303.85043779566905,
      304.04569043748137,
      304.23771399588674,
      304.4266347169184,
      304.61257481262174,
      304.7956517260291,
      304.97597769992166,
      305.1536596053265,
      305.32879893765073,
      305.50149192415785,
      305.6718296776368,
      305.83989842663243,
      306.0057797013414,
      306.169550610309,
      306.3312840605638,
      306.4910489898944,
      306.6489106136227,
      306.80493062748894,
      306.95916741535206,
      307.1116762565147,
      307.26250951330303,
      307.4117167929922,
      307.5593451219095,
      307.7054391083111,
      307.85004106199864,
      307.9931911593636,
      308.134927536383,
      308.2752864384092,
      308.4143023422234,
      308.55200801208514,
      308.68843462200795,
      308.82361184842654,
      308.95756796753335,
      309.0903299385187,
      309.22192344652547,
      309.35237299426524,
      309.48170195408846,
      309.60993267122484,
      309.73708648804023,
      309.8631838082945,
      309.9882441399408,
      310.1122861391928,
      310.23532768687414,
      310.35738593454647,
      310.47847730130746,
      310.5986175364971,
      310.7178217461271,
      310.8361044496091,
      310.9534796114853,
      311.0699606699435,
      311.18556051244406,
      311.30029155987455,
      311.41416578035154,
      311.52719473495205,
      311.6393895654878,
      311.75076102050946,
      311.8613194504815,
      311.9710748904605,
      312.080037063411,
      312.1882153719934,
      312.2956188983033,
      312.4022564360635,
      312.5081365317746,
      312.61326749221394,
      312.7176573825721,
      312.8213140081225,
      312.9242449558238,
      313.02645763114333,
      313.1279592415813,
      313.2287568135522,
      313.3288571843658,
      313.42826698509464,
      313.52699273273214,
      313.62504079387514,
      313.7224173741099,
      313.819128542604,
      313.91518020714824,
      314.0105781760877,
      314.10532814869384,
      314.1994356954021,
      314.29290626861706,
      314.3857452044328,
      314.4779577580829,
      314.5695491028455,
      314.66052428907585,
      314.7508882897257,
      314.8406459781771,
      314.929802161559,
      315.01836158816576,
      315.1063288973729,
      315.19370866955825,
      315.2805054060044,
      315.3667235525272,
      315.4523675052458,
      315.53744156942935,
      315.62195001175047,
      315.7058970072671,
      315.7892867171115,
      315.87212324602217,
      315.9544106179254,
      316.03615283243687,
      316.1173538083088,
      300.0,
      300.0000201452348,
      300.0001437779536,
      300.00055756831085,
      300.00156271918155,
      300.0035521282965,
      300.00696612851755,
      300.0122442144168,
      300.01978536386065,
      300.0299223964155,
      300.0429100938607,
      300.0589242083802,
      300.0780673871564,
      300.1003789975412,
      300.1258461985508,
      300.1544149194429,
      300.18599978386635,
      300.2204926119461,
      300.2577695205039,
      300.29769653051505,
      300.3401340433772,
      300.38494021427294,
      300.4319735074418,
      300.48109456667856,
      300.532167580838,
      300.58506117666366,
      300.63964903286086,
      300.6958102335932,
      300.7534294684597,
      300.8123970971341,
      300.8726090766453,
      300.93396687855727,
      300.9963773011114,
      301.059752313688,
      301.1240088265294,
      301.1890684927817,
      301.2548574438769,
      301.32130610975446,
      301.38834898050357,
      301.455924388207,
      301.5239743049437,
      301.59244414886945,
      301.66128258019813,
      301.7304413335434,
      301.799875044203,
      301.86954107646153,
      301.9393993761303,
      302.0094123109673,
      302.0795445454386,
      302.14976292558276,
      302.2200363113544,
      302.29033550996286,
      302.3606331122512,
      302.4309034442169,
      302.50112243975724,
      302.5712675396731,
      302.6413176371267,
      302.71125294027985,
      302.7810549763341,
      302.8507064582169,
      302.92019121186553,
      302.9894941540045,
      303.0586011850825,
      303.12749917311294,
      303.1961758849999,
      303.26461990574245,
      303.33282064045204,
      303.40076820930875,
      303.46845347988085,
      303.53586797421195,
      303.60300381024524,
      303.66985373212015,
      303.73641101320896,
      303.8026694763157,
      303.8686234351034,
      303.93426764965807,
      303.9995973345661,
      304.0646081003299,
      304.12929596750735,
      304.1936573283379,
      304.2576888901872,
      304.32138769776424,
      304.3847510987769,
      304.44777673585173,
      304.51046254047884,
      304.5728066522165,
      304.6348074833284,
      304.69646364807977,
      304.7577739910164,
      304.8187375748491,
      304.8793535935979,
      304.93962146752904,
      304.99954074013215,
      305.05911113871895,
      305.1183325481666,
      305.1772049483013,
      305.2357284785358,
      305.2939033671673,
      305.3517299879356,
      305.4092088216462,
      305.4663404097125,
      305.5231254248538,
      305.5795645842344,
      305.63565872622104,
      305.69140876190534,
      305.7468156427851,
      305.8018804092431,
      305.85660414408585,
      305.9109879967825,
      305.96503319962517,
      306.01874098491004,
      306.0721126616964,
      306.1251495491462,
      306.1778530351028,
      306.23022456599045,
      306.2822655599554,
      306.33397752200415,
      306.3853619329042,
      306.4364203380621,
      306.4871543212634,
      306.5375654400327
    ],
    "status": "success"
  }
}