{
  "final_status": "weak_pass",
  "final_lambda": 0.00390625,
  "final_reg_order": 1,
  "final_residual_norm": 18.792280902604357,
  "final_reg_norm": 4.426005888877641,
  "n_iterations": 9,
  "summary_notes": [
    "Completed in 9 iteration(s)"
  ],
  "final_config": {
    "parameterization_type": "piecewise_constant",
    "num_parameters": 24,
    "reg_order": 1,
    "lambda_strategy": "fixed",
    "lambda_value": 0.00390625,
    "lambda_grid": null,
    "max_retries": 8,
    "physical_bounds": [
      -500000.0,
      500000.0
    ],
    "planner_notes": [
      "num_parameters=24 (\u2248 N_t/5)",
      "reg_order=1 (default first-difference smoothness)",
      "noise_std provided \u2192 using discrepancy principle for lambda",
      "lambda_value=1.0 supplied \u2192 strategy forced to 'fixed'",
      "physical_bounds=(-500000.0, 500000.0) applied",
      "iter0: lambda decreased to 5.000e-01 (factor=2.0)",
      "iter1: lambda decreased to 2.500e-01 (factor=2.0)",
      "iter2: lambda decreased to 1.250e-01 (factor=2.0)",
      "iter3: lambda decreased to 6.250e-02 (factor=2.0)",
      "iter4: lambda decreased to 3.125e-02 (factor=2.0)",
      "iter5: lambda decreased to 1.562e-02 (factor=2.0)",
      "iter6: lambda decreased to 7.812e-03 (factor=2.0)",
      "iter7: lambda decreased to 3.906e-03 (factor=2.0)"
    ],
    "stop_tolerance": 0.001,
    "iteration_budget": 12
  },
  "final_result": {
    "estimated_x": [
      41593.52937307379,
      41593.299360822915,
      41592.75476342044,
      41591.90906951165,
      41590.793882999234,
      41589.46679062556,
      41588.01610375268,
      41586.542611213175,
      41585.12642983094,
      41583.8305615369,
      41582.693302155225,
      41581.7055558362,
      41580.82555312284,
      41580.00580238357,
      41579.208574692275,
      41578.39403664674,
      41577.56988359068,
      41576.76361007829,
      41576.028185340176,
      41575.42280575545,
      41574.966338529324,
      41574.68141627635,
      41574.54863483613,
      41574.51326925583
    ],
    "fitted_y": [
      300.0,
      300.0604303401395,
      300.1971509061555,
      300.39427305037754,
      300.63056759797706,
      300.88948103994915,
      301.1600755544089,
      301.43557220345457,
      301.7118752774825,
      301.98654158611316,
      302.2581336921437,
      302.5258299193281,
      302.7891879499596,
      303.0480007578858,
      303.30220784263355,
      303.5518385094869,
      303.79697890519327,
      304.0377492288733,
      304.2742886756039,
      304.50674578661386,
      304.7352707011439,
      304.9600140111823,
      305.1811239954892,
      305.3987443188977,
      305.61301291703643,
      305.8240595455137,
      306.03200897566285,
      306.2369806233964,
      306.43908786150047,
      306.6384378982628,
      306.8351299206197,
      307.02925902716555,
      307.2209161561103,
      307.4101874574053,
      307.5971542375125,
      307.78189109015506,
      307.96446990914365,
      308.1449597341369,
      308.3234260976808,
      308.49993091471305,
      308.67453060049246,
      308.84727990254623,
      309.018231713398,
      309.1874363532073,
      309.3549414476159,
      309.520790144085,
      309.6850246052153,
      309.8476858093677,
      310.00881283505316,
      310.1684427172567,
      310.32660889878235,
      310.483344252447,
      310.6386808812138,
      310.7926494859963,
      310.94527922276745,
      311.0965963286051,
      311.2466267625378,
      311.39539597713633,
      311.54292840304663,
      311.68924728272384,
      311.8343734476944,
      311.9783276457325,
      312.1211303657723,
      312.2628013087484,
      312.4033592683647,
      312.54282097785625,
      312.68120325433443,
      312.81852282132104,
      312.954795852642,
      313.09003776413965,
      313.224262161925,
      313.35748287503384,
      313.4897137988844,
      313.6209684044233,
      313.75125959326505,
      313.88059851659915,
      314.0089967307311,
      314.1364659845036,
      314.2630177214658,
      314.3886628996613,
      314.5134108384582,
      314.6372713515154,
      314.760254536481,
      314.8823702785159,
      315.0036280467183,
      315.1240357763086,
      315.24360195451595,
      315.36233538780914,
      315.48024473832163,
      315.5973383365743,
      315.7136230961735,
      315.829106488846,
      315.94379630927386,
      316.05770022298464,
      316.1708256337044,
      316.28317877661766,
      316.3947663317978,
      316.50559525729847,
      316.6156724059989,
      316.7250044066043,
      316.8335970038863,
      316.9414562652198,
      317.0485884641731,
      317.1549997625166,
      317.2606961651613,
      317.3656830809772,
      317.46996609264363,
      317.5735508968231,
      317.67644307928106,
      317.7786481133674,
      317.8801711442357,
      317.981017360599,
      318.08119197279296,
      318.1807000893498,
      318.2795467515998,
      318.3777368209158,
      318.4752751643562,
      318.572166599969,
      318.6684158499604,
      318.76402760086825,
      318.8590064380727,
      300.0,
      300.0000235793474,
      300.00016828745584,
      300.0006526157182,
      300.00182911238164,
      300.00415765143276,
      300.00815362773847,
      300.0143314543047,
      300.0231581198973,
      300.035023176532,
      300.05022483489563,
      300.06896880311814,
      300.09137522096097,
      300.11749015985527,
      300.1472985821585,
      300.1807371914302,
      300.21770604800474,
      300.2580785199985,
      300.3017095939418,
      300.34844243878223,
      300.39811364558665,
      300.4505571756035,
      300.5056073506167,
      300.5631010423542,
      300.62287927157064,
      300.68478825356266,
      300.74868011653945,
      300.814413314774,
      300.8818528626945,
      300.95087041143375,
      301.0213441642849,
      301.09315877937695,
      301.1662051491345,
      301.24038021821826,
      301.31558671490563,
      301.3917329199973,
      301.4687323567202,
      301.54650357962896,
      301.6249698955713,
      301.7040591092054,
      301.78370328715505,
      301.86383853067275,
      301.94440473617124,
      302.0253453988938,
      302.10660741035025,
      302.18814085787915,
      302.26989885171065,
      302.3518373375477,
      302.4339149498514,
      302.5160928777233,
      302.5983346691194,
      302.6806061525124,
      302.76287524479886,
      302.8451118944063,
      302.92728793286545,
      303.0093769569488,
      303.09135426452076,
      303.17319669322313,
      303.2548826250368,
      303.33639183066333,
      303.417705384679,
      303.4988056392063,
      303.579676098096,
      303.66030139784743,
      303.7406672276005,
      303.8207602347913,
      303.9005680271977,
      303.9800790495198,
      304.0592826210642,
      304.1381688273644,
      304.2167284518416,
      304.2949530109663,
      304.37283464032583,
      304.45036611815317,
      304.527540797165,
      304.60435255278423,
      304.6807957922906,
      304.7568653858165,
      304.8325566828024,
      304.90786546752014,
      304.98278789315634,
      305.0573205075511,
      305.13146021260104,
      305.20520425473575,
      305.27855021830027,
      305.3514959313034,
      305.42403954084733,
      305.4961794300073,
      305.5679142508772,
      305.63924291084834,
      305.7101644712819,
      305.78067825845693,
      305.8507837426766,
      305.92048060914414,
      305.9897687276344,
      306.0586480795181,
      306.1271188333023,
      306.1951812616352,
      306.2628358074439,
      306.3300830393144,
      306.396923597355,
      306.46335827584466,
      306.52938792136774,
      306.5950135225709,
      306.660236153604,
      306.72505693646326,
      306.78947709767453,
      306.85349791379247,
      306.91712073968193,
      306.98034702750596,
      307.04317822987264,
      307.10561588962895,
      307.167661561768,
