{
  "final_status": "fail",
  "final_lambda": 1.0,
  "final_reg_order": 1,
  "final_residual_norm": 34.964836527292285,
  "final_reg_norm": 0.08726030562607827,
  "n_iterations": 1,
  "summary_notes": [
    "Completed in 1 iteration(s)"
  ],
  "final_config": {
    "parameterization_type": "piecewise_constant",
    "num_parameters": 24,
    "reg_order": 1,
    "lambda_strategy": "fixed",
    "lambda_value": 5.0,
    "lambda_grid": null,
    "max_retries": 1,
    "physical_bounds": null,
    "planner_notes": [
      "num_parameters=24 (\u2248 N_t/5)",
      "reg_order=1 (default first-difference smoothness)",
      "noise_std provided \u2192 using discrepancy principle for lambda",
      "lambda_value=1.0 supplied \u2192 strategy forced to 'fixed'",
      "iter0: lambda increased to 5.000e+00 (factor=5.0)"
    ],
    "stop_tolerance": 0.001,
    "iteration_budget": 1,
    "skip_verifier": false
  },
  "final_result": {
    "estimated_x": [
      32059.810474222595,
      32059.81355834079,
      32059.82054758645,
      32059.831365965783,
      32059.845798163864,
      32059.863514774912,
      32059.8840982457,
      32059.90706058127,
      32059.93185490238,
      32059.957899670044,
      32059.984595647296,
      32060.011333363902,
      32060.037511714763,
      32060.062558842288,
      32060.085947697702,
      32060.107202018597,
      32060.125929221533,
      32060.14182721177,
      32060.154708856375,
      32060.164521066858,
      32060.171356798975,
      32060.175505151587,
      32060.17746769373,
      32060.17798832342
    ],
    "fitted_y": [
      300.0,
      300.0465790059407,
      300.1519616339713,
      300.3039010985777,
      300.4860341977957,
      300.68560194076156,
      300.894173649887,
      301.1065241294857,
      301.3194963619917,
      301.5312070927863,
      301.7405489345256,
      301.94688868200825,
      302.14988522108837,
      302.34937874999497,
      302.5453224595949,
      302.7377397850535,
      302.92669730849235,
      303.11228738193927,
      303.29461693179064,
      303.47380017356966,
      303.6499539203716,
      303.82319446799534,
      303.9936357073426,
      304.16138788860616,
      304.3265569612175,
      304.48924420981376,
      304.6495460558616,
      304.8075540589215,
      304.96335502410096,
      305.11703114458265,
      305.2686602395367,
      305.4183158691098,
      305.5660675897552,
      305.71198116546987,
      305.8561187820292,
      305.9985393047884,
      306.1392984003008,
      306.27844873030637,
      306.41604015346513,
      306.55211990002374,
      306.68673275758306,
      306.8199211588332,
      306.9517253359176,
      307.08218344490166,
      307.2113317207927,
      307.33920460500207,
      307.4658348043301,
      307.5912534091943,
      307.71548996234606,
      307.8385725758902,
      307.96052806152386,
      308.08138193679537,
      308.20115850885594,
      308.31988093262044,
      308.4375713005854,
      308.5542507385046,
      308.66993941333396,
      308.7846565641188,
      308.898420580208,
      309.01124904733297,
      309.1231588369969,
      309.23416608849004,
      309.34428625964665,
      309.45353414456275,
      309.5619239377621,
      309.6694693073497,
      309.77618335985534,
      309.8820786779045,
      309.98716736638977,
      310.09146103801066,
      310.1949709368462,
      310.29770786733536,
      310.39968224423563,
      310.5009041013228,
      310.6013831221096,
      310.70112868010585,
      310.80014983521335,
      310.89845534481924,
      310.99605367482917,
      311.0929530062082,
      311.1891613043406,
      311.28468628544175,
      311.3795354305989,
      311.4737160007239,
      311.56723502611953,
      311.6600993789831,
      311.75231574523934,
      311.84389061593873,
      311.93483031688237,
      312.02514100666156,
      312.1148286900694,
      312.20389925051205,
      312.2923584223633,
      312.3802117932371,
      312.4674648305064,
      312.55412288110415,
      312.64019118811575,
      312.72567488599543,
      312.8105789918603,
      312.8949084185638,
      312.97866799200244,
      313.0618624553029,
      313.14449647053027,
      313.22657458812927,
      313.3081012903137,
      313.38908098074245,
      313.4695179974359,
      313.5494166210634,
      313.6287810336469,
      313.7076153649986,
      313.78592367919197,
      313.8637099876413,
      313.94097825499995,
      314.01773236383923,
      314.09397616242876,
      314.1697134181096,
      314.2449478851355,
      314.3196832664764,
      314.3939231922217,
      314.46767127069637,
      314.5409310374233,
      300.0,
      300.00001817468774,
      300.0001297140209,
      300.0005030286334,
      300.00140985862885,
      300.0032046696497,
      300.00628472251015,
      300.0110465217419,
      300.0178500184034,
      300.0269954766686,
      300.0387127563564,
      300.0531604181416,
      300.07043106862676,
      300.09056022444395,
      300.11353630076417,
      300.1393105159803,
      300.1678058451097,
      300.1989246902355,
      300.23255528620444,
      300.26857675957064,
      300.30686316700593,
      300.34728653869416,
      300.38971918366065,
      300.434035377304,
      300.4801125933207,
      300.5278323091954,
      300.5770805602125,
      300.627748258383,
      300.6797313728608,
      300.7329309882469,
      300.78725323897675,
      300.8426092346084,
      300.89891489035045,
      300.9560907867381,
      301.0140619618679,
      301.0727577327954,
      301.1321114568094,
      301.19206036925044,
      301.2525453684697,
      301.31351081899686,
      301.37490436929227,
      301.43667677680537,
      301.4987817239258,
      301.56117566672583,
      301.62381767822046,
      301.68666929345494,
      301.7496943764784,
      301.81285897638793,
      301.87613121434214,
      301.93948117966977,
      302.0028807786018,
      302.06630367414084,
      302.1297251384609,
      302.1931220091718,
      302.2564725744937,
      302.3197564821278,
      302.38295469005993,
      302.44604934265186,
      302.50902377428747,
      302.57186238908105,
      302.634550595261,
      302.6970747851319,
      302.759422238501,
      302.82158110810104,
      302.8835403576153,
      302.94528968877233,
      303.00681954317633,
      303.06812100755496,
      303.1291858429205,
      303.1900064007262,
      303.2505755700088,
      303.3108868047309,
      303.3709340363181,
      303.4307116918855,
      303.4902146413765,
      303.54943815746185,
      303.6083779228357,
      303.66702997737684,
      303.72539073090803,
      303.78345692856016,
      303.84122559973787,
      303.89869407817133,
      303.9558599709451,
      304.0127211512111,
      304.06927575271254,
      304.12552209688187,
      304.1814587511619,
      304.2370844652302,
      304.29239819651497,
      304.3473990992535,
      304.4020864461242,
      304.45645971390246,
      304.51051849052544,
      304.5642625297658,
      304.61769172753577,
      304.67080606538815,
      304.7236056688362,
      304.7760907435747,
      304.828261626509,
      304.8801187511261,
      304.9316626055763,
      304.9828937964594,
      305.0338129704647,
      305.08442088362443,
      305.1347183575739,
      305.18470625039134,
      305.23438550033694,
      305.2837570839395,
      305.3328220378674,
      305.38158147350657,
      305.4300365022417,
      305.478188304708,
      305.52603807065344,
      305.5735870517895,
      305.6208365526795,
      305.66778785237557,
      305.71444230829576,
      305.76080125599304,
      305.80686608934184,
      305.85263823684727,
      305.89811910332924
    ],
    "status": "success"
  }
}