{
  "final_status": "fail",
  "final_lambda": 0.020425493240923343,
  "final_reg_order": 1,
  "final_residual_norm": 8.739499622508058,
  "final_reg_norm": 0.058193237853421786,
  "n_iterations": 9,
  "summary_notes": [
    "Completed in 9 iteration(s)"
  ],
  "final_config": {
    "parameterization_type": "piecewise_constant",
    "num_parameters": 24,
    "reg_order": 1,
    "lambda_strategy": "fixed",
    "lambda_value": 0.020425493240923343,
    "lambda_grid": null,
    "max_retries": 8,
    "physical_bounds": [
      -500000.0,
      500000.0
    ],
    "planner_notes": [
      "num_parameters=24 (\u2248 N_t/5)",
      "reg_order=1 (default first-difference smoothness)",
      "noise_std provided \u2192 using discrepancy principle for lambda",
      "physical_bounds=(-500000.0, 500000.0) applied",
      "iter0: lambda increased to 2.614e-07 (factor=5.0)",
      "iter1: lambda increased to 1.307e-06 (factor=5.0)",
      "iter2: lambda increased to 6.536e-06 (factor=5.0)",
      "iter3: lambda increased to 3.268e-05 (factor=5.0)",
      "iter4: lambda increased to 1.634e-04 (factor=5.0)",
      "iter5: lambda increased to 8.170e-04 (factor=5.0)",
      "iter6: lambda increased to 4.085e-03 (factor=5.0)",
      "iter7: lambda increased to 2.043e-02 (factor=5.0)"
    ],
    "stop_tolerance": 0.001,
    "iteration_budget": 12,
    "skip_verifier": false
  },
  "final_result": {
    "estimated_x": [
      24614.78974418457,
      24614.79319985988,
      24614.800781840284,
      24614.81213496835,
      24614.82674378541,
      24614.8439505414,
      24614.86300232445,
      24614.88308206445,
      24614.90334668929,
      24614.92298878356,
      24614.941299778693,
      24614.957729368114,
      24614.97191204308,
      24614.983657432702,
      24614.992935156668,
      24614.999869871495,
      24615.004721338515,
      24615.00784478097,
      24615.009649369633,
      24615.010552816166,
      24615.01092333703,
      24615.01103385063,
      24615.01105161653,
      24615.01105235559
    ],
    "fitted_y": [
      300.0,
      300.00000027564016,
      300.0000025003502,
      300.0000120875919,
      300.00004147055677,
      300.00011343643376,
      300.00026350363083,
      300.00054064515604,
      300.00100622523456,
      300.00173143879346,
      300.00279383447804,
      300.0042735046612,
      300.0062494517507,
      300.0087964777929,
      300.01198274148993,
      300.0158680483911,
      300.0205028434774,
      300.02592775782426,
      300.0321736505781,
      300.03926198253953,
      300.0472054388025,
      300.05600872069505,
      300.06566940068353,
      300.0761788164542,
      300.08752295520077,
      300.09968327774595,
      300.11263753566743,
      300.1263604666944,
      300.14082443413656,
      300.15600003553135,
      300.171856554581,
      300.18836244387245,
      300.2054856802708,
      300.2231940755388,
      300.2414555673683,
      300.2602383984755,
      300.279511350265,
      300.29924385756294,
      300.31940613034607,
      300.33996926008,
      300.36090526029517,
      300.3821871365456,
      300.40378891579155,
      300.4256856547945,
      300.4478534681006,
      300.4702695028552,
      300.4929119457978,
      300.5157600036734,
      300.53879387664756,
      300.56199474711326,
      300.58534473771414,
      300.6088268931554,
      300.6324251312313,
      300.6561242456238,
      300.6799098303463,
      300.7037682699491,
      300.72768671293437,
      300.75165301019166,
      300.7756557219941,
      300.7996840550346,
      300.82372783164396,
      300.84777749118945,
      300.8718240159179,
      300.8958589379519,
      300.9198743099067,
      300.94386264752336,
      300.9678169450603,
      300.99173061652664,
      301.0155974998804,
      301.03941182904487,
      301.06316819333193,
      301.08686154443836,
      301.1104871446756,
      301.13404059635315,
      301.15751779280725,
      301.1809148890177,
      301.20422832679384,
      301.2274547718107,
      301.2505911415934,
      301.27363458452953,
      301.2965824448892,
      301.3194322754187,
      301.34218180096076,
      301.3648289240526,
      301.3873717403165,
      301.4098084671017,
      301.4321375036498,
      301.454357351341,
      301.47646666686376,
      301.49846423563025,
      301.52034893539786,
      301.54211978524086,
      301.5637758741921,
      301.585316410215,
      301.6067406922196,
      301.62804809467207,
      301.6492380871836,
      301.67031019673215,
      301.6912640356468,
      301.712099289015,
      301.7328156866992,
      301.7534130383167,
      301.77389119126394,
      301.79425005450315,
      301.8144895957642,
      301.83460980516537,
      301.8546107427865,
      301.8744924882978,
      301.8942551661457,
      301.91389894835135,
      301.9334240195306,
      301.9528306160719,
      301.972118982761,
      301.99128940916023,
      302.01034220442324,
      302.0292777000929,
      302.048096257098,
      302.0667982377686,
      302.08538404221576,
      302.10385409294,
      302.12220880824674,
      300.0,
      300.00000003497985,
      300.0000003777811,
      300.00000200643683,
      300.0000074982529,
      300.00002216454993,
      300.0000552917441,
      300.000121112384,
      300.0002393452379,
      300.00043511134226,
      300.0007383085647,
      300.0011825146403,
      300.00180359917624,
      300.00263826289915,
      300.0037226020877,
      300.0050908716897,
      300.0067744723098,
      300.0088011876519,
      300.01119471299216,
      300.01397439353167,
      300.01715517122653,
      300.0207477051189,
      300.0247585672227,
      300.0291905783297,
      300.03404314241493,
      300.0393126482043,
      300.04499287074157,
      300.0510753141892,
      300.0575496119967,
      300.0644038613062,
      300.0716249069879,
      300.0791986830419,
      300.0871103902949,
      300.0953447468548,
      300.1038861811987,
      300.11271897768825,
      300.1218274542665,
      300.13119601282847,
      300.1408092945307,
      300.15065220917444,
      300.1607100373458,
      300.17096848078666,
      300.1814136567977,
      300.19203216260064,
      300.2028110795359,
      300.21373799544926,
      300.2248010228815,
      300.23598876268875,
      300.247290334825,
      300.2586953391643,
      300.27019388768235,
      300.2817765848674,
      300.29343448014777,
      300.30515909167804,
      300.3169423573671,
      300.3287766544671,
      300.34065478278285,
      300.352569908704,
      300.3645155945883,
      300.37648573719673,
      300.38847459008116,
      300.40047675239026,
      300.4124871143013,
      300.42450087241104,
      300.4365134975545,
      300.448520727809,
      300.4605185838854,
      300.47250330196664,
      300.48447136728856,
      300.49641946376914,
      300.5083444838027,
      300.5202435478489,
      300.5321139232794,
      300.54395308034583,
      300.55575863341363,
      300.567528360551,
      300.5792602063274,
      300.59095223004323,
      300.60260265050454,
      300.6142097844581,
      300.6257720759753,
      300.63728809925,
      300.6487565068287,
      300.660176072986,
      300.6715456447523,
      300.6828641698983,
      300.69413068993924,
      300.7053443065538,
      300.71650421236717,
      300.7276096489748,
      300.73865993632603,
      300.74965446712736,
      300.7605926746607,
      300.77147406216733,
      300.7822981664682,
      300.79306458734766,
      300.8037729735616,
      300.8144230018494,
      300.82501440771637,
      300.83554695465176,
      300.8460204341289,
      300.8564346963874,
      300.8667895958647,
      300.87708504156734,
      300.887320948099,
      300.89749726504374,
      300.9076139811641,
      300.917671085223,
      300.9276686079602,
      300.9376065857129,
      300.94748507021063,
      300.9573041607565,
      300.9670639356667,
      300.9767645180327,
