{
  "final_status": "fail",
  "final_lambda": 1.0,
  "final_reg_order": 1,
  "final_residual_norm": 15.12273782517072,
  "final_reg_norm": 0.022762349026470535,
  "n_iterations": 1,
  "summary_notes": [
    "Completed in 1 iteration(s)"
  ],
  "final_config": {
    "parameterization_type": "piecewise_constant",
    "num_parameters": 24,
    "reg_order": 1,
    "lambda_strategy": "fixed",
    "lambda_value": 0.5,
    "lambda_grid": null,
    "max_retries": 1,
    "physical_bounds": null,
    "planner_notes": [
      "num_parameters=24 (\u2248 N_t/5)",
      "reg_order=1 (default first-difference smoothness)",
      "noise_std provided \u2192 using discrepancy principle for lambda",
      "lambda_value=1.0 supplied \u2192 strategy forced to 'fixed'",
      "iter0: lambda decreased to 5.000e-01 (factor=2.0)"
    ],
    "stop_tolerance": 0.001,
    "iteration_budget": 1,
    "skip_verifier": false
  },
  "final_result": {
    "estimated_x": [
      32796.39494185808,
      32796.396463527926,
      32796.39984478254,
      32796.40486671506,
      32796.41116928731,
      32796.41832144592,
      32796.42591770544,
      32796.43362892995,
      32796.44123140434,
      32796.44855077958,
      32796.45540579141,
      32796.46160338213,
      32796.46697435146,
      32796.47143380732,
      32796.474987849426,
      32796.47769283929,
      32796.47959655047,
      32796.480730136755,
      32796.4811557174,
      32796.48102781671,
      32796.48058491853,
      32796.48009577404,
      32796.47976926247,
      32796.47966268649
    ],
    "fitted_y": [
      300.0,
      300.0476491735988,
      300.1554530014375,
      300.3108833241616,
      300.4972009899738,
      300.70135386371425,
      300.91471756963995,
      301.13194686213524,
      301.3498121909727,
      301.56638703380276,
      301.7805385556547,
      301.9916190020631,
      302.19927942327524,
      302.40335634804234,
      302.6038018933326,
      302.80064002498244,
      302.9939388531856,
      303.18379285447605,
      303.3703114152276,
      303.5536113776365,
      303.73381222798434,
      303.91103293179737,
      304.0853900004985,
      304.2569962219873,
      304.42595998348526,
      304.5923848830669,
      304.7563695547563,
      304.9180076667606,
      305.0773880246495,
      305.23459471465577,
      305.3897073273352,
      305.54280110961287,
      305.69394722225076,
      305.8432129476833,
      305.99066190611603,
      306.13635429613157,
      306.2803470594743,
      306.42269407514954,
      306.56344635613317,
      306.7026522244763,
      306.8403574753162,
      306.9766055121,
      307.111437499631,
      307.2448924805422,
      307.3770075298651,
      307.50781785710507,
      307.63735691608287,
      307.76565652061174,
      307.8927469030017,
      308.01865682941207,
      308.143413703111,
      308.2670436233004,
      308.38957146523984,
      308.51102092727666,
      308.6314146181285,
      308.7507741237581,
      308.8691200697409,
      308.9864721471393,
      309.10284917963554,
      309.21826916592016,
      309.33274933976384,
      309.4463062065328,
      309.55895558934117,
      309.6707126341547,
      309.78159187063477,
      309.89160725595895,
      310.0007721931641,
      310.1090995639993,
      310.21660176330147,
      310.3232906794702,
      310.4291777910241,
      310.53427414625327,
      310.63859040887814,
      310.74213685458955,
      310.8449233979273,
      310.94695960556476,
      311.04825474152665,
      311.14881777347233,
      311.24865737245,
      311.3477819153507,
      311.4461995305759,
      311.5439181080278,
      311.64094530890816,
      311.7372885705797,
      311.8329550920633,
      311.92795188603395,
      312.0222857889255,
      312.1159634481516,
      312.2089913432788,
      312.3013757806732,
      312.3931228885314,
      312.48423868286716,
      312.5747290359028,
      312.6645996707137,
      312.7538561855459,
      312.8425040387134,
      312.9305485917767,
      313.01799510202665,
      313.1048487074758,
      313.19111443800523,
      313.27679722216965,
      313.36190191068863,
      313.4464332763125,
      313.53039597812244,
      313.61379460430317,
      313.6966336546447,
      313.77891756602867,
      313.86065071975077,
      313.9418373964791,
      314.02248182275,
      314.10258815370855,
      314.1821604925954,
      314.2612028962577,
      314.3397193376701,
      314.4177137543347,
      314.4951899996537,
      314.5721519140544,
      314.64860328582085,
      314.7245478286641,
      314.7999892339015,
      314.87493111825916,
      300.0,
      300.00001859225705,
      300.00013269424227,
      300.0005145858782,
      300.0014422505848,
      300.0032782979657,
      300.00642911602665,
      300.01130031910986,
      300.01826012825137,
      300.0276157062733,
      300.03960219407537,
      300.0543817952859,
      300.072049244136,
      300.09264087321634,
      300.11614483147946,
      300.1425112164869,
      300.1716612335168,
      300.2034950422328,
      300.2378983095553,
      300.27474738484074,
      300.313913431078,
      300.3552655382027,
      300.3986730813881,
      300.4440074473488,
      300.4911432945753,
      300.5399593773338,
      300.5903391124029,
      300.6421709053222,
      300.6953483349537,
      300.7497702131334,
      300.8053405175551,
      300.8619683153376,
      300.9195675896522,
      300.97805709617495,
      301.03736015055614,
      301.09740444572043,
      301.15812180765056,
      301.21944802947223,
      301.28132265147184,
      301.34368875975207,
      301.4064927998031,
      301.4696843975361,
      301.53321617099664,
      301.59704357563186,
      301.66112474396004,
      301.725420327106,
      301.7898933587121,
      301.8545091076658,
      301.9192349625162,
      301.9840403252074,
      302.0488964563423,
      302.11377641366437,
      302.1786549010562,
      302.2435082237976,
      302.30831417111426,
      302.37305192296213,
      302.43770199969435,
      302.50224613529474,
      302.566667281107,
      302.63094948279075,
      302.69507781320584,
      302.75903835190724,
      302.8228180863418,
      302.88640489693506,
      302.949787493704,
      303.01295534168474,
      303.07589866279824,
      303.1386083389108,
      303.2010759416634,
      303.2632936467135,
      303.32525417967037,
      303.3869508440598,
      303.4483774318418,
      303.5095282420536,
      303.5703980267452,
      303.6309819499641,
      303.6912755952137,
      303.75127491139074,
      303.81097622583627,
      303.87037620891334,
      303.9294718218072,
      303.9882603370329,
      304.0467393067435,
      304.10490655527394,
      304.1627601735475,
      304.220298444505,
      304.2775199027613,
      304.334423269357,
      304.3910074778583,
      304.44727166317136,
      304.5032150813788,
      304.55883719736016,
      304.6141375897146,
      304.6691160066892,
      304.72377234194386,
      304.7781065767589,
      304.8321188396918,
      304.88580934132773,
      304.93917842647926,
      304.9922265387659,
      305.04495417773626,
      305.0973619641171,
      305.1494505596502,
      305.2012207379343,
      305.25267333968355,
      305.3038092428993,
      305.354629407613,
      305.4051348330074,
      305.45532657978845,
      305.50520578509924,
      305.55477358608596,
      305.6040311907397,
      305.65297981637576,
      305.7016207436974,
      305.7499553074744,
      305.79798481638005,
      305.8457106592541,
      305.8931342025682,
      305.9402568724534,
      305.98708013046445,
      306.0336054139234
    ],
    "status": "success"
  }
}