{
  "final_status": "weak_pass",
  "final_lambda": 7.288618329537238e-07,
  "final_reg_order": 1,
  "final_residual_norm": 15.60337207725237,
  "final_reg_norm": 13164.63761704218,
  "n_iterations": 1,
  "summary_notes": [
    "Completed in 1 iteration(s)"
  ],
  "final_config": {
    "parameterization_type": "piecewise_constant",
    "num_parameters": 24,
    "reg_order": 1,
    "lambda_strategy": "discrepancy",
    "lambda_value": 7.288618329537238e-07,
    "lambda_grid": null,
    "max_retries": 8,
    "physical_bounds": [
      -500000.0,
      500000.0
    ],
    "planner_notes": [
      "num_parameters=24 (\u2248 N_t/5)",
      "reg_order=1 (default first-difference smoothness)",
      "noise_std provided \u2192 using discrepancy principle for lambda",
      "physical_bounds=(-500000.0, 500000.0) applied"
    ],
    "stop_tolerance": 0.001,
    "iteration_budget": 1
  },
  "final_result": {
    "estimated_x": [
      3192.960135355923,
      3924.1014949665505,
      5514.189557601629,
      8020.733470900106,
      11412.795181295724,
      15580.230239223669,
      20361.942459243033,
      25483.594131145885,
      30493.60388513379,
      35045.16200609181,
      38996.404158676145,
      42264.86758215169,
      44825.576734121234,
      46747.76651475579,
      48164.36662763256,
      49111.71796406287,
      49735.452857649,
      50130.09257627655,
      50405.984345105164,
      50659.01381249837,
      50809.340379975154,
      50916.99161175075,
      50985.2449417022,
      50999.20397946453
    ],
    "fitted_y": [
      300.0,
      300.0046389827923,
      300.0151344450326,
      300.03026668213266,
      300.04840601971864,
      300.06934399969293,
      300.0925197674172,
      300.1171336308743,
      300.1424979990189,
      300.1681343356611,
      300.19605028912633,
      300.22666994358997,
      300.2592799185436,
      300.2930097754824,
      300.32719678338754,
      300.36505239635335,
      300.4072720711161,
      300.452747286624,
      300.50011488973604,
      300.5483343250065,
      300.6016564517036,
      300.66096293175065,
      300.72471703537747,
      300.79105149189724,
      300.8585441439976,
      300.9323243007264,
      301.0134182962212,
      301.09990459822336,
      301.18946997481913,
      301.2803568442406,
      301.3783704796205,
      301.48464115088325,
      301.59693770660584,
      301.7125924331751,
      301.82958297887313,
      301.95403919533214,
      302.0871206714676,
      302.2264102946001,
      302.3690378518242,
      302.51283310890955,
      302.6636716071138,
      302.82261816923136,
      302.9872715690854,
      303.15480732658335,
      303.32309769117893,
      303.4973850569068,
      303.6785844166927,
      303.8644892624974,
      304.05252520134303,
      304.2407607306033,
      304.433698833142,
      304.6321113795393,
      304.83407649346526,
      305.03736254806233,
      305.24030160194724,
      305.4465798314513,
      305.65681926121596,
      305.86942757089815,
      306.08256448350585,
      306.2948607365041,
      306.509170876876,
      306.72596927717785,
      306.9440082428307,
      307.16185336090774,
      307.3784435212878,
      307.5959070291742,
      307.81459856593733,
      308.03358816680594,
      308.2518103268149,
      308.46848225344206,
      308.685178312645,
      308.902170123919,
      309.1187850480322,
      309.3342517936462,
      309.5480078920535,
      309.7610876354563,
      309.9736685407222,
      310.1853055937802,
      310.3954929946314,
      310.60386743925403,
      310.81112065678315,
      311.01738251946796,
      311.2223741654972,
      311.425777139923,
      311.62736679908437,
      311.82758959437655,
      312.0265388306762,
      312.2240504564592,
      312.41993589232237,
      312.6140659873575,
      312.8067740812282,
      312.99814168153796,
      313.18806706070654,
      313.3764291608726,
      313.56314700654735,
      313.7485493329617,
      313.93272363033805,
      314.1155828158089,
      314.2970181228504,
      314.4769551958025,
      314.655575319858,
      314.8329253411442,
      315.00895397802515,
      315.18360036574023,
      315.35682595929035,
      315.52877176315104,
      315.6994797791308,
      315.868919920828,
      316.0370540730524,
      316.20385935328534,
      316.3694281198841,
      316.53379096659353,
      316.6969333598987,
      316.8588359547871,
      317.0194891656936,
      317.17891387428995,
      317.3371231651405,
      317.4941237920945,
      317.6499231010034,
      317.80453120656597,
      317.9579605912482,
      300.0,
      300.0000018100871,
      300.0000129187194,
      300.00005009856096,
      300.0001404132566,
      300.0003195798897,
      300.0006288780266,
      300.0011116376103,
      300.00180990473234,
      300.0027616678035,
      300.00399978044703,
      300.0055528064947,
      300.007446530052,
      300.0097048138177,
      300.01234932669377,
      300.01539995056663,
      300.0188766713797,
      300.0228015968949,
      300.02719947016647,
      300.0320962545444,
      300.0375184962155,
      300.0434947749953,
      300.0500575440891,
      300.05724317833887,
      300.0650896591509,
      300.07363523404587,
      300.0829197695943,
      300.09298673906613,
      300.103883179826,
      300.1156568751576,
      300.12835463400364,
      300.14202371067773,
      300.1567140448527,
      300.17247827965747,
      300.1893686718134,
      300.2074351116306,
      300.22672651838997,
      300.2472932160076,
      300.2691870244934,
      300.29245811517944,
      300.3171528337565,
      300.3433148610514,
      300.37098744304484,
      300.4002135523186,
      300.43103300322826,
      300.4634803939025,
      300.49758612504354,
      300.53337848529117,
      300.5708839764066,
      300.61012495144877,
      300.65111793905686,
      300.69387466496613,
      300.73840402371746,
      300.7847125827435,
      300.8328027610534,
      300.88267152511094,
      300.93431130931157,
      300.98771173922927,
      301.0428601959138,
      301.09974046431273,
      301.15833174331954,
      301.2186094066945,
      301.2805464084741,
      301.3441138344795,
      301.40927997265385,
      301.47600962617486,
      301.5442647565366,
      301.6140056042093,
      301.68519121367103,
      301.7577788302869,
      301.83172347096837,
      301.90697848277944,
      301.98349642352866,
      302.0612295246021,
      302.14012929471005,
      302.22014618771556,
      302.3012299408848,
      302.3833301256378,
      302.46639648460405,
      302.55037869580906,
      302.63522619027447,
      302.72088844368903,
      302.8073153747643,
      302.8944576318617,
      302.9822664687723,
      303.0706936308516,
      303.1596915683892,
      303.24921366699266,
      303.3392144535597,
      303.4296495067416,
      303.52047538222735,
      303.6116498006551,
      303.70313178896237,
      303.79488183222696,
      303.8868617733159,
      303.9790347442025,
      304.0713653473137,
      304.1638197597229,
      304.2563658351925,
      304.3489729462006,
      304.4416117953689,
      304.5342544204956,
      304.62687411859383,
      304.7194454621933,
      304.81194415444014,
      304.90434689416924,
      304.9966314347086,
      305.08877654481074,
      305.18076206061846,
      305.27256879534303,
      305.3641784203734,
      305.45557352260516,
      305.54673753665014,
      305.6376547919439,
      305.72831043660375,
      305.81869031201893,
      305.90878098482557,
      305.99856963280985,
      306.0880440885024,
      306.1771927964828,
      306.2660047340064
    ],
    "status": "success"
  }
}