{
  "final_status": "weak_pass",
  "final_lambda": 3.5317557314412856e-07,
  "final_reg_order": 2,
  "final_residual_norm": 14.159391133288093,
  "final_reg_norm": 4287.270806339497,
  "n_iterations": 7,
  "summary_notes": [
    "Completed in 7 iteration(s)"
  ],
  "final_config": {
    "parameterization_type": "piecewise_constant",
    "num_parameters": 24,
    "reg_order": 2,
    "lambda_strategy": "fixed",
    "lambda_value": 3.5317557314412856e-07,
    "lambda_grid": null,
    "max_retries": 8,
    "physical_bounds": [
      -500000.0,
      500000.0
    ],
    "planner_notes": [
      "num_parameters=24 (\u2248 N_t/5)",
      "reg_order=2 (default first-difference smoothness)",
      "noise_std provided \u2192 using discrepancy principle for lambda",
      "physical_bounds=(-500000.0, 500000.0) applied",
      "iter0: lambda decreased to 1.130e-05 (factor=2.0)",
      "iter1: lambda decreased to 5.651e-06 (factor=2.0)",
      "iter2: lambda decreased to 2.825e-06 (factor=2.0)",
      "iter3: lambda decreased to 1.413e-06 (factor=2.0)",
      "iter4: lambda decreased to 7.064e-07 (factor=2.0)",
      "iter5: lambda decreased to 3.532e-07 (factor=2.0)"
    ],
    "stop_tolerance": 0.001,
    "iteration_budget": 12,
    "skip_verifier": false
  },
  "final_result": {
    "estimated_x": [
      -532.2782746699881,
      8254.016350579459,
      16787.614619410255,
      24674.225322189635,
      31358.21511607642,
      36322.10282345032,
      39371.866330655,
      40738.69073340455,
      40938.93685860246,
      40602.85763712146,
      40224.14663007958,
      39966.49551297511,
      39782.12787751037,
      39629.953696230354,
      39500.63415139693,
      39241.434740754055,
      38601.818042240586,
      37192.5232265806,
      34685.049831446195,
      30963.670389540934,
      26117.437642870653,
      20551.12233368236,
      14667.69008729473,
      8699.6684906428
    ],
    "fitted_y": [
      300.0,
      299.9992266643954,
      299.9974770319866,
      299.9949544320437,
      299.9919305373177,
      300.00138259824803,
      300.0268008603696,
      300.0649157263043,
      300.11129512099234,
      300.1624735889712,
      300.22855728666633,
      300.31137863201616,
      300.4068182607222,
      300.5100071847469,
      300.6172465354331,
      300.7375766127334,
      300.8725192175545,
      301.0181760268496,
      301.17000585880197,
      301.3245798013717,
      301.4893827219456,
      301.6656104715343,
      301.84991804761205,
      302.03844770315214,
      302.22830344423465,
      302.42483167652625,
      302.6288060692777,
      302.8376900916568,
      303.0486040452769,
      303.25940478510347,
      303.4731583685368,
      303.6902244479452,
      303.90899419526835,
      304.1276874101224,
      304.34499975049664,
      304.5621043621292,
      304.779062333341,
      304.9951161600576,
      305.2094697990994,
      305.4215628709667,
      305.6313590139663,
      305.83877218177884,
      306.04366749852227,
      306.24594687884246,
      306.4455712938205,
      306.64206122079446,
      306.8353284589718,
      307.02555961277915,
      307.2129941780956,
      307.3978383363886,
      307.5797039621558,
      307.75857451466237,
      307.9346990968764,
      308.10835968339535,
      308.2797848029894,
      308.4487696691087,
      308.6153417386854,
      308.7796959089284,
      308.94204110530035,
      309.10254466590874,
      309.26106263429597,
      309.4176166761189,
      309.5723479186198,
      309.7254072909853,
      309.8769157901151,
      310.02674213970784,
      310.17489521114015,
      310.32148477621416,
      310.4666302081292,
      310.6104271783432,
      310.75275843886885,
      310.89362691089303,
      311.0331220282828,
      311.17134192962783,
      311.3083650232415,
      311.44387217704366,
      311.5778066378226,
      311.71029935683845,
      311.8415080433972,
      311.97155701805264,
      312.0996035054604,
      312.2254622700959,
      312.3494181762059,
      312.47182685029145,
      312.5929648929529,
      312.71097051196637,
      312.8254252122913,
      312.9369430063295,
      313.0462920948393,
      313.1540657893389,
      313.25701391541156,
      313.3544259873355,
      313.4474105308186,
      313.5373394335573,
      313.62526687476947,
      313.70647983780185,
      313.7799887695767,
      313.84747444785444,
      313.9109905455527,
      313.9721083724633,
      314.0248167003212,
      314.06790125255054,
      314.10359195135095,
      314.1345838984893,
      314.16293167376864,
      314.18188996893656,
      314.1901578260695,
      314.1903484113237,
      314.1855835251839,
      314.1782337561513,
      314.1612938213379,
      314.1334596799233,
      314.0975304416236,
      314.0568220623099,
      314.0138440061112,
      313.9615523502911,
      313.89865631788973,
      313.8280082722198,
      313.7529733600278,
      313.6760918655981,
      313.59900489145593,
      300.0,
      299.99999969825166,
      299.9999978464015,
      299.9999916483843,
      299.9999765925902,
      299.99995177489046,
      299.99993120721587,
      299.99995445906615,
      300.0000900272435,
      300.00043007322614,
      300.0010844895091,
      300.0021793272177,
      300.0038565194992,
      300.0062700984709,
      300.00957760350593,
      300.01393351128763,
      300.0194885247265,
      300.02639122546594,
      300.0347870698191,
      300.04481307790394,
      300.0565939470207,
      300.07024293018077,
      300.08586461406134,
      300.10355539691795,
      300.12340026076964,
      300.14547023812594,
      300.1698233487737,
      300.1965070418006,
      300.22555911693433,
      300.2570060186123,
      300.2908613525414,
      300.3271265639307,
      300.3657927253752,
      300.4068416218164,
      300.45024538681406,
      300.4959660710121,
      300.54395621274807,
      300.5941600798411,
      300.64651479271123,
      300.7009509321732,
      300.75739293307663,
      300.81575965590093,
      300.87596519068535,
      300.9379198635302,
      301.00153126637235,
      301.0667050847776,
      301.1333456827278,
      301.20135661945284,
      301.2706413986961,
      301.34110439679904,
      301.41265164804105,
      301.48519133283764,
      301.55863404972206,
      301.6328932260562,
      301.70788559705056,
      301.7835316056276,
      301.85975558156423,
      301.93648570592114,
      302.01365407754355,
      302.0911967673974,
      302.16905382306135,
      302.2471691528187,
      302.325490256305,
      302.40396808989794,
      302.4825569459909,
      302.5612143056767,
      302.6399006522354,
      302.71857916601556,
      302.79721557977854,
      302.87577805244194,
      302.95423703995027,
      303.03256515657904,
      303.1107369219487,
      303.1887286703298,
      303.26651846428706,
      303.34408591469423,
      303.4214119201137,
      303.49847829473117,
      303.57526767338743,
      303.65176355013807,
      303.72795008111603,
      303.80381158572686,
      303.87933192926346,
      303.95449443514065,
      304.029282248787,
      304.10367820470077,
      304.1776639213025,
      304.25121872632104,
      304.32431957729295,
      304.3969420307128,
      304.46906042875986,
      304.5406466335677,
      304.61166845442415,
      304.68208964758435,
      304.75187172771433,
      304.8209747455064,
      304.8893558231618,
      304.956967151574,
      305.0237561011009,
      305.08966790138527,
      305.15464707296303,
      305.21863586232405,
      305.2815718527493,
      305.3433881216554,
      305.40401661020917,
      305.46339019927865,
      305.5214412807259,
      305.5780992224763,
      305.6332905280287,
      305.6869425221453,
      305.7389857220671,
      305.7893524433691,
      305.8379741035079,
      305.8847812198459,
      305.9297070220864,
      305.9726897465614,
      306.01367109285314,
      306.0525933037766,
