{
  "final_status": "weak_pass",
  "final_lambda": 1.7199925460644103e-08,
  "final_reg_order": 0,
  "final_residual_norm": 15.860769321450963,
  "final_reg_norm": 174271.68315835728,
  "n_iterations": 1,
  "summary_notes": [
    "Completed in 1 iteration(s)"
  ],
  "final_config": {
    "parameterization_type": "piecewise_constant",
    "num_parameters": 24,
    "reg_order": 0,
    "lambda_strategy": "discrepancy",
    "lambda_value": 1.7199925460644103e-08,
    "lambda_grid": null,
    "max_retries": 8,
    "physical_bounds": [
      -500000.0,
      500000.0
    ],
    "planner_notes": [
      "num_parameters=24 (\u2248 N_t/5)",
      "reg_order=0 (default first-difference smoothness)",
      "noise_std provided \u2192 using discrepancy principle for lambda",
      "physical_bounds=(-500000.0, 500000.0) applied"
    ],
    "stop_tolerance": 0.001,
    "iteration_budget": 12,
    "skip_verifier": false
  },
  "final_result": {
    "estimated_x": [
      224.30871469652217,
      3747.7252095086733,
      2204.0634070752685,
      3450.8883933966827,
      6515.780056411271,
      9888.004234327609,
      16146.62319171336,
      28905.687738164095,
      38243.72847162811,
      41326.80974290619,
      44356.58646981528,
      47044.23000451904,
      47405.38385386386,
      45979.12553396321,
      48849.43904016527,
      47121.13558480564,
      47177.22282095907,
      45750.36091257202,
      43570.043363237324,
      47116.60923293084,
      43043.30056857337,
      38504.69868896976,
      29576.27352776926,
      11700.439102229848
    ],
    "fitted_y": [
      300.0,
      300.00032589328515,
      300.00106321024043,
      300.0021262653714,
      300.00340057238657,
      300.00991595757597,
      300.02295693773925,
      300.0411410153576,
      300.06264776433926,
      300.08606177793996,
      300.10820601102296,
      300.12791317008356,
      300.1454235839212,
      300.16131704064236,
      300.1760858482072,
      300.1918779962974,
      300.209383475836,
      300.2282610947789,
      300.24796075930857,
      300.26804295857715,
      300.292671356895,
      300.32283879421993,
      300.3572719532329,
      300.3943488623558,
      300.4328191531654,
      300.476761950492,
      300.52695905884195,
      300.5818218834273,
      300.63945414733706,
      300.69841491573874,
      300.7668580137196,
      300.84659635499594,
      300.9349006896201,
      301.0283829108484,
      301.12444665306856,
      301.239931613312,
      301.3786638632174,
      301.5351542830455,
      301.7025363939493,
      301.87553684499153,
      302.06426860586316,
      302.2701731351421,
      302.48842346913364,
      302.7135226791934,
      302.9413456440214,
      303.17370363980336,
      303.4101581542399,
      303.64859366634107,
      303.8869150517483,
      304.12362708862366,
      304.36220677408375,
      304.60328651273136,
      304.84544182033443,
      305.08701564654865,
      305.32678577431204,
      305.5678999898191,
      305.8109618360696,
      306.0547373332227,
      306.2977773949665,
      306.53901246007064,
      306.77830593970117,
      307.0154289986877,
      307.25006477281784,
      307.48196383183756,
      307.71098495789505,
      307.9350030994854,
      308.1534802920655,
      308.3670028910969,
      308.5763607758697,
      308.78219439393644,
      308.98912699815384,
      309.19856512329187,
      309.40963189406426,
      309.62102347315135,
      309.8317217079482,
      310.0385609792085,
      310.2404986007584,
      310.43798507526674,
      310.6317987148152,
      310.82258682355877,
      311.0108824711402,
      311.1970080310416,
      311.3811444762076,
      311.5634041549609,
      311.7438676457771,
      311.92052609048255,
      312.09288975687105,
      312.26155131487246,
      312.4272817030412,
      312.59068763523936,
      312.7490124245646,
      312.90169061620884,
      313.04972685830444,
      313.19434724659527,
      313.3364966240061,
      313.4819556856191,
      313.63247246310283,
      313.7869379898139,
      313.9436951878634,
      314.10142877974755,
      314.25334918029176,
      314.39736438675925,
      314.53470656703024,
      314.66726301928674,
      314.7965433112048,
      314.9169619072603,
      315.0274194854849,
      315.13003691497124,
      315.22736758827443,
      315.3213633270435,
      315.4003355516834,
      315.4616749935458,
      315.5092732793731,
      315.54797461283187,
      315.5815010565392,
      315.5863253082453,
      315.55713786649073,
      315.5016701803772,
      315.429576917802,
      315.3482763788415,
      315.2626349638961,
      300.0,
      300.0000001271604,
      300.00000090755316,
      300.00000351947506,
      300.0000098641748,
      300.0000244191188,
      300.0000582276488,
      300.00013257169155,
      300.00027983427435,
      300.0005410732703,
      300.00096068050703,
      300.0015797224191,
      300.002430296512,
      300.0035325662059,
      300.00489464600184,
      300.0065151982975,
      300.0083876963585,
      300.0105045759502,
      300.0128598950918,
      300.0154501632214,
      300.0182755871059,
      300.0213426961635,
      300.02466670007215,
      300.0282716487034,
      300.03218801818207,
      300.0364506801508,
      300.0410989211361,
      300.04617704688906,
      300.0517335201325,
      300.0578180503349,
      300.0644811130696,
      300.0717776924497,
      300.07977160166126,
      300.08853613829143,
      300.0981499840411,
      300.10869748495224,
      300.12027696490173,
      300.1330097103542,
      300.1470410584142,
      300.1625315322476,
      300.179647301888,
      300.1985562447369,
      300.2194267712427,
      300.2424241836842,
      300.26770282392835,
      300.2953979254244,
      300.32562057409393,
      300.3584556734348,
      300.3939613056658,
      300.4321684104925,
      300.4730825749262,
      300.51668861613643,
      300.56295595608754,
      300.61184254181336,
      300.66329645723204,
      300.71725746660974,
      300.7736598606046,
      300.83243544574475,
      300.89351512646226,
      300.95682854938514,
      301.0223027622308,
      301.0898609932525,
      301.15942196094255,
      301.2308998085986,
      301.3042044313268,
      301.3792413045063,
      301.45591065038525,
      301.5341068043221,
      301.6137188506996,
      301.6946325296678,
      301.77673453305886,
      301.85991871846,
      301.9440915260124,
      302.02917443478,
      302.1151029055067,
      302.2018220740067,
      302.2892806684256,
      302.3774254673238,
      302.46619827518606,
      302.55553554720086,
      302.64536997905805,
      302.7356329830549,
      302.8262570109674,
      302.9171774048342,
      303.00833346423445,
      303.09966811206164,
      303.19112628446936,
      303.28265308009986,
      303.3741930493421,
      303.4656907156055,
      303.557090720513,
      303.64833683747327,
      303.73937074603987,
      303.8301321654593,
      303.9205604739563,
      304.0105992454576,
      304.1002031546486,
      304.18934381920565,
      304.2780119759163,
      304.3662153450933,
      304.45397143081976,
      304.54129703539525,
      304.62819867321565,
      304.7146678053001,
      304.800681332434,
      304.8862031358444,
      304.97118410398394,
      305.05556190641255,
      305.13926321987446,
      305.2222087225356,
      305.30431446684037,
      305.3854872596551,
      305.46561901529725,
      305.5445864351559,
      305.6222573485338,
      305.69849090690786,
      305.7731266072537,
      305.8459721231132,
      305.91680219116057,
      305.98537125045993,
      306.05143429106886
    ],
    "status": "success"
  }
}