{
  "final_status": "weak_pass",
  "final_lambda": 1.7199925460644103e-08,
  "final_reg_order": 0,
  "final_residual_norm": 15.173566276703289,
  "final_reg_norm": 191149.75041557688,
  "n_iterations": 1,
  "summary_notes": [
    "Completed in 1 iteration(s)"
  ],
  "final_config": {
    "parameterization_type": "piecewise_constant",
    "num_parameters": 24,
    "reg_order": 0,
    "lambda_strategy": "discrepancy",
    "lambda_value": 1.7199925460644103e-08,
    "lambda_grid": null,
    "max_retries": 8,
    "physical_bounds": [
      -500000.0,
      500000.0
    ],
    "planner_notes": [
      "num_parameters=24 (\u2248 N_t/5)",
      "reg_order=0 (default first-difference smoothness)",
      "noise_std provided \u2192 using discrepancy principle for lambda",
      "physical_bounds=(-500000.0, 500000.0) applied"
    ],
    "stop_tolerance": 0.001,
    "iteration_budget": 12,
    "skip_verifier": false
  },
  "final_result": {
    "estimated_x": [
      39681.11900086774,
      54678.51617225088,
      53715.25277662933,
      53111.82519811253,
      50831.230901397386,
      44764.490866590524,
      36991.97639498018,
      32590.021141035908,
      28864.05162206034,
      26195.312737421602,
      29204.369630874757,
      35543.800614363725,
      41183.74801108861,
      44720.15719528054,
      50644.90928802759,
      49113.61943152561,
      46395.41019757995,
      39950.71800768727,
      31882.982668858633,
      30347.604983503854,
      23583.983960786092,
      19933.338903881944,
      16070.886585363402,
      6554.974523928585
    ],
    "fitted_y": [
      300.0,
      300.05765184043,
      300.18808619240065,
      300.3761449452999,
      300.601575011079,
      300.8703736994273,
      301.177824786759,
      301.5117319570305,
      301.8605330913992,
      302.2159286626994,
      302.5712046887967,
      302.92276582463955,
      303.2690810001263,
      303.60956309707893,
      303.9440195090054,
      304.2715596072521,
      304.59203313783746,
      304.90580502345904,
      305.213350287734,
      305.5150946829172,
      305.80807819740323,
      306.0917269616867,
      306.3671673786873,
      306.6357902076833,
      306.8987089816566,
      307.1478988486813,
      307.3815944753053,
      307.60250263279187,
      307.81400819346317,
      308.01874950148715,
      308.207211085751,
      308.37757098502675,
      308.53352845153927,
      308.6795247817168,
      308.8189692524004,
      308.94772751542905,
      309.0655423800364,
      309.17497467196563,
      309.27881479874117,
      309.37915211095867,
      309.4719408483604,
      309.55660817942197,
      309.63509108162447,
      309.70959797675215,
      309.781791342829,
      309.84887494673166,
      309.91049123724264,
      309.9680491699719,
      310.0231335145139,
      310.0769272918178,
      310.134562979893,
      310.19764390792886,
      310.2652813162131,
      310.33608010832745,
      310.40891073631974,
      310.49221634454386,
      310.5879213249954,
      310.6932894727364,
      310.8048810180124,
      310.9200366890408,
      311.0451893495717,
      311.1813887855596,
      311.32580605648036,
      311.47515143871055,
      311.62693057202824,
      311.784647850603,
      311.9486438752189,
      312.11696261241406,
      312.28744273820297,
      312.4584726770455,
      312.6376197444312,
      312.8265137735959,
      313.02252622506376,
      313.22243057395207,
      313.42376563057763,
      313.6227058343845,
      313.8176958593397,
      314.0087539023071,
      314.19634360571473,
      314.3809076005649,
      314.5588243943623,
      314.72928802904465,
      314.89350255236315,
      315.05298057551164,
      315.20890395979825,
      315.3527081735166,
      315.4824520878756,
      315.6009308228763,
      315.71165322574666,
      315.81733325423824,
      315.90804929896973,
      315.9818525445894,
      316.04251829422583,
      316.0945894821199,
      316.14153777510415,
      316.18341373771756,
      316.2210436632522,
      316.25586581255845,
      316.2891699577056,
      316.32186206253516,
      316.3446845936341,
      316.3553943335787,
      316.35676214507987,
      316.35233550264536,
      316.3448454115399,
      316.33077160799405,
      316.3098089075762,
      316.28399017974067,
      316.2555413546202,
      316.22611074018863,
      316.1911406256206,
      316.14978549872205,
      316.1038750978864,
      316.05556746128696,
      316.00648485830357,
      315.9438412381557,
      315.86462451998875,
      315.7728150948042,
      315.6734490740937,
      315.57039254009396,
      315.46616654017305,
      300.0,
      300.0000224952031,
      300.0001605498418,
      300.0006226093906,
      300.00174501243765,
      300.00397499076837,
      300.007839417793,
      300.0139078338312,
      300.02275287651656,
      300.034912009675,
      300.05085502257515,
      300.0709613975377,
      300.0955090746323,
      300.1246743096926,
      300.1585396442079,
      300.197106591217,
      300.24030981566426,
      300.2880311355533,
      300.3401126703022,
      300.39636841124485,
      300.4565929079541,
      300.5205665260498,
      300.5880591060642,
      300.65883385995426,
      300.73265214158147,
      300.80927502046393,
      300.8884604652442,
      300.96995985941,
      301.0535181876929,
      301.1388788511406,
      301.22578679188155,
      301.31398678355055,
      301.40322050096154,
      301.49322745053564,
      301.5837509095246,
      301.67454431279936,
      301.7653744826586,
      301.85602291961425,
      301.9462873689839,
      302.0359847400812,
      302.1249524656887,
      302.2130467267122,
      302.3001393845549,
      302.38611622055896,
      302.4708773105411,
      302.5543372315361,
      302.6364235821265,
      302.7170748044223,
      302.7962389759752,
      302.87387410337675,
      302.9499509424036,
      303.0244578546992,
      303.09740461813726,
      303.16882306057647,
      303.238763931294,
      303.30729512163276,
      303.37450346404694,
      303.44049662661325,
      303.50540137534557,
      303.56935695116573,
      303.6325090776463,
      303.6950077750539,
      303.75700665992196,
      303.81866057513565,
      303.8801203429248,
      303.94152807040814,
      304.0030154340676,
      304.0647035191021,
      304.1267023526438,
      304.1891089991882,
      304.2520083919562,
      304.3154785140139,
      304.37959607460544,
      304.44443883592527,
      304.5100832730392,
      304.5765985009797,
      304.64403892414003,
      304.71243836610904,
      304.7818076687286,
      304.8521357193304,
      304.9233912857103,
      304.9955242214972,
      305.06846680281876,
      305.1421366557376,
      305.21644148647357,
      305.2912808763945,
      305.3665437393052,
      305.4421049879689,
      305.5178260937298,
      305.5935604928916,
      305.66915718599734,
      305.74445943371376,
      305.81930197843934,
      305.8935123012846,
      305.9669170152095,
      306.039350299928,
      306.110661219947,
      306.18071850640956,
      306.2494133948472,
      306.3166608261057,
      306.38239554264317,
      306.4465628567506,
      306.50910889327326,
      306.5699759086199,
      306.629103642088,
      306.68643268348853,
      306.741906529385,
      306.7954725114511,
      306.8470834714608,
      306.8967006686232,
      306.94429488450805,
      306.9898445872158,
      307.0333329089911,
      307.07474642058463,
      307.1140763059225,
      307.1513156074827,
      307.1864506474038,
      307.21945201589625,
      307.25027217451094,
      307.27885085673245,
      307.3051253062087
    ],
    "status": "success"
  }
}