{
  "final_status": "weak_pass",
  "final_lambda": 7.578693811968019e-10,
  "final_reg_order": 0,
  "final_residual_norm": 1.6452488451387952,
  "final_reg_norm": 199917.31949302886,
  "n_iterations": 1,
  "summary_notes": [
    "Completed in 1 iteration(s)"
  ],
  "final_config": {
    "parameterization_type": "piecewise_constant",
    "num_parameters": 24,
    "reg_order": 0,
    "lambda_strategy": "discrepancy",
    "lambda_value": 7.578693811968019e-10,
    "lambda_grid": null,
    "max_retries": 8,
    "physical_bounds": [
      -500000.0,
      500000.0
    ],
    "planner_notes": [
      "num_parameters=24 (\u2248 N_t/5)",
      "reg_order=0 (default first-difference smoothness)",
      "noise_std provided \u2192 using discrepancy principle for lambda",
      "physical_bounds=(-500000.0, 500000.0) applied"
    ],
    "stop_tolerance": 0.001,
    "iteration_budget": 12,
    "skip_verifier": false
  },
  "final_result": {
    "estimated_x": [
      1027.723588683726,
      -998.3122464470362,
      995.1530649120156,
      -3.927279236215292,
      1622.9378940842437,
      -3942.197213747552,
      6658.531838267979,
      34872.88916409801,
      50234.949004063026,
      50537.572142801415,
      48166.982656448,
      50550.06772129931,
      50372.260643100664,
      51484.95069030571,
      49685.28609674334,
      49173.350524286354,
      49208.683328895364,
      51446.636828281815,
      48572.87938035089,
      50408.181924345394,
      51141.08756188164,
      48921.719196647784,
      49989.33602370292,
      34370.74204901941
    ],
    "fitted_y": [
      300.0,
      300.0014931573966,
      300.0048713499394,
      300.0097419892077,
      300.0155805290987,
      300.0190343779904,
      300.01906073706095,
      300.0162660473701,
      300.0115831868611,
      300.0057580960157,
      300.00218432009666,
      300.0019318902369,
      300.0044278810615,
      300.00876872660194,
      300.01422955922374,
      300.01887538798013,
      300.02202404719355,
      300.02387394092153,
      300.02482428219685,
      300.0252060035745,
      300.02760563150946,
      300.0327830144359,
      300.0402020326213,
      300.0490844337614,
      300.05881474899616,
      300.0608994697723,
      300.0529636898912,
      300.03698067366906,
      300.0156999278091,
      299.9912828088497,
      299.9805637614657,
      299.9884753977366,
      300.01150843295403,
      300.0445767696149,
      300.0836547371816,
      300.1670596243121,
      300.303885447224,
      300.48234315338516,
      300.6874229357243,
      300.9075313646083,
      301.15735264968805,
      301.4380224543199,
      301.7408278810295,
      302.05624044035903,
      302.37716403163813,
      302.69944766222454,
      303.02041780894046,
      303.33832576011326,
      303.65209666319083,
      303.96112472610776,
      304.26166652664705,
      304.55271165178857,
      304.8351778619215,
      305.1103590746688,
      305.3793249952623,
      305.64631134627547,
      305.9127750973193,
      306.1782057485609,
      306.4416923618195,
      306.70253130636473,
      306.96004226353665,
      307.21394602379587,
      307.4642327874758,
      307.71099503918737,
      307.9543508660201,
      308.19603625102,
      308.43659032980696,
      308.67569756704967,
      308.9128943457748,
      309.1478371720745,
      309.3777133087153,
      309.6017451313802,
      309.82059604329766,
      310.035200428665,
      310.2463131679848,
      310.45371494575465,
      310.65756150169807,
      310.8582859982599,
      311.0563163907706,
      311.2519787881252,
      311.4455534185764,
      311.6372131563371,
      311.82705853095865,
      312.01515659763777,
      312.2015597584748,
      312.3895644218522,
      312.5800641235432,
      312.7722406017108,
      312.9649854196101,
      313.1574393773794,
      313.3448682250411,
      313.52583923669846,
      313.7012561339322,
      313.87247922589074,
      314.0405987121919,
      314.20901532337,
      314.3788952277489,
      314.54983007441393,
      314.7210687257543,
      314.8920009175372,
      315.0632887653127,
      315.2349674654965,
      315.40661530033015,
      315.57777911982487,
      315.7481258614612,
      315.91421963207677,
      316.07508976448224,
      316.231515257463,
      316.38459422610913,
      316.53519600874404,
      316.6854540231335,
      316.8361434041169,
      316.98708578995905,
      317.13788025892484,
      317.28819369344234,
      317.4151131383359,
      317.51254892926363,
      317.58638945038433,
      317.6445628791448,
      317.69326216127246,
      317.7365840241255,
      300.0,
      300.00000058261577,
      300.00000415817044,
      300.0000161253102,
      300.0000451950571,
      300.00010158176144,
      300.0001932682952,
      300.0003223228503,
      300.000483111425,
      300.0006628583257,
      300.00084495749854,
      300.0010141093464,
      300.00116100704304,
      300.0012847108047,
      300.0013923629903,
      300.00149651555836,
      300.0016111574516,
      300.0017480503438,
      300.0019145438863,
      300.00211309381615,
      300.00234293128193,
      300.0026033393396,
      300.0028968248531,
      300.0032307086627,
      300.00361681255504,
      300.0040666980227,
      300.004582894624,
      300.00515082657984,
      300.00573581366126,
      300.0062859991285,
      300.00674511459226,
      300.00707304002685,
      300.00726432468326,
      300.00735596637963,
      300.0074228753807,
      300.00758122704286,
      300.0080076473554,
      300.00895797907816,
      300.0107670393963,
      300.01382540088383,
      300.018551246091,
      300.0253712017689,
      300.03470804500967,
      300.0469677072697,
      300.06252258215284,
      300.08169419381386,
      300.10473961068817,
      300.13184417981284,
      300.1631208815278,
      300.19861486654696,
      300.23831007635096,
      300.28213602293437,
      300.32997509986535,
      300.3816713187317,
      300.43704026225953,
      300.49588053851346,
      300.55798578536206,
      300.6231546948479,
      300.6911971302095,
      300.76193614938757,
      300.83520701030744,
      300.91085477618356,
      300.9887317799015,
      301.0686957568938,
      301.1506087960629,
      301.23433759990496,
      301.31975494170257,
      301.40674117681425,
      301.4951849566722,
      301.5849827664975,
      301.67603669385306,
      301.76825084860224,
      301.86152805607503,
      301.95576848116394,
      302.0508702737625,
      302.14673132955863,
      302.24325114695904,
      302.3403323341634,
      302.43788195906035,
      302.5358125761127,
      302.6340430349755,
      302.7324990117952,
      302.831113106649,
      302.92982471594456,
      303.0285795409166,
      303.12733023385493,
      303.2260385097629,
      303.32467698074595,
      303.4232293446711,
      303.52168840384206,
      303.62005118597676,
      303.71831212103166,
      303.81645693714194,
      303.9144599469567,
      304.0122849098462,
      304.10988937955045,
      304.2072311205457,
      304.3042738191183,
      304.40099039156127,
      304.49736332602436,
      304.59338340286354,
      304.68904813843614,
      304.7843600798663,
      304.8793251848198,
      304.97395104389193,
      305.06824396931773,
      305.162205126951,
      305.2558271488571,
      305.3490931354023,
      305.4419780385515,
      305.53445219555783,
      305.6264860705283,
      305.7180542698795,
      305.8091379240903,
      305.8997250793397,
      305.9898008120339,
      306.079326816765,
      306.1682220990464,
      306.2563567763904,
      306.3435611855274,
      306.4296446832766
    ],
    "status": "success"
  }
}