{
  "final_status": "fail",
  "final_lambda": 5.667856529320733e-05,
  "final_reg_order": 2,
  "final_residual_norm": 1256.5387205696782,
  "final_reg_norm": 13260.965680883022,
  "n_iterations": 9,
  "summary_notes": [
    "Completed in 9 iteration(s)"
  ],
  "final_config": {
    "parameterization_type": "piecewise_constant",
    "num_parameters": 24,
    "reg_order": 2,
    "lambda_strategy": "fixed",
    "lambda_value": 5.667856529320733e-05,
    "lambda_grid": null,
    "max_retries": 8,
    "physical_bounds": [
      -500000.0,
      500000.0
    ],
    "planner_notes": [
      "num_parameters=24 (\u2248 N_t/5)",
      "reg_order=1 (default first-difference smoothness)",
      "noise_std provided \u2192 using discrepancy principle for lambda",
      "physical_bounds=(-500000.0, 500000.0) applied",
      "iter0: oscillatory solution \u2192 increase reg_order to 2",
      "iter1: lambda increased to 3.627e-09 (factor=5.0)",
      "iter2: lambda increased to 1.814e-08 (factor=5.0)",
      "iter3: lambda increased to 9.069e-08 (factor=5.0)",
      "iter4: lambda increased to 4.534e-07 (factor=5.0)",
      "iter5: lambda increased to 2.267e-06 (factor=5.0)",
      "iter6: lambda increased to 1.134e-05 (factor=5.0)",
      "iter7: lambda increased to 5.668e-05 (factor=5.0)"
    ],
    "stop_tolerance": 0.001,
    "iteration_budget": 12
  },
  "final_result": {
    "estimated_x": [
      500000.0,
      500000.0,
      500000.0,
      500000.0,
      495624.5059840708,
      478789.40110793064,
      462266.9503186177,
      445999.89803778275,
      429890.696811957,
      413816.1346055114,
      397643.19427601306,
      381244.381719123,
      364510.93198337476,
      347362.7951250544,
      329754.75095476926,
      311679.0623607189,
      293163.706231826,
      274266.3690728996,
      255064.9880974592,
      235646.09290647952,
      216092.2242319726,
      196470.39748096184,
      176824.36551580232,
      157174.07277027835
    ],
    "fitted_y": [
      300.0,
      300.4896710971054,
      301.69483264825175,
      303.5443266137018,
      305.8641094150658,
      308.4888136806478,
      311.2923024526842,
      314.18535301775194,
      317.10607542571915,
      320.01139916426956,
      322.8710885509966,
      325.6638358759166,
      328.3747406871953,
      330.99364377198907,
      333.5139783311063,
      335.93193483175855,
      338.2458302853708,
      340.45561429491283,
      342.562475990838,
      344.5685287776136,
      346.4722732681622,
      348.27498799712583,
      349.98085648792875,
      351.5951412971823,
      353.1231086077249,
      354.55319866089565,
      355.8823575518352,
      357.1171867080566,
      358.2674430471224,
      359.3423106228503,
      360.33321012289093,
      361.2387968328552,
      362.06639222394386,
      362.8258698172999,
      363.52618726744436,
      364.1585948258958,
      364.72133062793233,
      365.2210844063675,
      365.6670165211152,
      366.067364765139,
      366.41283768269045,
      366.7010796176976,
      366.93812561509014,
      367.1324782908735,
      367.2917513653148,
      367.40610506694327,
      367.47265586395156,
      367.4969262545361,
      367.4869308461156,
      367.449825285264,
      367.3752419548888,
      367.25984969572056,
      367.10880603940984,
      366.92980240195743,
      366.7296890603242,
      366.49758528268745,
      366.2297749989901,
      365.93117453936196,
      365.60929382393454,
      365.27080962935185,
      364.90433219619365,
      364.50580918496587,
      364.08001725258055,
      363.6343975974862,
      363.17555652678516,
      362.69160659343754,
      362.17819744928283,
      361.64004460493834,
      361.08460542751226,
      360.5184938528132,
      359.9293471244312,
      359.3125542770219,
      358.672823916008,
      358.01768773674246,
      357.3538200855261,
      356.6684232824696,
      355.95666066622846,
      355.2232690452179,
      354.47589082302466,
      353.7212900666966,
      352.9462875559197,
      352.14586053494367,
      351.32479255268936,
      350.49084652587715,
      349.6508889785578,
      348.79142597619676,
      347.907286816764,
      347.0033075724932,
      346.08736415152987,
      345.16641904045264,
      344.22674026466177,
      343.2630449033337,
      342.2802170152894,
      341.2862254397564,
      340.2881114996493,
      339.2719772069644,
      338.23246518796645,
      337.17449223196405,
      336.1060938260389,
      335.0343655924323,
      333.94531051832956,
      332.8335228989064,
      331.7039372989125,
      330.56462877589894,
      329.42272155912985,
      328.264167666715,
      327.0835337430549,
      325.8857606918448,
      324.67893410486727,
      323.4701883295994,
      322.24545270458634,
      320.99927765710277,
      319.7365981906928,
      318.4654971570169,
      317.19310327698065,
      315.90533366511954,
      314.59672706186745,
      313.27220756700376,
      311.9398474968358,
      310.60676485859136,
      309.2781123331588,
      300.0,
      299.84020442516635,
      299.24388184851057,
      297.9788675481078,
      295.9513558280082,
      293.2009348109021,
      289.84946993471766,
      286.0496577140096,
      281.9508411579191,
      277.6820803968449,
      273.34683268233806,
      269.02384422785184,
      264.7706516321485,
      260.627723930356,
      256.62232679793135,
      252.7717765449211,
      249.08603446685171,
      245.56970904261684,
      242.22357164296528,
      239.04568812385625,
      236.0322546096552,
      233.17820835177653,
      230.47767435167293,
      227.92428855503067,
      225.51143603437862,
      223.23241565685484,
      221.0805492451527,
      219.04925156101518,
      217.13208298500945,
      215.3227920890311,
      213.6153466790051,
      212.00395005036242,
      210.48304460632602,
      209.04731574501085,
      207.6916986285422,
      206.4113809292311,
      205.20179605508807,
      204.05861056001112,
      202.97771518048262,
      201.9552213702193,
      200.98745689100193,
      200.07095395561464,
      199.20243456907792,
      198.37879815245427,
      197.59711843152235,
      196.85463921751324,
      196.1487623816563,
      195.47703473496134,
      194.8371370670481,
      194.22688309333842,
      193.6442149241886,
      193.08719575016116,
      192.55399598854584,
      192.04288567032287,
      191.55223380224643,
      191.08050753196773,
      190.62626442114652,
      190.18814141625882,
      189.7648478342977,
      189.35516732405426,
      188.9579576808291,
      188.5721444776694,
      188.1967117403189,
      187.8306954224255,
      187.47318727490816,
      187.12333469319594,
      186.78033708510907,
      186.4434354441907,
      186.1119087740532,
      185.7850764483932,
      185.46230202474044,
      185.1429868921683,
      184.82656387885615,
      184.51249071034943,
      184.2002570827702,
      183.88938591103891,
      183.5794295816611,
      183.2699627919696,
      182.96057721136594,
      182.65088837244718,
      182.34053841867092,
      182.02919209323633,
      181.71653031989547,
      181.40224519995007,
      181.08604594738145,
      180.76766456747026,
      180.44685075655116,
      180.1233650042085,
      179.79697481631763,
      179.46746203867175,
      179.13462570212283,
      178.79828051684615,
      178.45824748677478,
      178.11435285670242,
      177.7664330192169,
      177.41433947569803,
      177.05793696000043,
      176.6970944764477,
      176.3316828565541,
      175.96158210352104,
      175.5866847076846,
      175.2068943639599,
      174.82211781658083,
      174.43226213988777,
      174.03724066047462,
      173.63697930955755,
      173.2314129580423,
      172.8204780522059,
      172.40411086810556,
      171.982251974213,
      171.55485332247764,
      171.1218751578368,
      170.68327798090536,
      170.23902052064412,
      169.7890656145678,
