{
  "final_status": "fail",
  "final_lambda": 1.0,
  "final_reg_order": 1,
  "final_residual_norm": 38.09493101204155,
  "final_reg_norm": 0.08348922219441479,
  "n_iterations": 1,
  "summary_notes": [
    "Completed in 1 iteration(s)"
  ],
  "final_config": {
    "parameterization_type": "piecewise_constant",
    "num_parameters": 24,
    "reg_order": 1,
    "lambda_strategy": "fixed",
    "lambda_value": 5.0,
    "lambda_grid": null,
    "max_retries": 1,
    "physical_bounds": null,
    "planner_notes": [
      "num_parameters=24 (\u2248 N_t/5)",
      "reg_order=1 (default first-difference smoothness)",
      "noise_std provided \u2192 using discrepancy principle for lambda",
      "lambda_value=1.0 supplied \u2192 strategy forced to 'fixed'",
      "iter0: lambda increased to 5.000e+00 (factor=5.0)"
    ],
    "stop_tolerance": 0.001,
    "iteration_budget": 1
  },
  "final_result": {
    "estimated_x": [
      30894.58436225534,
      30894.587686361334,
      30894.59527635085,
      30894.607052461462,
      30894.62280138305,
      30894.642141435535,
      30894.66456979116,
      30894.689276876,
      30894.715393363073,
      30894.74206437146,
      30894.768518136763,
      30894.794101903557,
      30894.81819544303,
      30894.84030747279,
      30894.860082271527,
      30894.877338858845,
      30894.891981594574,
      30894.903964024885,
      30894.913297877847,
      30894.920148358087,
      30894.924726330297,
      30894.927369985642,
      30894.928581232576,
      30894.9289113837
    ],
    "fitted_y": [
      300.0,
      300.044886074099,
      300.14643853008204,
      300.29285569655315,
      300.4683690984017,
      300.66068347569353,
      300.8616745671861,
      301.06630708880056,
      301.27153876580593,
      301.4755547910551,
      301.67728802677135,
      301.87612828210774,
      302.0717468404818,
      302.26398970772226,
      302.45281177563953,
      302.6382356293699,
      302.8203254314542,
      302.9991701767484,
      303.17487290462776,
      303.34754367884153,
      303.5172950691721,
      303.6842391450765,
      303.8484856572087,
      304.0101408476566,
      304.16930681430154,
      304.326081163338,
      304.4805568123112,
      304.63282199196425,
      304.7829603511764,
      304.931051094827,
      305.0771692168601,
      305.22138560445825,
      305.36376728480417,
      305.5043776302262,
      305.6432765652336,
      305.78052081873034,
      305.9161640345978,
      306.0502569593266,
      306.1828476379864,
      306.31398158312174,
      306.44370195702976,
      306.5720496505872,
      306.69906343258856,
      306.824780071032,
      306.94923448299716,
      307.0724598597826,
      307.19448771968314,
      307.31534802231636,
      307.4350692357797,
      307.5536784497569,
      307.67120150209365,
      307.7876629829215,
      307.9030863155258,
      308.01749381281024,
      308.1309067639983,
      308.243345526566,
      308.3548295343224,
      308.4653773270858,
      308.5750066259178,
      308.6837343774699,
      308.7915768384645,
      308.8985495612266,
      309.0046674422499,
      309.1099447385532,
      309.2143951292437,
      309.31803178304466,
      309.42086732956886,
      309.52291389503665,
      309.624183145512,
      309.72468627249793,
      309.8244341079675,
      309.92343706298016,
      310.0217051750484,
      310.11924811481924,
      310.2160752150438,
      310.31219550464584,
      310.40761771349867,
      310.5023502822266,
      310.59640137086257,
      310.6897788644201,
      310.78249043474256,
      310.8745435168578,
      310.96594532158446,
      311.0567028478664,
      311.1468228719524,
      311.23631201237157,
      311.3251767113554,
      311.41342322565197,
      311.5010576530476,
      311.58808592973116,
      311.67451383870355,
      311.76034704892373,
      311.8455910878497,
      311.9302513417644,
      312.0143330806456,
      312.0978414541544,
      312.1807815143299,
      312.26315821029885,
      312.34497637831555,
      312.4262407537862,
      312.50695598500073,
      312.5871266423502,
      312.6667572194585,
      312.74585210252997,
      312.82441561172345,
      312.9024519892181,
      312.97996541516534,
      313.0569600153393,
      313.1334398205378,
      313.20940881104116,
      313.2848709025779,
      313.3598299607058,
      313.43428980634206,
      313.50825418133286,
      313.5817267943569,
      313.6547112757441,
      313.7272112433159,
      313.79923026555434,
      313.8707718407016,
      313.94183944598893,
      314.0124364884583,
      300.0,
      300.00001751412174,
      300.00012499951504,
      300.0004847458647,
      300.00135861677603,
      300.00308819470195,
      300.00605630186067,
      300.0106450316765,
      300.01720125265155,
      300.02601431574703,
      300.0373057264434,
      300.0512282824731,
      300.0678712246249,
      300.08726877867565,
      300.10940978086336,
      300.1342472225803,
      300.1617068783611,
      300.19169469753973,
      300.22410297712963,
      300.2588152368972,
      300.295710110994,
      300.33466428073837,
      300.3755546961577,
      300.41826020218605,
      300.46266272581283,
      300.50864805229617,
      300.5561063590399,
      300.60493252292963,
      300.6550262941915,
      300.70629235257627,
      300.7586402441301,
      300.811984309199,
      300.8662435191174,
      300.9213413409847,
      300.9772055374491,
      301.03376799459585,
      301.09096449189855,
      301.1487345459331,
      301.2070212031527,
      301.2657708502075,
      301.3249330383201,
      301.38446031470227,
      301.444308045196,
      301.5044342685142,
      301.56479954519574,
      301.6253668083227,
      301.68610123532903,
      301.7469701092771,
      301.8079427099783,
      301.8689902138768,
      301.9300855482791,
      301.9912033334087,
      302.05231974017073,
      302.11341244800644,
      302.1744605342409,
      302.23544438626584,
      302.296345654131,
      302.3571471311388,
      302.4178327573587,
      302.4783875037076,
      302.5387973087193,
      302.59904905923395,
      302.6591304973339,
      302.719030206297,
      302.77873755087546,
      302.83824260704057,
      302.8975361637458,
      302.95660963161833,
      303.01545507105936,
      303.0740651114507,
      303.13243290021853,
      303.1905521291815,
      303.2484169502657,
      303.30602199306855,
      303.3633623139209,
      303.4204333572452,
      303.47723096258534,
      303.5337513136868,
      303.58999095079264,
      303.6459467372682,
      303.7016158104237,
      303.75699560083575,
      303.8120838025008,
      303.8668783658127,
      303.92137749228766,
      303.9755795643136,
      304.02948320135044,
      304.083087198471,
      304.13639055094933,
      304.18939244371876,
      304.24209217585326,
      304.2944892431097,
      304.34658324836846,
      304.3983739543204,
      304.4498612606328,
      304.50104514950596,
      304.55192574187197,
      304.60250323593306,
      304.6527779563357,
      304.7027503208009,
      304.7524207997311,
      304.8017899776767,
      304.8508584778238,
      304.8996270287297,
      304.9480964221737,
      304.9962674850575,
      305.04414112155393,
      305.09171827271643,
      305.13899993755456,
      305.1859871870827,
      305.2326810923169,
      305.2790827910097,
      305.32519342969783,
      305.3710142146314,
      305.41654640299333,
      305.4617912273849,
      305.5067499959267,
      305.5514239956707,
      305.59581456987166,
      305.63992309515737,
      305.6837509253318
    ],
    "status": "success"
  }
}