{
  "final_status": "fail",
  "final_lambda": 1.0,
  "final_reg_order": 1,
  "final_residual_norm": 36.19130465906332,
  "final_reg_norm": 0.08433677944973404,
  "n_iterations": 1,
  "summary_notes": [
    "Completed in 1 iteration(s)"
  ],
  "final_config": {
    "parameterization_type": "piecewise_constant",
    "num_parameters": 24,
    "reg_order": 1,
    "lambda_strategy": "fixed",
    "lambda_value": 5.0,
    "lambda_grid": null,
    "max_retries": 1,
    "physical_bounds": null,
    "planner_notes": [
      "num_parameters=24 (\u2248 N_t/5)",
      "reg_order=1 (default first-difference smoothness)",
      "noise_std provided \u2192 using discrepancy principle for lambda",
      "lambda_value=1.0 supplied \u2192 strategy forced to 'fixed'",
      "iter0: lambda increased to 5.000e+00 (factor=5.0)"
    ],
    "stop_tolerance": 0.001,
    "iteration_budget": 1
  },
  "final_result": {
    "estimated_x": [
      30819.5524305119,
      30819.55581502924,
      30819.563528607905,
      30819.575499884395,
      30819.591502925345,
      30819.61113887011,
      30819.633857244433,
      30819.65886178539,
      30819.685256985293,
      30819.712166547135,
      30819.73881517029,
      30819.764548321094,
      30819.788784568642,
      30819.811059937485,
      30819.83102841108,
      30819.8484796275,
      30819.863293041017,
      30819.875419366766,
      30819.884885225543,
      30819.891841590288,
      30819.896511418265,
      30819.899232904416,
      30819.90048095287,
      30819.900812019834
    ],
    "fitted_y": [
      300.0,
      300.04477706182655,
      300.14608288309665,
      300.2921444544669,
      300.46723159683154,
      300.65907891115893,
      300.8595818671671,
      301.063717409661,
      301.26845065247545,
      301.4719711959557,
      301.6732144942105,
      301.8715718383721,
      302.06671531013234,
      302.25849128924045,
      302.44685477699954,
      302.63182830398114,
      302.8134758769596,
      302.9918862745543,
      303.1671622857719,
      303.33941370696215,
      303.50875283487886,
      303.675291466876,
      303.83913908692807,
      304.00040167893656,
      304.15918109269967,
      304.3155746977787,
      304.46967518613644,
      304.62157057407495,
      304.77134430712846,
      304.9190753976701,
      305.0648386579162,
      305.2087048029633,
      305.3507406970437,
      305.4910095583818,
      305.62957116580446,
      305.7664821108653,
      305.9017959072425,
      306.0355631780116,
      306.16783185135716,
      306.2986473291382,
      306.4280526692252,
      306.5560886632572,
      306.6827939857086,
      306.8082053150883,
      306.9323574835295,
      307.05528360206836,
      307.1770151125129,
      307.2975819015721,
      307.4170123680328,
      307.5353335356591,
      307.65257117984,
      307.76874983103664,
      307.88389285552137,
      307.99802251186185,
      308.1111600374684,
      308.223325740614,
      308.33453900795,
      308.44481833416535,
      308.55418139716465,
      308.6626451023537,
      308.7702256672098,
      308.8769386063317,
      308.9827987799407,
      309.0878204103201,
      309.1920171432728,
      309.2954021158034,
      309.39798792690476,
      309.4997866732482,
      309.60080999244695,
      309.70106904873546,
      309.8005746480748,
      309.8993371762994,
      309.9973666464343,
      310.0946727055081,
      310.1912646635071,
      310.2871515277075,
      310.3823420068341,
      310.4768445209013,
      310.5706672099933,
      310.6638179398759,
      310.75630436399734,
      310.84813389937057,
      310.9393137392029,
      311.029850865325,
      311.1197520374427,
      311.2090238582081,
      311.29767275424103,
      311.3857049670111,
      311.47312657939887,
      311.55994351310466,
      311.6461615372643,
      311.7317863071019,
      311.81682333657875,
      311.9012779988111,
      311.98515555091484,
      312.06846113018275,
      312.1511997764085,
      312.23337642664046,
      312.3149959053201,
      312.3960629363029,
      312.47658215670856,
      312.5565581258501,
      312.63599532639006,
      312.7148981338244,
      312.7932708577786,
      312.87111773022605,
      312.9484429211842,
      313.0252505463682,
      313.101544626741,
      313.1773291328831,
      313.2526079710502,
      313.3273849974163,
      313.4016640235986,
      313.4754487823337,
      313.54874297327814,
      313.6215502179388,
      313.69387412534746,
      313.76571825531806,
      313.83708609759645,
      313.9079811209702,
      313.9784067242087,
      300.0,
      300.00001747158615,
      300.00012469593577,
      300.0004835685898,
      300.00135531718024,
      300.00308069457793,
      300.00604159326275,
      300.01061917869055,
      300.01715947694396,
      300.02595113625483,
      300.03721512414654,
      300.05110386726165,
      300.0677063896562,
      300.08705683398676,
      300.10914406360627,
      300.13392118407626,
      300.16131415020106,
      300.1912291397331,
      300.22355871126103,
      300.2581866674438,
      300.2949919371906,
      300.3338515013208,
      300.37464260871013,
      300.4172443985393,
      300.46153908455943,
      300.50741272941985,
      300.5547557772487,
      300.60346336024264,
      300.6534354721036,
      300.704577024086,
      300.75679778192085,
      300.8100122939955,
      300.86413972843843,
      300.91910373822463,
      300.9748322614452,
      301.0312573496139,
      301.08831493817644,
      301.14594469060535,
      301.20408979167695,
      301.2626967582527,
      301.32171526408007,
      301.3810979716196,
      301.4408003551165,
      301.5007805551951,
      301.560999228181,
      301.6214193971806,
      301.6820063242009,
      301.74272737176364,
      301.80355189428985,
      301.8644511382268,
      301.9253980966314,
      301.9863674513659,
      302.04733543120784,
      302.10827976980704,
      302.16917959530184,
      302.23001534271526,
      302.2907687066615,
      302.3514225222306,
      302.41196076849457,
      302.472368452869,
      302.53263154803597,
      302.5927369726808,
      302.652672498654,
      302.7124267369585,
      302.7719890781734,
      302.83134962236977,
      302.8904991808693,
      302.9494291851573,
      303.0081317149158,
      303.0665994174252,
      303.1248254567523,
      303.18280354003434,
      303.2405278333987,
      303.2979929794843,
      303.35519404662745,
      303.41212649031314,
      303.46878616018853,
      303.52516924926647,
      303.58127230619175,
      303.6370922019468,
      303.69262608079345,
      303.7478713795477,
      303.80282579780544,
      303.8574872909375,
      303.9118540648271,
      303.96592450578953,
      304.0196972366364,
      304.0731710553655,
      304.1263449596896,
      304.17921813652015,
      304.2317898866317,
      304.2840597070041,
      304.33602720148036,
      304.3876921333259,
      304.43905440244987,
      304.49011399109384,
      304.5408710198942,
      304.5913256865698,
      304.6414783149765,
      304.69132932181884,
      304.74087917635455,
      304.79012846171213,
      304.83907779956184,
      304.8877279166894,
      304.93607960294895,
      304.9841336832315,
      305.03189105951174,
      305.0793526705553,
      305.1265195129433,
      305.1733926550866,
      305.219973165398,
      305.26626217886457,
      305.31226083923593,
      305.3579703498303,
      305.4033919647749,
      305.44852691367504,
      305.49337650147163,
      305.53794201208814,
      305.5822247855143,
      305.62622619503185,
      305.669947591154
    ],
    "status": "success"
  }
}