{
  "final_status": "weak_pass",
  "final_lambda": 3.049641567444897e-07,
  "final_reg_order": 2,
  "final_residual_norm": 15.537922368174911,
  "final_reg_norm": 4530.953808492881,
  "n_iterations": 9,
  "summary_notes": [
    "Completed in 9 iteration(s)"
  ],
  "final_config": {
    "parameterization_type": "piecewise_constant",
    "num_parameters": 24,
    "reg_order": 2,
    "lambda_strategy": "fixed",
    "lambda_value": 3.049641567444897e-07,
    "lambda_grid": null,
    "max_retries": 8,
    "physical_bounds": null,
    "planner_notes": [
      "num_parameters=24 (\u2248 N_t/5)",
      "reg_order=1 (default first-difference smoothness)",
      "noise_std provided \u2192 using discrepancy principle for lambda",
      "iter0: oscillatory solution \u2192 increase reg_order to 2",
      "iter1: lambda decreased to 1.952e-07 (factor=2.0)",
      "iter2: lambda decreased to 9.759e-08 (factor=2.0)",
      "iter3: lambda increased to 4.879e-07 (factor=5.0)",
      "iter4: lambda decreased to 2.440e-07 (factor=2.0)",
      "iter5: lambda decreased to 1.220e-07 (factor=2.0)",
      "iter6: lambda decreased to 6.099e-08 (factor=2.0)",
      "iter7: lambda increased to 3.050e-07 (factor=5.0)"
    ],
    "stop_tolerance": 0.001,
    "iteration_budget": 12
  },
  "final_result": {
    "estimated_x": [
      1638.0047195530917,
      9670.630714590314,
      17539.27425771877,
      24795.323860215347,
      30886.51192324876,
      35361.88659309772,
      38122.77879592009,
      39376.64909561314,
      39755.873549099735,
      39964.25219770744,
      40416.16661622577,
      41132.38002251854,
      41811.72676735119,
      42194.62291133507,
      42222.96493762629,
      41950.35029140424,
      41218.29982041177,
      39552.60857349233,
      36408.31145460285,
      31569.47805438436,
      25193.474669727217,
      17790.71013750005,
      9987.22020312199,
      2139.32682340507
    ],
    "fitted_y": [
      300.0,
      300.0023798216657,
      300.00776404694716,
      300.01552696121377,
      300.0248325332586,
      300.04669930684344,
      300.0837594352832,
      300.1326775027436,
      300.1891923900262,
      300.2500110961812,
      300.32439690461723,
      300.4140086515878,
      300.51503210849813,
      300.62297113222394,
      300.73441435337406,
      300.857677276044,
      300.9941621658513,
      301.1402870613254,
      301.2918800166796,
      301.44579321725564,
      301.6088355530773,
      301.7820923828843,
      301.96251575683186,
      302.1465932818694,
      302.33169060621765,
      302.52261546674345,
      302.72006051913894,
      302.92173874972354,
      303.12505655559534,
      303.3280859851884,
      303.53361284953337,
      303.74197122749086,
      303.951711976918,
      304.1612299742581,
      304.3693502665961,
      304.5771642381294,
      304.78473847166754,
      304.9913855648968,
      305.1963808211541,
      305.39921448566514,
      305.60014077306636,
      305.79915824268403,
      305.9960710235013,
      306.1906916044292,
      306.38290841807276,
      306.5729827138889,
      306.76100047424177,
      306.94691789058777,
      307.1306810034683,
      307.3122680255252,
      307.49234587672504,
      307.67111918997904,
      307.84846053334115,
      308.02419115640924,
      308.19818602068256,
      308.37142232419745,
      308.5441543062995,
      308.71611723805256,
      308.886970533041,
      309.0564629963231,
      309.22543168272415,
      309.39405926843716,
      309.56205652384415,
      309.7290749899396,
      309.89485892338735,
      310.0598099283794,
      310.22399234558304,
      310.3872246295765,
      310.54930408367767,
      310.71008756450044,
      310.86953437890566,
      311.02761713191666,
      311.18431433563495,
      311.3396173589499,
      311.49353034717524,
      311.6456706201355,
      311.7959533696716,
      311.9445050745232,
      312.09148877462525,
      312.23703739956653,
      312.380183448184,
      312.5207162054514,
      312.6589655306084,
      312.7953436989472,
      312.9301732743299,
      313.06125309374846,
      313.18809042333095,
      313.31141439454285,
      313.4321371845958,
      313.5509646339249,
      313.663797509269,
      313.76973182782746,
      313.87015129725313,
      313.96677390826676,
      314.0609216291742,
      314.14643551628035,
      314.22201115758713,
      314.28982459035836,
      314.35254174903383,
      314.4122043626893,
      314.4608882029581,
      314.49698731444886,
      314.5234316301696,
      314.5437658093226,
      314.56069339105505,
      314.565225827855,
      314.555623042651,
      314.53535545509425,
      314.508572964866,
      314.4784282039164,
      314.4356361968001,
      314.3784722215546,
      314.3106526789423,
      314.2365787708037,
      314.15958150921523,
      314.0704189144521,
      313.96740677044846,
      313.8543041482745,
      313.7355413727387,
      313.6144621685208,
      313.49322664966917,
      300.0,
      300.0000009285838,
      300.0000066273684,
      300.00002570081546,
      300.00007203271167,
      300.0001682871606,
      300.00035360092386,
      300.0006904259412,
      300.0012652377115,
      300.0021821910163,
      300.0035570229862,
      300.0055156375159,
      300.00819428228084,
      300.0117366988,
      300.0162868865241,
      300.02198369541395,
      300.02896073376894,
      300.0373483642794,
      300.04727317678015,
      300.05885341627624,
      300.07219562713897,
      300.0873955832741,
      300.10454092566965,
      300.1237116929055,
      300.14497746967714,
      300.1683951302469,
      300.19400970588447,
      300.2218566153743,
      300.2519625386039,
      300.2843439301813,
      300.3190057413106,
      300.35594209964825,
      300.39513797916254,
      300.4365702230954,
      300.48020723764853,
      300.5260086239,
      300.573925714658,
      300.62390271597565,
      300.67587771978316,
      300.72978323222446,
      300.78554660927284,
      300.84309077869807,
      300.9023351583774,
      300.96319660577683,
      301.0255902041638,
      301.0894300425958,
      301.15463008884313,
      301.2211050069296,
      301.28877085017854,
      301.35754550121663,
      301.4273491816182,
      301.49810519163856,
      301.56974052639754,
      301.64218618959586,
      301.7153769980791,
      301.78925152657473,
      301.8637524709082,
      301.93882697042443,
      302.01442658756486,
      302.0905066543018,
      302.167025707056,
      302.24394538639825,
      302.3212304100491,
      302.3988483709299,
      302.47676907508963,
      302.55496388994504,
      302.6334054460164,
      302.71206744135793,
      302.7909245109023,
      302.86995189284795,
      302.9491250651511,
      303.0284195227537,
      303.10781058754964,
      303.18727344484773,
      303.26678319143235,
      303.3463147879826,
      303.42584294453127,
      303.5053419337129,
      303.5847857210679,
      303.66414825797926,
      303.74340348970486,
      303.8225249848348,
      303.901485425817,
      303.9802566635304,
      304.05881027799046,
      304.13711751486954,
      304.21514826906827,
      304.2928698723848,
      304.3702470322628,
      304.44724301384247,
      304.52381979243916,
      304.59993635021976,
      304.6755466350324,
      304.750599508229,
      304.82504100755637,
      304.89881525054227,
      304.97186240064076,
      305.0441160067031,
      305.1155031121698,
      305.1859477558371,
      305.25537285058795,
      305.3236980932507,
      305.39083684781895,
      305.4566963718548,
      305.5211822945387,
      305.5842013735835,
      305.6456595470563,
      305.7054585742526,
      305.7634962468958,
      305.8196713253345,
      305.8738867642606,
      305.9260479059873,
      305.9760589809301,
      306.0238231361701,
      306.0692472595579,
      306.1122451005093,
      306.15273529309997,
      306.1906375798616,
