{
  "final_status": "weak_pass",
  "final_lambda": 6.628368844588692e-09,
  "final_reg_order": 1,
  "final_residual_norm": 3.882173402593386,
  "final_reg_norm": 41368.57525129502,
  "n_iterations": 1,
  "summary_notes": [
    "Completed in 1 iteration(s)"
  ],
  "final_config": {
    "parameterization_type": "piecewise_constant",
    "num_parameters": 6,
    "reg_order": 1,
    "lambda_strategy": "discrepancy",
    "lambda_value": 6.628368844588692e-09,
    "lambda_grid": null,
    "max_retries": 8,
    "physical_bounds": [
      -500000.0,
      500000.0
    ],
    "planner_notes": [
      "num_parameters=6 (\u2248 N_t/5)",
      "reg_order=1 (default first-difference smoothness)",
      "noise_std provided \u2192 using discrepancy principle for lambda",
      "physical_bounds=(-500000.0, 500000.0) applied"
    ],
    "stop_tolerance": 0.001,
    "iteration_budget": 12,
    "skip_verifier": false
  },
  "final_result": {
    "estimated_x": [
      21665.65405538353,
      39691.911689010405,
      57999.84845962524,
      41974.033394172875,
      19270.798654053964,
      2568.4368727275114
    ],
    "fitted_y": [
      300.0,
      300.3702667981422,
      300.88464317149084,
      301.41715814968234,
      301.92893901448394,
      302.7199761558962,
      303.6028431941334,
      304.47556482442747,
      305.3088029095899,
      306.09850727866336,
      307.16043215501554,
      308.3076996363727,
      309.43790901633673,
      310.5217176536061,
      311.5552427513297,
      312.26768074604604,
      312.8307561482308,
      313.3418969986512,
      313.8335543465014,
      314.3148302606445,
      314.39980240392504,
      314.325569091388,
      314.2237778037651,
      314.13477577831617,
      314.0667254051634,
      313.7332034187776,
      313.3054738607344,
      312.87746151002045,
      312.4763528657727,
      312.1060773451243,
      311.7642013848778,
      300.0,
      300.00717465719333,
      300.0312313701508,
      300.07849360546186,
      300.1505393405579,
      300.2515558471028,
      300.38622882560617,
      300.55602170681897,
      300.75866444970814,
      300.98955221347796,
      301.249316194695,
      301.5408668452753,
      301.86484739345946,
      302.218620014748,
      302.5974168696469,
      302.99043102919455,
      303.38516861860336,
      303.7722578336233,
      304.14658302123354,
      304.5062352009833,
      304.8436132932163,
      305.14929974189806,
      305.417706350759,
      305.64823678096445,
      305.843728267677,
      306.00305413785094,
      306.1234438916967,
      306.2044058878369,
      306.2485349295273,
      306.2604057906309,
      306.24527221819693
    ],
    "status": "success"
  }
}