{
  "final_status": "weak_pass",
  "solver_name": "tikhonov",
  "final_lambda": 7.843811652585776e-08,
  "final_reg_order": 1,
  "final_residual_norm": 4.659673198169198,
  "final_reg_norm": 15349.746519108381,
  "n_iterations": 1,
  "summary_notes": [
    "Completed in 1 iteration(s)"
  ],
  "final_config": {
    "parameterization_type": "piecewise_constant",
    "num_parameters": 24,
    "reg_order": 1,
    "lambda_strategy": "discrepancy",
    "lambda_value": 7.843811652585776e-08,
    "lambda_grid": null,
    "max_retries": 8,
    "physical_bounds": [
      -500000.0,
      500000.0
    ],
    "planner_notes": [
      "num_parameters=24 (\u2248 N_t/5)",
      "reg_order=1 (default first-difference smoothness)",
      "noise_std provided \u2192 using discrepancy principle for lambda",
      "physical_bounds=(-500000.0, 500000.0) applied"
    ],
    "stop_tolerance": 0.001,
    "iteration_budget": 12,
    "skip_verifier": false,
    "solver_name": "tikhonov"
  },
  "final_result": {
    "estimated_x": [
      49917.250384815,
      50169.50090169218,
      50539.307182973316,
      50828.78504062064,
      50869.64551554935,
      50443.618643097034,
      49350.05838080749,
      47337.65593013427,
      44154.627827751305,
      39851.82692166816,
      34580.72212556015,
      28646.532103392874,
      22520.53291269559,
      16790.13193851139,
      11561.226481080676,
      7048.765662048481,
      3548.898709102364,
      1233.514052417266,
      -81.66288842900175,
      -771.123264730658,
      -1203.425127110179,
      -1541.4977163308963,
      -1790.7691905348715,
      -1886.975822147637
    ],
    "fitted_y": [
      300.0,
      300.04889220956807,
      300.16925578223777,
      300.35409002536585,
      300.5862375467542,
      300.84980169291566,
      301.13282224815885,
      301.42700300372024,
      301.72680637168764,
      302.02860324559913,
      302.3303987234204,
      302.6308396289207,
      302.9289037306482,
      303.2238571930119,
      303.5152158361187,
      303.80297149456675,
      304.087101007021,
      304.3675042243732,
      304.6440857797744,
      304.91679844364785,
      305.18568622127066,
      305.450811210237,
      305.71223826697326,
      305.97004077983974,
      306.224302804842,
      306.474699480177,
      306.7211354511039,
      306.96376986488247,
      307.20284842571766,
      307.4386066517845,
      307.67017178618306,
      307.8972119439006,
      308.1200159594062,
      308.3390753794075,
      308.55484530805205,
      308.7657100903136,
      308.97102323545073,
      309.1712627879248,
      309.36726923487345,
      309.5598102450183,
      309.7463499427112,
      309.92586127487397,
      310.0990791906334,
      310.26730145896437,
      310.43170459608115,
      310.58895341549965,
      310.7377121555071,
      310.87899814125427,
      311.0145705325769,
      311.14601254331325,
      311.2693352441704,
      311.38296057406467,
      311.4881655929376,
      311.5871179068809,
      311.6817578456387,
      311.76770459725304,
      311.8432504070815,
      311.9098723794202,
      311.97003056489007,
      312.02591637372825,
      312.07314005880517,
      312.1100236503213,
      312.13814273707993,
      312.1600647085803,
      312.1780646861485,
      312.18819569772904,
      312.18899108558026,
      312.18198728784023,
      312.1696213461673,
      312.1540391970708,
      312.1316837643926,
      312.10124143259105,
      312.0641251505604,
      312.02256059466686,
      311.9785019831026,
      311.92894949129334,
      311.8728116908438,
      311.8113304549321,
      311.7464358499652,
      311.67981523579436,
      311.60926154353757,
      311.53400346451593,
      311.45504756309214,
      311.3739129427173,
      311.29191666754576,
      311.20773736779523,
      311.12095124399576,
      311.03227345097457,
      310.94273334402664,
      310.8532104659753,
      310.76304069615736,
      310.67203301232234,
      310.5806174791497,
      310.4893855120482,
      310.39883244891985,
      310.30862631952044,
      310.21866927275033,
      310.12917966123234,
      310.040454430777,
      309.9527365186914,
      309.8657636998918,
      309.7794328202451,
      309.69384810347634,
      309.60916946906275,
      309.5255274429294,
      309.4426733169433,
      309.36049573748926,
      309.2790548267367,
      309.1984606033398,
      309.1188043716731,
      309.0398985832181,
      308.9616570871341,
      308.88412026505836,
      308.8073654153086,
      308.731456184941,
      308.65633659263324,
      308.58197941667805,
      308.50839901961774,
      308.4356193233926,
      308.3636561198753,
      308.2925137518909,
      300.0,
      300.0000187783578,
      300.00013825842547,
      300.00055101910004,
      300.00158246395426,
      300.0036761925566,
      300.0073514269687,
      300.0131496467337,
      300.02158570888196,
      300.03311179179184,
      300.04809664422663,
      300.0668180981047,
      300.0894654319095,
      300.1161475303584,
      300.14690393278846,
      300.18171677690896,
      300.22052236593174,
      300.2632217719999,
      300.3096898403672,
      300.3597826648874,
      300.41334357885415,
      300.47020782489943,
      300.5302063269725,
      300.59316857269545,
      300.65892481862056,
      300.7273076462969,
      300.7981528166346,
      300.87129979984485,
      300.9465922522595,
      301.02387855276896,
      301.1030120888386,
      301.1838508466749,
      301.26625682365955,
      301.3500958861398,
      301.43523807365364,
      301.52155779519666,
      301.6089329811309,
      301.69724394719816,
      301.78637304084305,
      301.876205321977,
      301.96662895317877,
      302.05753416556405,
      302.1488117048584,
      302.2403523779733,
      302.33204823732314,
      302.42379355652395,
      302.5154838241288,
      302.6070140282209,
      302.6982782513768,
      302.78917138900596,
      302.8795906487368,
      302.96943461510455,
      303.0586013206795,
      303.14698787744703,
      303.23449250318623,
      303.3210164587175,
      303.40646321183823,
      303.49073639275093,
      303.57373939837976,
      303.65537759242784,
      303.7355605154092,
      303.81420123867184,
      303.89121438437047,
      303.9665156739928,
      304.0400241036517,
      304.11166421406006,
      304.1813657025941,
      304.24906164424095,
      304.31468805101895,
      304.3781857079393,
      304.43950207827703,
      304.4985906857184,
      304.55540926792776,
      304.6099191108081,
      304.66208639413014,
      304.7118837765126,
      304.7592898523733,
      304.8042874813964,
      304.84686309846484,
      304.88700776140956,
      304.9247184962769,
      304.95999799312125,
      304.99285334818796,
      305.02329550112876,
      305.0513399017187,
      305.07700746141944,
      305.1003244353093,
      305.1213215552294,
      305.14003351997553,
      305.1564992121428,
      305.1707620615506,
      305.18286984971934,
      305.1928739588086,
      305.20082885509447,
      305.2067919045829,
      305.21082326228236,
      305.21298549613914,
      305.21334294855825,
      305.2119611926925,
      305.20890673776586,
      305.2042467325823,
      305.19804854698526,
      305.1903792390503,
      305.1813051043051,
      305.1708915298601,
      305.1592027624595,
      305.1463016917499,
      305.13224948866804,
      305.1171054011828,
      305.10092680135114,
      305.08376911040546,
      305.06568583189227,
      305.04672841171293,
      305.02694618637497,
      305.00638655705427,
      304.9850950353971,
      304.9631154053937,
      304.9404897871064,
      304.9172586423473,
      304.8934609474384,
      304.86913419900026
    ],
    "status": "success"
  }
}