{
  "final_status": "weak_pass",
  "final_lambda": 1.894673452992005e-08,
  "final_reg_order": 2,
  "final_residual_norm": 2.014729580727923,
  "final_reg_norm": 10734.916540489221,
  "n_iterations": 4,
  "summary_notes": [
    "Completed in 4 iteration(s)"
  ],
  "final_config": {
    "parameterization_type": "piecewise_constant",
    "num_parameters": 24,
    "reg_order": 2,
    "lambda_strategy": "fixed",
    "lambda_value": 1.894673452992005e-08,
    "lambda_grid": null,
    "max_retries": 8,
    "physical_bounds": [
      -500000.0,
      500000.0
    ],
    "planner_notes": [
      "num_parameters=24 (\u2248 N_t/5)",
      "reg_order=1 (default first-difference smoothness)",
      "noise_std provided \u2192 using discrepancy principle for lambda",
      "physical_bounds=(-500000.0, 500000.0) applied",
      "iter0: oscillatory solution \u2192 increase reg_order to 2",
      "iter1: lambda increased to 3.789e-09 (factor=5.0)",
      "iter2: lambda increased to 1.895e-08 (factor=5.0)"
    ],
    "stop_tolerance": 0.001,
    "iteration_budget": 12
  },
  "final_result": {
    "estimated_x": [
      1966.1242409655824,
      -145.90941426470818,
      -2032.2568960408921,
      -2983.324292623259,
      -1453.4811632901412,
      4404.273427202814,
      15316.689856291065,
      29096.59469136177,
      41465.05879982334,
      49326.78324878118,
      52487.31413282806,
      52632.41070644701,
      51560.30944447836,
      50419.813605999174,
      49670.29594838672,
      49425.274836553384,
      49574.07335245559,
      49871.93330180841,
      50082.19424040648,
      50156.71704255682,
      50048.95824210615,
      49818.807468726496,
      49647.70427245764,
      49572.79519048244
    ],
    "fitted_y": [
      300.0,
      300.0028565394289,
      300.0093193143637,
      300.0186372691522,
      300.02980690166595,
      300.03897721614,
      300.0448258536026,
      300.04783916306076,
      300.04890150856136,
      300.04873793212386,
      300.04509528340157,
      300.03755967762123,
      300.02703875416773,
      300.0146095629337,
      300.00109290427906,
      299.98564619231877,
      299.96824077471877,
      299.94944190205337,
      299.9298554451736,
      299.9099305237798,
      299.8921799467372,
      299.8773631790487,
      299.86499881975914,
      299.8543639022752,
      299.8448798653051,
      299.8446684299783,
      299.85571695414984,
      299.8756339394571,
      299.9013327570736,
      299.93042012979333,
      299.97716945777404,
      300.04475976619403,
      300.1284269663407,
      300.2222440688323,
      300.32165625721353,
      300.44369156932066,
      300.5917579846527,
      300.7594834574258,
      300.9391816378267,
      301.1249928330224,
      301.3310573297497,
      301.5597439433789,
      301.8049341491041,
      302.0595087929686,
      302.31809720690524,
      302.5886392296257,
      302.872020930939,
      303.1640077049974,
      303.45989724832623,
      303.7562006768793,
      304.055282871678,
      304.35703013467975,
      304.65949765226395,
      304.960691607144,
      305.2591895870683,
      305.5543370363126,
      305.845718102815,
      306.1330563314688,
      306.41620867559726,
      306.69513899262586,
      306.9683261840079,
      307.2354427051512,
      307.4970049563516,
      307.75368035561917,
      308.00602157168794,
      308.252780658411,
      308.4938228824588,
      308.72981150006797,
      308.9615092257584,
      309.18951971682935,
      309.41318273106793,
      309.6325122321001,
      309.8480095729915,
      310.0602183026713,
      310.2695630000907,
      310.4759882226624,
      310.679610584989,
      310.880674342295,
      311.07941729044154,
      311.276025290785,
      311.47085126603474,
      311.66405329434383,
      311.85565236405847,
      312.04563498064715,
      312.23399414003524,
      312.42116867681875,
      312.6072881475421,
      312.7922606352793,
      312.9759590239999,
      313.1582909683696,
      313.33951012047544,
      313.51967435329703,
      313.69869968200476,
      313.8764862142274,
      314.0529640650374,
      314.2282035723182,
      314.4022181252594,
      314.57497865177385,
      314.7464551046937,
      314.91663075571967,
      315.0853451503253,
      315.25256221865243,
      315.4183336058645,
      315.58272791286976,
      315.74580327501593,
      315.90726970141907,
      316.0670733396847,
      316.22532902504565,
      316.3821766285753,
      316.5377271747754,
      316.6918100349182,
      316.84441352829157,
      316.99564068413304,
      317.14560653326413,
      317.29440060713864,
      317.4419765324401,
      317.5883485350186,
      317.7335752403989,
      317.8777168805988,
      318.02082023644056,
      318.1629187890959,
      300.0,
      300.00000111459457,
      300.00000795494026,
      300.0000308491152,
      300.00008646205896,
      300.00019533468947,
      300.000376876126,
      300.0006443086428,
      300.0010018051968,
      300.0014444280746,
      300.00195903422605,
      300.0025248017764,
      300.0031137891779,
      300.00369240492444,
      300.004223939414,
      300.0046710423128,
      300.0049973273386,
      300.0051682970082,
      300.005152130863,
      300.0049205894183,
      300.0044507770691,
      300.003727649904,
      300.00274601078297,
      300.00151085293817,
      300.00003592440675,
      299.9983444936644,
      299.99647363652093,
      299.99447841509385,
      299.99243195593664,
      299.9904205924478,
      299.9885422283753,
      299.98691146775127,
      299.9856655014693,
      299.9849635754091,
      299.9849783093491,
      299.9858900510913,
      299.987890008586,
      299.99118546601386,
      299.9959983115039,
      300.0025545041556,
      300.0110753831229,
      300.0217772868883,
      300.03487436627194,
      300.0505769829027,
      300.06908330179135,
      300.0905715918096,
      300.1151983457185,
      300.1430996182654,
      300.1743908970538,
      300.20916369469694,
      300.2474821862864,
      300.28938261097255,
      300.33487479392494,
      300.3839439843894,
      300.43655201491686,
      300.4926381489205,
      300.5521203455139,
      300.6148972499044,
      300.6808509146815,
      300.74984992981024,
      300.82175207007623,
      300.8964061784094,
      300.9736538357214,
      301.0533315748982,
      301.1352736763656,
      301.2193145392531,
      301.3052900876634,
      301.39303863121967,
      301.4824020078686,
      301.5732271120817,
      301.66536717400567,
      301.7586823617098,
      301.85303988805776,
      301.9483142364881,
      302.0443875304778,
      302.1411498733626,
      302.23849944011386,
      302.33634224847395,
      302.4345919210232,
      302.53316933606027,
      302.6320023692164,
      302.7310257324577,
      302.83018065549896,
      302.92941449860353,
      303.02868009008375,
      303.1279351611587,
      303.22714204598134,
      303.326267334245,
      303.42528151187963,
      303.5241583204725,
      303.62287416493075,
      303.7214077802814,
      303.8197398896877,
      303.91785297753376,
      304.01573089903104,
      304.113358518962,
      304.2107215441599,
      304.3078063127854,
      304.40459975513903,
      304.50108926846156,
      304.59726253949924,
      304.6931074347582,
      304.78861179106457,
      304.8837634561546,
      304.97855035772113,
      305.0729604992722,
      305.16698194697665,
      305.26060266031993,
      305.35381058832337,
      305.44659385251794,
      305.53894089375467,
      305.6308406475432,
      305.7222825067201,
      305.8132564518642,
      305.90375317316045,
      305.9937641381766,
      306.0832817408617,
      306.172299232139,
      306.26081077260665,
      306.34881141505036,
      306.43629704214504
    ],
    "status": "success"
  }
}