{
  "final_status": "fail",
  "final_lambda": 5.333987437795182e-07,
  "final_reg_order": 1,
  "final_residual_norm": 15.527235017069726,
  "final_reg_norm": 7701.341436414679,
  "n_iterations": 1,
  "summary_notes": [
    "Completed in 1 iteration(s)"
  ],
  "final_config": {
    "parameterization_type": "piecewise_constant",
    "num_parameters": 24,
    "reg_order": 1,
    "lambda_strategy": "fixed",
    "lambda_value": 2.666993718897591e-07,
    "lambda_grid": null,
    "max_retries": 1,
    "physical_bounds": [
      -500000.0,
      500000.0
    ],
    "planner_notes": [
      "num_parameters=24 (\u2248 N_t/5)",
      "reg_order=1 (default first-difference smoothness)",
      "noise_std provided \u2192 using discrepancy principle for lambda",
      "physical_bounds=(-500000.0, 500000.0) applied",
      "iter0: lambda decreased to 2.667e-07 (factor=2.0)"
    ],
    "stop_tolerance": 0.001,
    "iteration_budget": 1
  },
  "final_result": {
    "estimated_x": [
      18627.87347960678,
      19603.52362166086,
      21587.078953915498,
      24361.10211881624,
      27499.54918978575,
      30519.92687954423,
      33105.13648130967,
      35164.84122641171,
      36700.68137659675,
      37828.97359502623,
      38674.02155739991,
      39181.36106501749,
      39243.60074103044,
      38885.26929354756,
      38265.111990385805,
      37400.675397411665,
      36378.88983525256,
      35147.9007156655,
      33713.24356504863,
      32210.74802389568,
      30708.70079954913,
      29542.351765071664,
      28887.982096776595,
      28679.29922280029
    ],
    "fitted_y": [
      300.0,
      300.02706403489714,
      300.0882950351079,
      300.17657718903774,
      300.2824029028676,
      300.3997762540956,
      300.5241707449159,
      300.65217765750606,
      300.78146468696764,
      300.9105493130592,
      301.0414133999681,
      301.1742863607599,
      301.30811620880513,
      301.4417403851097,
      301.574308588535,
      301.7093238656251,
      301.8475489888852,
      301.9877777606379,
      302.1285385188981,
      302.268725836168,
      302.41220072866184,
      302.55975706463045,
      302.7099823446315,
      302.86117640902717,
      303.0120609830652,
      303.16621070665747,
      303.3243014435415,
      303.4849197138715,
      303.6463962528011,
      303.80748071439814,
      303.9711339399671,
      304.1378765864677,
      304.30646717956773,
      304.4754613901561,
      304.64378320819674,
      304.8137446273366,
      304.9857365639316,
      305.1587605753457,
      305.3316654303886,
      305.50359857253676,
      305.6762569492365,
      305.84992131475207,
      306.02384662326307,
      306.19717993096964,
      306.36929446179107,
      306.54144179033733,
      306.7138365548984,
      306.88594176801263,
      307.0571421477139,
      307.22698893384126,
      307.396436778917,
      307.56566104250277,
      307.73427224652846,
      307.90182092347357,
      308.0679813278489,
      308.23329560127746,
      308.39785615806534,
      308.561427670024,
      308.72374553915677,
      308.8846232871128,
      309.0440454808589,
      309.20198743034024,
      309.35841309510744,
      309.51330000442226,
      309.6666451550222,
      309.81794029604333,
      309.96707101117795,
      310.1142020361286,
      310.2595469923851,
      310.40328036075414,
      310.5446273960978,
      310.68344160656386,
      310.82002594659684,
      310.95474774035165,
      311.0878947999897,
      311.2184088320839,
      311.34609144002104,
      311.4713608924553,
      311.59471943970516,
      311.71655527886264,
      311.835644709812,
      311.9517656267461,
      312.0654155099839,
      312.17718555095473,
      312.2875289168702,
      312.3949579635206,
      312.4991929095076,
      312.60082184812217,
      312.7005465370364,
      312.79890309046664,
      312.89416023485853,
      312.985990525921,
      313.07507561442475,
      313.1622282822045,
      313.2480675908125,
      313.3308160868565,
      313.41015067278386,
      313.4867949750428,
      313.5616038276052,
      313.63522553510944,
      313.70590030782205,
      313.7733136374934,
      313.83819198683693,
      313.9013897018522,
      313.96355275172283,
      314.02340570741114,
      314.0807581517649,
      314.1362041463721,
      314.1904224492888,
      314.24392121134815,
      314.29607644197176,
      314.34683423354926,
      314.39655616733074,
      314.445636284205,
      314.49436387231384,
      314.54261784321847,
      314.59042403299077,
      314.63791864673857,
      314.6852347958137,
      314.7324642180972,
      314.7796597955361,
      300.0,
      300.0000105601305,
      300.0000753683922,
      300.0002922772655,
      300.00081917727437,
      300.00186257847434,
      300.0036555916228,
      300.0064337246215,
      300.0104143912809,
      300.0157828429761,
      300.0226858500627,
      300.0312322609135,
      300.0414972561814,
      300.0535274227738,
      300.06734495552666,
      300.08295248726375,
      300.1003391209698,
      300.1194860698936,
      300.1403701327071,
      300.1629644856942,
      300.1872395696763,
      300.21316546030073,
      300.24071438894214,
      300.2698614928747,
      300.30058331882014,
      300.3328566610657,
      300.36665929315654,
      300.4019712615402,
      300.438774906356,
      300.47705303157323,
      300.5167874597858,
      300.5579593654783,
      300.600550240501,
      300.6445419561349,
      300.6899153342123,
      300.73664907413934,
      300.78472007567694,
      300.83410438363785,
      300.8847774011014,
      300.9367129727837,
      300.98988268460545,
      301.04425622688854,
      301.0998021885159,
      301.1564883709852,
      301.2142812543938,
      301.2731456080164,
      301.3330448841153,
      301.39394190799914,
      301.45579921282814,
      301.5185787374262,
      301.58224159343496,
      301.6467484509751,
      301.7120600720248,
      301.77813761453575,
      301.8449423852034,
      301.9124355975727,
      301.98057849158573,
      302.049332554747,
      302.1186597120267,
      302.18852216917105,
      302.25888217961307,
      302.32970190664435,
      302.4009433368927,
      302.472568384261,
      302.54453900866275,
      302.61681717193034,
      302.6893646493856,
      302.76214278990034,
      302.83511266760274,
      302.9082354555389,
      302.9814726540388,
      303.05478599582136,
      303.12813717914,
      303.20148803437183,
      303.2748010413784,
      303.3480396069067,
      303.42116782177874,
      303.4941500116276,
      303.56695080355576,
      303.6395357106779,
      303.7118714649522,
      303.7839257527995,
      303.85566669852574,
      303.92706288731654,
      303.99808401220963,
      304.0687011633871,
      304.1388864185518,
      304.2086121099594,
      304.27785078711025,
      304.3465759378349,
      304.414762329977,
      304.4823855588543,
      304.5494212017462,
      304.6158447941412,
      304.6816326690651,
      304.7467624688111,
      304.8112127902534,
      304.87496241408263,
      304.9379903137828,
      305.0002765213198,
      305.0618026686463,
      305.1225516430784,
      305.18250678699076,
      305.2416518725676,
      305.2999719027742,
      305.3574537806154,
      305.41408629371466,
      305.46985965212934,
      305.5247654882963,
      305.57879743490315,
      305.6319516055243,
      305.68422673564794,
      305.73562389613215,
      305.7861464202446,
      305.83580002282883,
      305.8845928809702,
      305.9325356988632,
      305.97964142450843,
      306.0259250742939,
      306.07140349752984,
      306.11609511539876
    ],
    "status": "success"
  }
}