{
  "final_status": "weak_pass",
  "final_lambda": 2.6422094577264397e-09,
  "final_reg_order": 1,
  "final_residual_norm": 1.5685231175260232,
  "final_reg_norm": 31588.05018963913,
  "n_iterations": 1,
  "summary_notes": [
    "Completed in 1 iteration(s)"
  ],
  "final_config": {
    "parameterization_type": "piecewise_constant",
    "num_parameters": 24,
    "reg_order": 1,
    "lambda_strategy": "discrepancy",
    "lambda_value": 2.6422094577264397e-09,
    "lambda_grid": null,
    "max_retries": 8,
    "physical_bounds": [
      -500000.0,
      500000.0
    ],
    "planner_notes": [
      "num_parameters=24 (\u2248 N_t/5)",
      "reg_order=1 (default first-difference smoothness)",
      "noise_std provided \u2192 using discrepancy principle for lambda",
      "physical_bounds=(-500000.0, 500000.0) applied"
    ],
    "stop_tolerance": 0.001,
    "iteration_budget": 1,
    "skip_verifier": false
  },
  "final_result": {
    "estimated_x": [
      48484.97801480533,
      52524.698531344155,
      57926.24442478813,
      59133.931338345865,
      54743.388936035466,
      45628.94414340398,
      36167.55546819269,
      26909.902518323703,
      20998.17011083387,
      20307.253977758006,
      24760.273818770223,
      34023.851338219865,
      44763.516875376685,
      53936.35625678027,
      58719.48616233323,
      58706.778445387296,
      54236.46738675405,
      46167.59237983068,
      35801.979928522356,
      27249.056727604755,
      22177.534514291656,
      21234.79316853743,
      24231.764386656436,
      27159.138530073913
    ],
    "fitted_y": [
      300.0,
      300.0704427769716,
      300.229815971249,
      300.4595984151265,
      300.73504356532334,
      301.0427248468274,
      301.3714326733341,
      301.7117216658306,
      302.0567555204511,
      302.4020784323203,
      302.75280112765563,
      303.1093672298393,
      303.4687996846495,
      303.8278625950209,
      304.1841959588468,
      304.5380895995487,
      304.88918136708753,
      305.23659756147146,
      305.5795603042554,
      305.9175780788717,
      306.24403271641665,
      306.5571832794383,
      306.85874682544403,
      307.1510665796323,
      307.43602705290454,
      307.70169579815763,
      307.945475875531,
      308.1714457050028,
      308.38467729706286,
      308.5891072583856,
      308.7736247656566,
      308.93629978249925,
      309.0818047011913,
      309.2156423759334,
      309.34201513851673,
      309.4502505581635,
      309.5385576631377,
      309.6115420562285,
      309.6745833566669,
      309.73176581053866,
      309.77717758955873,
      309.8102181351244,
      309.8341404973414,
      309.85254990153356,
      309.86813815748764,
      309.88164249937967,
      309.89385533579707,
      309.90565681571104,
      309.91774484486126,
      309.93057454661414,
      309.95087689430136,
      309.98048078937273,
      310.0177343955141,
      310.0603644578091,
      310.10656884368416,
      310.1685884193805,
      310.2491734141864,
      310.34428584507776,
      310.44887370409384,
      310.55903449928695,
      310.6877871562986,
      310.83761124431123,
      311.00341403337944,
      311.1791102931337,
      311.3600589057056,
      311.5565415138105,
      311.7701749157188,
      311.99632410877723,
      312.2296392022035,
      312.4660844202885,
      312.70998525448164,
      312.9615659529584,
      313.2180580163013,
      313.47648447965696,
      313.7346534898651,
      313.9911514641369,
      314.2451491041031,
      314.49619192966986,
      314.74405138340376,
      314.9886334960745,
      315.223429951846,
      315.4467707575166,
      315.6604265206729,
      315.86675799851406,
      316.0676318989072,
      316.2525920598996,
      316.4193824313782,
      316.57161637230155,
      316.7137632752257,
      316.8492741454236,
      316.96538103629,
      317.0595724121411,
      317.1366993603732,
      317.20260389122905,
      317.26175410375646,
      317.3046635022612,
      317.32989391621317,
      317.34181620725633,
      317.3454551677383,
      317.3446023908487,
      317.3343597128882,
      317.31430526941836,
      317.2872724510029,
      317.256366006166,
      317.223888813729,
      317.18994774504876,
      317.1550660321837,
      317.12010612309115,
      317.08581757585426,
      317.0527019631542,
      317.02540179735786,
      317.0052020024065,
      316.9910081414012,
      316.981285506749,
      316.97480370206415,
      316.97497136765764,
      316.9823499191467,
      316.99545487480833,
      317.01254344930516,
      317.03227506938003,
      317.0537504422547,
      300.0,
      300.00002748610564,
      300.000196170263,
      300.00076074474146,
      300.00213216995405,
      300.0048488046494,
      300.0095209126545,
      300.01676935899854,
      300.02717274884725,
      300.0412298459662,
      300.05934139230055,
      300.0818098157603,
      300.1088488957999,
      300.1405959642049,
      300.1771221862883,
      300.2184413838642,
      300.26451837877323,
      300.3152770304599,
      300.37060768091203,
      300.43037346453724,
      300.49441339560315,
      300.5625418900778,
      300.634548228249,
      300.71019918822975,
      300.7892454974791,
      300.87142520773295,
      300.95646124743774,
      301.0440581307896,
      301.1339039129764,
      301.2256787567433,
      301.31906186598803,
      301.4137322734598,
      301.5093674236851,
      301.6056455715444,
      301.7022535306343,
      301.79889216905786,
      301.895275218837,
      301.99112585083867,
      302.0861767184426,
      302.1801754174419,
      302.2728896757706,
      302.36410837140056,
      302.4536402366028,
      302.541313800651,
      302.62697981723664,
      302.71051462759226,
      302.7918225611034,
      302.87083655815485,
      302.947517227192,
      303.02185077995995,
      303.093848680152,
      303.1635498590619,
      303.23102225831803,
      303.29636095131343,
      303.3596820956282,
      303.4211198497274,
      303.4808291982485,
      303.5389893866731,
      303.59580216334786,
      303.65148301209086,
      303.7062546497145,
      303.7603475766367,
      303.81400253838353,
      303.86746835639497,
      303.9209930888447,
      303.97481668964963,
      304.02917019666637,
      304.08427746574876,
      304.1403540758689,
      304.19760127910325,
      304.25620006364886,
      304.31630903692815,
      304.3780646465,
      304.44158125379687,
      304.50694967964125,
      304.57423502796297,
      304.6434751641652,
      304.7146806012776,
      304.7878361246971,
      304.8629037111893,
      304.9398236481565,
      305.0185131313997,
      305.09886504166707,
      305.18074996995233,
      305.26402207429635,
      305.34852239266144,
      305.4340771534725,
      305.520495076008,
      305.6075691855242,
      305.6950843106159,
      305.78282183124884,
      305.87055781631545,
      305.9580592076074,
      306.0450851478272,
      306.1313949659678,
      306.2167551119825,
      306.30094043653156,
      306.38373282017915,
      306.46492265477843,
      306.5443145650545,
      306.6217326111675,
      306.6970216858536,
      306.77004639947825,
      306.8406909081051,
      306.9088604898549,
      306.97448367297227,
      307.0375133426176,
      307.09792630239485,
      307.1557219105438,
      307.21092013499594,
      307.263560874098,
      307.3137051378687,
      307.36143564521984,
      307.4068551132695,
      307.4500816656915,
      307.49124425281843,
      307.53048015901885,
      307.5679330405037,
      307.6037503705007,
      307.6380793886754,
      307.67106244985683
    ],
    "status": "success"
  }
}