{
  "final_status": "weak_pass",
  "final_lambda": 5.996522204464461e-08,
  "final_reg_order": 1,
  "final_residual_norm": 15.51932016791311,
  "final_reg_norm": 21473.13219296056,
  "n_iterations": 1,
  "summary_notes": [
    "Completed in 1 iteration(s)"
  ],
  "final_config": {
    "parameterization_type": "piecewise_constant",
    "num_parameters": 24,
    "reg_order": 1,
    "lambda_strategy": "discrepancy",
    "lambda_value": 5.996522204464461e-08,
    "lambda_grid": null,
    "max_retries": 8,
    "physical_bounds": [
      -500000.0,
      500000.0
    ],
    "planner_notes": [
      "num_parameters=24 (\u2248 N_t/5)",
      "reg_order=1 (default first-difference smoothness)",
      "noise_std provided \u2192 using discrepancy principle for lambda",
      "physical_bounds=(-500000.0, 500000.0) applied"
    ],
    "stop_tolerance": 0.001,
    "iteration_budget": 12,
    "skip_verifier": false
  },
  "final_result": {
    "estimated_x": [
      56804.008235902824,
      56670.765741696494,
      56077.882303290295,
      53641.93402773316,
      48946.24188436765,
      42349.60044468066,
      35876.22386857254,
      29933.049553251156,
      26277.1890135977,
      26180.093030132768,
      29764.91918864829,
      36490.42556277059,
      43963.595099947095,
      49902.92687606891,
      52658.85472565388,
      52282.29936080809,
      49355.00457716212,
      44483.69903299951,
      38258.92288919814,
      32427.317019891205,
      27598.885306334458,
      24193.442257630057,
      22884.799411946635,
      22953.17493311241
    ],
    "fitted_y": [
      300.0,
      300.0825293162355,
      300.2692476898635,
      300.53845609974456,
      300.8611620020869,
      301.2145652502735,
      301.58367744673836,
      301.9592914191902,
      302.3358815301975,
      302.71016403292265,
      303.07935047773367,
      303.44211458508255,
      303.79809157059424,
      304.1473087343267,
      304.48992369933586,
      304.82259736780253,
      305.14461690998587,
      305.4571355393466,
      305.7616210403845,
      306.0592656174415,
      306.3441059477341,
      306.61496052281547,
      306.8740672777061,
      307.1241617160646,
      307.3673835611767,
      307.5956093245888,
      307.8072835502362,
      308.0055604855565,
      308.19423768967255,
      308.376243939976,
      308.54413187776413,
      308.69667908416665,
      308.8371441019529,
      308.96933083662896,
      309.09613908427553,
      309.2108502809265,
      309.31239794980786,
      309.40379010712513,
      309.4885118224208,
      309.56920432930673,
      309.6422864700729,
      309.7074327783796,
      309.7666824207285,
      309.82228091799266,
      309.87590194400434,
      309.92848585857985,
      309.980650735919,
      310.03281532282847,
      310.0852423241892,
      310.1380809002416,
      310.1966129636483,
      310.2622313356946,
      310.3335632873624,
      310.4087582646119,
      310.48635858134884,
      310.575156334623,
      310.6770925996559,
      310.7892052833732,
      310.9078115384375,
      311.0300724164489,
      311.1649690716095,
      311.3141814623924,
      311.47414123622275,
      311.6406021784857,
      311.8103306964945,
      311.98983737480665,
      312.18008148137795,
      312.3780122025007,
      312.5801391563612,
      312.7838369808489,
      312.99140718850214,
      313.2028664910388,
      313.41655733413376,
      313.6307328199492,
      313.84411709728533,
      314.05535757095197,
      314.26384076544645,
      314.46945504611983,
      314.6722686701086,
      314.8723871608676,
      315.0656601242823,
      315.25106488519697,
      315.42980559471874,
      315.6034566090199,
      315.7732587417679,
      315.9329764385811,
      316.08129797496247,
      316.22043778691324,
      316.3531163146631,
      316.4814324512916,
      316.59773729596816,
      316.70053573386923,
      316.7927505322337,
      316.87789724507365,
      316.9586648967976,
      317.0283511692663,
      317.085831450335,
      317.1339999221257,
      317.1762324207389,
      317.215085805391,
      317.24521419070516,
      317.2658006235353,
      317.2792989157945,
      317.2885270163867,
      317.2956040064007,
      317.296953994433,
      317.2921089932056,
      317.2828529901792,
      317.27119338928026,
      317.258624768285,
      317.24420164087985,
      317.2279923499345,
      317.21081543445166,
      317.1935048546773,
      317.17665516959767,
      317.16072793658446,
      317.1459473472096,
      317.1323812991454,
      317.1200256539869,
      317.10884636440693,
      317.0987965642921,
      300.0,
      300.000032202159,
      300.0002298290665,
      300.00089127297423,
      300.0024980066938,
      300.0056780017331,
      300.011134817684,
      300.0195702867454,
      300.03162104568366,
      300.0478176333751,
      300.06856533138335,
      300.0941420410716,
      300.1247072337212,
      300.1603175647506,
      300.200944997404,
      300.2464937130261,
      300.296813806548,
      300.35171275297466,
      300.4109663729167,
      300.4743295200451,
      300.541543587275,
      300.6123393875472,
      300.68643846971156,
      300.7635561737916,
      300.8434074481422,
      300.9257102765346,
      301.01018448450833,
      301.09654931051756,
      301.1845241628678,
      301.27383370634806,
      301.36421168819965,
      301.4554005046278,
      301.54714915926326,
      301.6392138407947,
      301.73136215573913,
      301.82337614350143,
      301.9150510271908,
      302.00619257805624,
      302.0966166127265,
      302.18615194886445,
      302.27464327276294,
      302.3619514388554,
      302.4479523180911,
      302.5325363978756,
      302.6156099080681,
      302.6970967174227,
      302.7769398803762,
      302.8551020924614,
      302.93156495519827,
      303.00632729051534,
      303.0794047846754,
      303.15083181406055,
      303.2206628346392,
      303.2889711922352,
      303.355844667463,
      303.4213830434497,
      303.4856999742283,
      303.5489253475068,
      303.61120404641844,
      303.6726896700673,
      303.73353980769525,
      303.79391627217296,
      303.85398672216763,
      303.9139231953907,
      303.9738960739695,
      304.0340688850061,
      304.0945974112398,
      304.15563056673903,
      304.2173097074858,
      304.2797648353572,
      304.34311081577556,
      304.4074459436262,
      304.4728519985623,
      304.53939451295844,
      304.60712230702484,
      304.6760665193217,
      304.7462398296089,
      304.81763648692856,
      304.8902336114879,
      304.9639935132594,
      305.0388649101414,
      305.11478247449566,
      305.1916663528361,
      305.2694236318546,
      305.3479521900186,
      305.42714296625337,
      305.5068792275319,
      305.5870350558576,
      305.66747649614933,
      305.74806603174284,
      305.8286653108952,
      305.90913397491744,
      305.98932717990976,
      306.06909629992555,
      306.14829357988657,
      306.2267757591992,
      306.30440392434593,
      306.38104177577833,
      306.4565562567742,
      306.5308213502209,
      306.6037209926609,
      306.67514869262334,
      306.74500554634,
      306.81320009502673,
      306.8796505978237,
      306.9442869202051,
      307.0070500675042,
      307.0678904919957,
      307.12676744192277,
      307.18365001115063,
      307.2385183139064,
      307.29136385122007,
      307.3421888712449,
      307.3910057647758,
      307.4378366118355,
      307.482712815602,
      307.5256748885681,
      307.56677160410004,
      307.6060590196435,
      307.64359903376044,
      307.67945778684805
    ],
    "status": "success"
  }
}