{
  "final_status": "weak_pass",
  "final_lambda": 1.1196592873688163e-07,
  "final_reg_order": 2,
  "final_residual_norm": 7.78814016627508,
  "final_reg_norm": 6551.146018111443,
  "n_iterations": 2,
  "summary_notes": [
    "Completed in 2 iteration(s)"
  ],
  "final_config": {
    "parameterization_type": "piecewise_constant",
    "num_parameters": 24,
    "reg_order": 2,
    "lambda_strategy": "discrepancy",
    "lambda_value": 1.1196592873688163e-07,
    "lambda_grid": null,
    "max_retries": 8,
    "physical_bounds": [
      -500000.0,
      500000.0
    ],
    "planner_notes": [
      "num_parameters=24 (\u2248 N_t/5)",
      "reg_order=1 (default first-difference smoothness)",
      "noise_std provided \u2192 using discrepancy principle for lambda",
      "physical_bounds=(-500000.0, 500000.0) applied",
      "iter0: oscillatory solution \u2192 increase reg_order to 2"
    ],
    "stop_tolerance": 0.001,
    "iteration_budget": 12
  },
  "final_result": {
    "estimated_x": [
      -1522.3140360655525,
      -1749.4751849916101,
      -1574.6885020845405,
      -293.1135843607323,
      2974.5158684863345,
      8873.084360275723,
      17368.600916429463,
      27258.3799383069,
      36786.51211489312,
      44489.56973169445,
      49714.82219050106,
      52559.64544867035,
      53437.908975864295,
      52948.149653609216,
      51765.80599337611,
      50568.11189392262,
      49777.66302602349,
      49449.3346507868,
      49389.73358815417,
      49422.82602823528,
      49361.17983836876,
      49172.822201301184,
      49000.652386835354,
      48897.102460908594
    ],
    "fitted_y": [
      300.0,
      299.9977882628288,
      299.9927843201531,
      299.98556969298664,
      299.9769213644636,
      299.96711513963317,
      299.95646471907446,
      299.94530498881164,
      299.9339017973628,
      299.9224349726868,
      299.9112707777393,
      299.9005429500346,
      299.89022328775314,
      299.8802435121482,
      299.8705441314749,
      299.86294452972044,
      299.85790414801755,
      299.8549129624191,
      299.85330184888977,
      299.85254914600665,
      299.8570558400504,
      299.8678509889597,
      299.88355312759825,
      299.9024128882365,
      299.92307983833916,
      299.95323401961934,
      299.9945735104644,
      300.04451236353214,
      300.0998419034263,
      300.15809873215295,
      300.23000905216134,
      300.3178162993734,
      300.41767902678623,
      300.5249113280912,
      300.63593255976747,
      300.76276947054816,
      300.9077570449378,
      301.0662642449697,
      301.23274922498194,
      301.40300067821977,
      301.58811918198955,
      301.79006587296897,
      302.0042172862259,
      302.22515024084475,
      302.4487705776749,
      302.68361916588805,
      302.93103107442926,
      303.18713482529876,
      303.4474838875022,
      303.70874926745273,
      303.9763863336511,
      304.25111416424136,
      304.5302164157368,
      304.81064529370826,
      305.09014606573635,
      305.37142682104854,
      305.65474438348815,
      305.93856569641866,
      306.22122582526464,
      306.50152021679867,
      306.77998845524945,
      307.0565631588173,
      307.3307188413827,
      307.6019460735302,
      307.86991074858093,
      308.1337305671065,
      308.3931613369611,
      308.64840307803223,
      308.8997600623895,
      309.1475047741627,
      309.39013804785947,
      309.6273843239864,
      309.8598405188988,
      310.08823504854246,
      310.31314925802985,
      310.53325440563987,
      310.74837891948744,
      310.95918260394205,
      311.16642649413114,
      311.370703475967,
      311.5712744631968,
      311.7681129126357,
      311.96170803545164,
      312.15259540544514,
      312.3411870089857,
      312.52728886989104,
      312.7109652255318,
      312.89247006041376,
      313.0720612124545,
      313.24993548463544,
      313.42614335837936,
      313.6007562992912,
      313.7738633243832,
      313.9455433860113,
      314.1158574462128,
      314.28489920916206,
      314.4527161376777,
      314.6193232864945,
      314.78472676393244,
      314.9489332425939,
      315.1118621506307,
      315.2735007735859,
      315.4338844592924,
      315.59305691578976,
      315.7510550066564,
      315.9076335363737,
      316.06274282471,
      316.2164727577772,
      316.36893469443896,
      316.5202170330778,
      316.6701314205017,
      316.8186543595182,
      316.96588101604834,
      317.1119207053367,
      317.25685842949514,
      317.40060239804416,
      317.54315260176867,
      317.68457566041496,
      317.8249437555898,
      317.96431262799877,
      318.1027210409914,
      300.0,
      299.99999913700094,
      299.999993840716,
      299.999976114408,
      299.99993305488863,
      299.9998477020887,
      299.99970065986207,
      299.9994719075326,
      299.9991424279166,
      299.9986954517697,
      299.99811734886066,
      299.99739819058664,
      299.99653194739295,
      299.99551628682417,
      299.9943520627303,
      299.9930433603952,
      299.99159834850553,
      299.99003010410934,
      299.98835651596414,
      299.9865990919554,
      299.98478295543384,
      299.98293889351015,
      299.9811055076579,
      299.9793292606519,
      299.97766191384966,
      299.97615975413896,
      299.97488651633165,
      299.9739167509421,
      299.97333574466984,
      299.9732350432194,
      299.973710201415,
      299.97486393454284,
      299.97681028597003,
      299.9796743010301,
      299.98358577420646,
      299.9886751518085,
      299.9950758574875,
      300.0029283089063,
      300.0123793496119,
      300.0235753197824,
      300.0366568840882,
      300.0517602454067,
      300.069020539837,
      300.0885714567181,
      300.1105392521172,
      300.13503795334157,
      300.1621699142385,
      300.19202858917976,
      300.22469878374176,
      300.26025277143066,
      300.298747041187,
      300.34022279967843,
      300.3847082929557,
      300.4322197826215,
      300.4827599724911,
      300.5363165873366,
      300.59286306192996,
      300.65236041901477,
      300.71475867763075,
      300.7799970273612,
      300.8480037631335,
      300.9186969171869,
      300.9919854694044,
      301.06777073640137,
      301.1459475497972,
      301.2264050120547,
      301.30902696715725,
      301.3936925645759,
      301.4802773847877,
      301.56865501229646,
      301.65869818197865,
      301.7502791333347,
      301.84326972195123,
      301.9375421948468,
      302.03297065691305,
      302.1294322635092,
      302.2268075831381,
      302.32498053287964,
      302.42383880483146,
      302.5232748260509,
      302.62318660409835,
      302.72347800019986,
      302.82405855889186,
      302.9248435737362,
      303.02575435916714,
      303.12671850624673,
      303.22766990104367,
      303.32854841365526,
      303.42929967126753,
      303.52987479420915,
      303.6302301475743,
      303.7303270979725,
      303.83013158384205,
      303.9296137706829,
      304.0287476016641,
      304.1275103831641,
      304.2258825038641,
      304.32384704469615,
      304.4213895148853,
      304.5184974863862,
      304.6151601991341,
      304.7113682693474,
      304.80711330942523,
      304.90238777309895,
      304.9971848091625,
      305.0914980598104,
      305.1853215005788,
      305.278649153622,
      305.3714750795176,
      305.4637934459927,
      305.5555985736582,
      305.64688502474354,
      305.7376475044523,
      305.827880961181,
      305.91758069875266,
      306.006742439933,
      306.09536245800683,
      306.18343750189246,
      306.27096486499835,
      306.3579424126226,
      306.4443685769571
    ],
    "status": "success"
  }
}