{
  "final_status": "fail",
  "final_lambda": 390625.0,
  "final_reg_order": 1,
  "final_residual_norm": 35.69065772947239,
  "final_reg_norm": 2.1747245977058545e-07,
  "n_iterations": 9,
  "summary_notes": [
    "Completed in 9 iteration(s)"
  ],
  "final_config": {
    "parameterization_type": "piecewise_constant",
    "num_parameters": 24,
    "reg_order": 1,
    "lambda_strategy": "fixed",
    "lambda_value": 390625.0,
    "lambda_grid": null,
    "max_retries": 8,
    "physical_bounds": [
      -500000.0,
      500000.0
    ],
    "planner_notes": [
      "num_parameters=24 (\u2248 N_t/5)",
      "reg_order=1 (default first-difference smoothness)",
      "noise_std provided \u2192 using discrepancy principle for lambda",
      "lambda_value=1.0 supplied \u2192 strategy forced to 'fixed'",
      "physical_bounds=(-500000.0, 500000.0) applied",
      "iter0: lambda increased to 5.000e+00 (factor=5.0)",
      "iter1: lambda increased to 2.500e+01 (factor=5.0)",
      "iter2: lambda increased to 1.250e+02 (factor=5.0)",
      "iter3: lambda increased to 6.250e+02 (factor=5.0)",
      "iter4: lambda increased to 3.125e+03 (factor=5.0)",
      "iter5: lambda increased to 1.562e+04 (factor=5.0)",
      "iter6: lambda increased to 7.812e+04 (factor=5.0)",
      "iter7: lambda increased to 3.906e+05 (factor=5.0)"
    ],
    "stop_tolerance": 0.001,
    "iteration_budget": 12
  },
  "final_result": {
    "estimated_x": [
      30700.316532298708,
      30700.316532307534,
      30700.316532327557,
      30700.316532358607,
      30700.316532400102,
      30700.316532450965,
      30700.31653250972,
      30700.316532574314,
      30700.316532642406,
      30700.316532711702,
      30700.316532780194,
      30700.316532846296,
      30700.31653290857,
      30700.31653296582,
      30700.31653301728,
      30700.316533062294,
      30700.31653310057,
      30700.316533131896,
      30700.316533156467,
      30700.316533174566,
      30700.316533186757,
      30700.31653319391,
      30700.316533197172,
      30700.316533198034
    ],
    "fitted_y": [
      300.0,
      300.0446038265663,
      300.1455177118853,
      300.2910141944959,
      300.46542395282864,
      300.65652903581264,
      300.85625626700613,
      301.05960202589574,
      301.26354316952416,
      301.466276303724,
      301.66674099088397,
      301.8643308747529,
      302.05871930895296,
      302.24975327168534,
      302.43738794152017,
      302.6216457466236,
      302.8025904428791,
      302.9803104707645,
      303.15490822815525,
      303.3264930916252,
      303.49517690359033,
      303.6610710248157,
      303.82428452299075,
      303.9849229808183,
      304.143087860794,
      304.2988761317533,
      304.4523801222811,
      304.60368751722245,
      304.75288145017277,
      304.9000406361066,
      305.04523957032035,
      305.18854868898234,
      305.33003460821277,
      305.4697603143013,
      305.60778536439443,
      305.7441661011444,
      305.8789558254751,
      306.01220497632823,
      306.1439613104102,
      306.2742700644869,
      306.4031740984836,
      306.5307140403282,
      306.6569284273059,
      306.78185381076554,
      306.9055248992188,
      307.02797464385077,
      307.14923435893235,
      307.2693338282722,
      307.3883013558247,
      307.5061638721421,
      307.6229470216299,
      307.7386752340963,
      307.853371798047,
      307.96705890082256,
      308.0797577088737,
      308.1914884218597,
      308.30227034594304,
      308.4121219164759,
      308.5210607573336,
      308.6291037193075,
      308.73626692896806,
      308.8425658357825,
      308.94801525399765,
      309.0526293643851,
      309.15642177008465,
      309.25940553150673,
      309.361593194254,
      309.4629968187882,
      309.5636280100972,
      309.6634978984986,
      309.7626172251503,
      309.8609963315799,
      309.95864520156704,
      310.0555734559084,
      310.15179037684914,
      310.2473049168085,
      310.3421257472428,
      310.4362612638808,
      310.52971958497864,
      310.62250855306485,
      310.7146357750782,
      310.8061086363282,
      310.8969343092208,
      310.98711975674877,
      311.0766717185306,
      311.1655967579285,
      311.2539012742644,
      311.34159149060395,
      311.4286734729528,
      311.5151531250213,
      311.6010361829891,
      311.6863282783293,
      311.7710349081415,
      311.85516142991605,
      311.9387130842214,
      312.0216949807422,
      312.10411213841775,
      312.1859694784608,
      312.2672718103971,
      312.3480238425362,
      312.4282301889512,
      312.50789539042097,
      312.5870239144295,
      312.665620122009,
      312.7436883078776,
      312.8212326847331,
      312.89825740593955,
      312.97476657250775,
      313.05076419121235,
      313.12625421821997,
      313.2012405433829,
      313.27572700769025,
      313.3497174085036,
      313.4232154646543,
      313.49622486181664,
      313.568749207135,
      313.640792095538,
      313.712357073091,
      313.7834476160551,
      313.85406717974996,
      313.92421914969077,
      300.0,
      300.0000174039914,
      300.0001242135072,
      300.00048169774055,
      300.0013500736758,
      300.00306877586354,
      300.0060182192952,
      300.01057809474094,
      300.0170930895355,
      300.02585073513984,
      300.03707114414334,
      300.0509061534146,
      300.06744444251177,
      300.0867200219021,
      300.10872179791545,
      300.1334030574217,
      300.1606900415614,
      300.1904892909176,
      300.22269377958065,
      300.2571877595764,
      300.29385062803226,
      300.33255984151197,
      300.37319312358136,
      300.415630080781,
      300.4597533823212,
      300.5054495314209,
      300.5526093958216,
      300.60112851318183,
      300.65090726384284,
      300.7018509266724,
      300.75386961624076,
      300.80687821127094,
      300.86079619234374,
      300.91554750752374,
      300.9710603734172,
      301.0272671041506,
      301.0841038827616,
      301.141510605884,
      301.19943067782435,
      301.25781082209056,
      301.3166009068802,
      301.37575377755036,
      301.43522508036096,
      301.494973117631,
      301.5549586976587,
      301.6151449863873,
      301.67549738001156,
      301.73598336711456,
      301.79657242047034,
      301.857235897573,
      301.91794689579194,
      301.9786801947838,
      302.03941211513796,
      302.1001204764944,
      302.16078448760106,
      302.2213846590589,
      302.28190275620364,
      302.3423216804381,
      302.40262547272266,
      302.46279919839776,
      302.5228288843601,
      302.58270149986606,
      302.6424048640413,
      302.7019276319195,
      302.7612592351087,
      302.820389811987,
      302.8793102094474,
      302.9380118921522,
      302.99648697045484,
      303.0547281201246,
      303.11272853173864,
      303.1704819368583,
      303.22798252426423,
      303.2852249574071,
      303.34220432379954,
      303.39891609662374,
      303.45535614171195,
      303.51152066693794,
      303.5674062344332,
      303.6230097274296,
      303.6783283013962,
      303.7333594032358,
      303.7881007416176,
      303.84255027999717,
      303.8967062313809,
      303.9505669885216,
      304.00413117976206,
      304.0573976079562,
      304.11036527490046,
      304.16303337086345,
      304.21540119954585,
      304.2674682601009,
      304.3192341581334,
      304.3706986580534,
      304.42186166038965,
      304.472723147691,
      304.52328324037006,
      304.57354213562445,
      304.62350015629966,
      304.67315771773207,
      304.7225152876114,
      304.77157344705967,
      304.8203328155912,
      304.86879411742706,
      304.9169581396123,
      304.96482570409415,
      305.0123977096048,
      305.0596750915237,
      305.1066588428189,
      305.15335002800816,
      305.1997497116092,
      305.2458590244538,
      305.2916791060995,
