{
  "final_status": "weak_pass",
  "solver_name": "tsvd",
  "final_lambda": 0.05,
  "final_reg_order": 2,
  "final_residual_norm": 13.805427461621916,
  "final_reg_norm": 31539.738552159626,
  "n_iterations": 3,
  "summary_notes": [
    "Completed in 3 iteration(s)"
  ],
  "final_config": {
    "parameterization_type": "piecewise_constant",
    "num_parameters": 24,
    "reg_order": 2,
    "lambda_strategy": "fixed",
    "lambda_value": 0.05,
    "lambda_grid": null,
    "max_retries": 6,
    "physical_bounds": null,
    "planner_notes": [
      "num_parameters=24 (\u2248 N_t/5)",
      "reg_order=1 (default first-difference smoothness)",
      "noise_std provided \u2192 using discrepancy principle for lambda",
      "lambda_strategy overridden to 'fixed' from config",
      "lambda_value=0.01 supplied \u2192 strategy forced to 'fixed'",
      "solver_name='tsvd' from config overrides",
      "iter0: oscillatory solution \u2192 increase reg_order to 2",
      "iter1: lambda increased to 5.000e-02 (factor=5.0)"
    ],
    "stop_tolerance": 0.001,
    "iteration_budget": 10,
    "skip_verifier": false,
    "solver_name": "tsvd"
  },
  "final_result": {
    "estimated_x": [
      38993.78410444952,
      56377.30350293327,
      63044.65776933639,
      61326.31211224147,
      54296.22857440724,
      47252.6776428133,
      38809.46970208385,
      27201.907427707785,
      17980.32350501076,
      17506.58287507181,
      24096.328738542732,
      32448.92124091153,
      41731.30541249877,
      52451.81340309415,
      60234.259641654055,
      60011.85227344368,
      52815.52115697421,
      42618.979397995274,
      31236.641915239063,
      22076.84189773624,
      21851.418608183416,
      29575.75380621754,
      30369.991061837158,
      13742.384566202647
    ],
    "fitted_y": [
      300.0,
      300.0566532264098,
      300.184828265033,
      300.3696295658569,
      300.5911548538773,
      300.8591417260161,
      301.16996454983257,
      301.51062753836885,
      301.8684183891798,
      302.2341283342938,
      302.6115260204708,
      302.9995503862777,
      303.3935278261183,
      303.7888398440457,
      304.18217562433324,
      304.56897046373206,
      304.94737851039383,
      305.3174253030619,
      305.6797009007134,
      306.0348104863336,
      306.3730385455751,
      306.692105101304,
      306.9950281259035,
      307.2856829866632,
      307.56712389925957,
      307.83120013886054,
      308.0765882452431,
      308.3068730760674,
      308.5262518967486,
      308.7379486072368,
      308.93185485381736,
      309.10613180244195,
      309.2648822682322,
      309.41298013584804,
      309.5541563667444,
      309.6740166587932,
      309.76968411760896,
      309.8465477624836,
      309.9111190593553,
      309.96837851850916,
      310.00820208508594,
      310.0290996375728,
      310.0358162573358,
      310.0337850235604,
      310.0270992242624,
      310.0177330642131,
      310.0071317611282,
      309.99643616955615,
      309.9864374317259,
      309.97762308966304,
      309.97983804562614,
      309.9957249733642,
      310.02280884281424,
      310.0577150470891,
      310.0977778823202,
      310.1533381081175,
      310.22643491732583,
      310.31315223809713,
      310.4087619306698,
      310.5096350000801,
      310.6268557110563,
      310.762459519306,
      310.9119758735574,
      311.07010082951444,
      311.2327940097583,
      311.412979679715,
      311.61310716275483,
      311.82809504917753,
      312.0518882760079,
      312.279883341503,
      312.520382303874,
      312.774513055382,
      313.0382127509109,
      313.30688126716393,
      313.57707506072603,
      313.8462501234843,
      314.11298436090874,
      314.376592257629,
      314.63676556843564,
      314.89338305630685,
      315.1359668535367,
      315.36180638841176,
      315.5737169088953,
      315.77545673623393,
      315.96998563707825,
      316.14448247794985,
      316.2963343366405,
      316.4302462281109,
      316.55194412084506,
      316.66583027795195,
      316.7582829816546,
      316.8267884839631,
      316.8768186404917,
      316.9148722021515,
      316.9459017939888,
      316.9598508811914,
      316.9552378994968,
      316.93677426844664,
      316.9098543440225,
      316.87854119843956,
      316.84514877796136,
      316.8112026006072,
      316.77773850891464,
      316.74541335745647,
      316.7146099728715,
      316.69675146931036,
      316.69486844171604,
      316.7060242177767,
      316.7262470235691,
      316.7524078144126,
      316.78355966121273,
      316.8186692323487,
      316.85659201619785,
      316.89638793146963,
      316.9373944671057,
      316.9550150415232,
      316.94262362118593,
      316.90638438854484,
      316.85465874224667,
      316.79397851791543,
      316.72865630965316,
      300.0,
      300.00002210555334,
      300.0001577688842,
      300.00061182488724,
      300.00171478627533,
      300.0039076380853,
      300.00771433324564,
      300.0137084451495,
      300.0224751192462,
      300.0345717643863,
      300.05049713410506,
      300.0706747198327,
      300.0954473477132,
      300.1250775380791,
      300.1597495553418,
      300.19957168099444,
      300.2445788842986,
      300.29473753108715,
      300.3499532911254,
      300.4100815020835,
      300.47493490858045,
      300.54428647423464,
      300.61787144042347,
      300.69539326424086,
      300.77653443665554,
      300.8609657893145,
      300.9483507522598,
      301.0383473955592,
      301.1306126879222,
      301.2248101952299,
      301.3206146382012,
      301.417710204245,
      301.515786843959,
      301.6145403230909,
      301.71367751883736,
      301.8129182754643,
      301.9119895030586,
      302.01061784641166,
      302.1085283568878,
      302.20545132581105,
      302.3011287384646,
      302.3953148882665,
      302.4877744639948,
      302.57828365169087,
      302.66663593609604,
      302.75265019210104,
      302.83617778513667,
      302.9171067675199,
      302.9953628744928,
      303.07090786887863,
      303.1437396988078,
      303.2138959745355,
      303.28145637748634,
      303.3465399402308,
      303.409296261706,
      303.4698981141314,
      303.52853934824947,
      303.5854341919221,
      303.64081311779086,
      303.69491353321433,
      303.74797322025836,
      303.8002305057259,
      303.8519265221419,
      303.9033038035219,
      303.95459927858127,
      304.00604020390404,
      304.05784755118884,
      304.11024128795304,
      304.16344087742874,
      304.2176587270989,
      304.2730940354241,
      304.32993191651315,
      304.3883448359862,
      304.448492022042,
      304.5105150862372,
      304.5745315088921,
      304.640628692168,
      304.70886037659193,
      304.77924628478274,
      304.85177446616905,
      304.92640133319964,
      305.0030480227543,
      305.0815973800276,
      305.16189641336035,
      305.24376505817304,
      305.3270026540475,
      305.41138816390895,
      305.4966787401229,
      305.58261330297626,
      305.66892267864813,
      305.75533676817685,
      305.8415840672115,
      305.9273884817227,
      306.01247110297965,
      306.09655878371774,
      306.179391339287,
      306.26072247885645,
      306.34031777343733,
      306.41795557660083,
      306.49343247836487,
      306.56657117012367,
      306.6372276486982,
      306.7052953920382,
      306.77070637302563,
      306.83342906090166,
      306.8934688907783,
      306.95087274642447,
      307.00573237913306,
      307.05818183591276,
      307.10838793786974,
      307.15653711508645,
      307.20282271304234,
      307.24743456779146,
      307.2905517340137,
      307.33233781428345,
      307.37292907506753,
      307.4124138308151,
      307.45081419652774,
      307.4880824207556,
      307.52411343235866,
      307.5587674873524
    ],
    "status": "success"
  }
}