{
  "final_status": "weak_pass",
  "final_lambda": 1.4150793782397743e-09,
  "final_reg_order": 2,
  "final_residual_norm": 1.5570696858590427,
  "final_reg_norm": 20384.067394519894,
  "n_iterations": 1,
  "summary_notes": [
    "Completed in 1 iteration(s)"
  ],
  "final_config": {
    "parameterization_type": "piecewise_constant",
    "num_parameters": 24,
    "reg_order": 2,
    "lambda_strategy": "discrepancy",
    "lambda_value": 1.4150793782397743e-09,
    "lambda_grid": null,
    "max_retries": 8,
    "physical_bounds": [
      -500000.0,
      500000.0
    ],
    "planner_notes": [
      "num_parameters=24 (\u2248 N_t/5)",
      "reg_order=2 (default first-difference smoothness)",
      "noise_std provided \u2192 using discrepancy principle for lambda",
      "physical_bounds=(-500000.0, 500000.0) applied"
    ],
    "stop_tolerance": 0.001,
    "iteration_budget": 12,
    "skip_verifier": false
  },
  "final_result": {
    "estimated_x": [
      -685.0526732012194,
      825.2751934063563,
      783.1335604266216,
      -606.018605851625,
      -2613.8248122296127,
      -1215.6972130876713,
      10473.085194614907,
      31678.639944889244,
      48106.103455872566,
      52692.80482553431,
      51295.64618839356,
      49782.150862497765,
      49334.75994913686,
      49498.8497699813,
      50177.98484095271,
      50143.11175187307,
      49892.42885136991,
      49451.02157781058,
      49367.35838571356,
      50142.66573797411,
      50110.819697049505,
      50101.62154131173,
      50328.89523158908,
      50356.72017468475
    ],
    "fitted_y": [
      300.0,
      299.99900470177266,
      299.9967528902376,
      299.9935062541892,
      299.9896144418345,
      299.98754440948454,
      299.98805220179804,
      299.99067252784647,
      299.99470198125965,
      299.99957973111935,
      300.0048710463474,
      300.010327231527,
      300.0158229474693,
      300.0212943978241,
      300.02670718553316,
      300.0300237918635,
      300.0307039006195,
      300.02927281344375,
      300.02643753335224,
      300.02275102637435,
      300.01566296920174,
      300.0046364939821,
      299.9905781862548,
      299.9745975104673,
      299.9575447130765,
      299.94200975588456,
      299.9288709552764,
      299.91780196449264,
      299.90821214170967,
      299.89961626551985,
      299.9086685524987,
      299.9396180937975,
      299.98786995307415,
      300.04737640253074,
      300.11343298345724,
      300.21374027944563,
      300.35445541155707,
      300.5263102902442,
      300.71778303046125,
      300.92002158836226,
      301.15107885146176,
      301.4136326266148,
      301.699256628847,
      301.99829973056546,
      302.30349692062885,
      302.61679471874896,
      302.93707006613533,
      303.2608840822303,
      303.5849392195849,
      303.9068986836989,
      304.2232865119913,
      304.53274844807675,
      304.83539392444567,
      305.1317552294052,
      305.42235464087304,
      305.7054148480508,
      305.9806923529905,
      306.24903814392286,
      306.51145745066384,
      306.7687582449036,
      307.0208747472481,
      307.26805435860007,
      307.51077619985847,
      307.74950629955487,
      307.98461455141523,
      308.2166181346387,
      308.44579222143784,
      308.67224223899245,
      308.89602283791174,
      309.1171868219635,
      309.33678145122394,
      309.5551319804585,
      309.7720476078643,
      309.98725018973283,
      310.2005363618347,
      310.4117414782871,
      310.62080352063845,
      310.82772812448303,
      311.0325496117233,
      311.2353121146798,
      311.4356983121395,
      311.63365975667784,
      311.82933858288624,
      312.0229078985175,
      312.21451115748965,
      312.4036150780375,
      312.5901326879033,
      312.7742961009357,
      312.9563825087943,
      313.1366117924736,
      313.31501743431033,
      313.49167468106845,
      313.6666913219569,
      313.840166109291,
      314.01217584457095,
      314.18390437340906,
      314.3556910096536,
      314.52727417105115,
      314.69828674007056,
      314.8684447382653,
      315.0375198326351,
      315.2053933679019,
      315.372019541223,
      315.5373862790446,
      315.7014957366286,
      315.86434310003654,
      316.0259366414813,
      316.18629340724726,
      316.345432558824,
      316.5033726494246,
      316.6604613293419,
      316.81680173588813,
      316.9723227288003,
      317.1269233258587,
      317.28052750198617,
      317.43312983565704,
      317.5847173704114,
      317.73527012925774,
      317.88477317626325,
      318.0332197866059,
      318.1806099721007,
      300.0,
      299.99999961164394,
      299.9999972282762,
      299.99998925130535,
      299.99996987420036,
      299.9999323789585,
      299.99987181927514,
      299.9997876560887,
      299.9996849995739,
      299.9995741328107,
      299.99946883476673,
      299.99938429820725,
      299.9993352797126,
      299.999334808434,
      299.9993934949555,
      299.9995185412519,
      299.99971217737607,
      299.9999703906322,
      300.0002828550564,
      300.00063419411424,
      300.0010049099774,
      300.00137112838286,
      300.0017041221296,
      300.0019708701755,
      300.0021359622239,
      300.0021650467344,
      300.0020291057705,
      300.00170795827677,
      300.0011917614964,
      300.0004803865195,
      299.9995879979678,
      299.99855465875714,
      299.99745714602324,
      299.9964107899732,
      299.9955606977738,
      299.9950784872966,
      299.99517174884704,
      299.99609483527126,
      299.99814719625334,
      300.00165597420585,
      300.0069587431743,
      300.0143967426604,
      300.0243130991239,
      300.0370465338918,
      300.0529174340248,
      300.07221274108264,
      300.09517565062833,
      300.12200063911064,
      300.15283163826604,
      300.18776163284224,
      300.2268327446396,
      300.27003703820327,
      300.3173191670827,
      300.3685816223334,
      300.4236921274881,
      300.48249119843325,
      300.5447985865179,
      300.61041882744877,
      300.6791466619809,
      300.7507724880599,
      300.8250871932707,
      300.9018859006943,
      300.9809705853652,
      301.06215192368467,
      301.14525056111574,
      301.2300979785252,
      301.31653706259726,
      301.4044222170391,
      301.49361908203747,
      301.584003825626,
      301.6754625994524,
      301.7678914015937,
      301.8611958731922,
      301.9552907442248,
      302.0500986658895,
      302.1455487534921,
      302.24157515877255,
      302.33811581955604,
      302.4351116763707,
      302.5325061234063,
      302.63024461083256,
      302.728274294981,
      302.8265437137296,
      302.9250028125875,
      303.0236030983958,
      303.12229770009094,
      303.22104121820183,
      303.3197894283342,
      303.4184993419399,
      303.51712947920265,
      303.6156402810556,
      303.71399454634957,
      303.81215762372966,
      303.9100976009573,
      304.0077853128221,
      304.10519471123354,
      304.20230376422234,
      304.29909511151607,
      304.3955561778466,
      304.49167842965824,
      304.5874561362986,
      304.68288514312326,
      304.77796171196593,
      304.872681853539,
      304.96704091281134,
      305.0610334072998,
      305.1546531634678,
      305.2478933924951,
      305.34074694340956,
      305.43320646687977,
      305.52526466005645,
      305.6169147711491,
      305.7081509012158,
      305.79896821726635,
      305.88936284698013,
      305.97933158207815,
      306.06887171123003,
      306.15798073962685,
      306.2466562879099,
      306.33489598013267,
      306.42269732071617
    ],
    "status": "success"
  }
}