{
  "final_status": "fail",
  "final_lambda": 4.388400196433951e-08,
  "final_reg_order": 1,
  "final_residual_norm": 7.805599891180797,
  "final_reg_norm": 19783.676746014484,
  "n_iterations": 1,
  "summary_notes": [
    "Completed in 1 iteration(s)"
  ],
  "final_config": {
    "parameterization_type": "piecewise_constant",
    "num_parameters": 24,
    "reg_order": 2,
    "lambda_strategy": "discrepancy",
    "lambda_value": 4.388400196433951e-08,
    "lambda_grid": null,
    "max_retries": 1,
    "physical_bounds": [
      -500000.0,
      500000.0
    ],
    "planner_notes": [
      "num_parameters=24 (\u2248 N_t/5)",
      "reg_order=1 (default first-difference smoothness)",
      "noise_std provided \u2192 using discrepancy principle for lambda",
      "physical_bounds=(-500000.0, 500000.0) applied",
      "iter0: oscillatory solution \u2192 increase reg_order to 2"
    ],
    "stop_tolerance": 0.001,
    "iteration_budget": 1
  },
  "final_result": {
    "estimated_x": [
      -1091.9864285482938,
      -1136.6683526860434,
      -707.980545343835,
      462.546140738689,
      3248.3286357935153,
      8520.804530918802,
      17235.52299026471,
      27552.110907083446,
      37053.46943231383,
      44126.74702496777,
      48611.38917591784,
      51348.25150158392,
      52541.44663569985,
      52490.8670935754,
      51535.131409458874,
      50543.90153085974,
      50048.73888136998,
      49981.277134955046,
      49855.964243620205,
      49867.1457194168,
      49637.46600482932,
      49104.902618968685,
      48900.595021146044,
      49057.59398800856
    ],
    "fitted_y": [
      300.0,
      299.9984134765119,
      299.99482404794355,
      299.98964885099593,
      299.98344523127423,
      299.97658285441446,
      299.96933183951484,
      299.9618872298918,
      299.9543793618706,
      299.9468901630549,
      299.94009193356044,
      299.93417698482665,
      299.9289975774733,
      299.9243429784715,
      299.9200457185246,
      299.9176937845193,
      299.9176618448948,
      299.9194576237224,
      299.9224549297494,
      299.9261691922804,
      299.934327466525,
      299.9477925630865,
      299.9653788886174,
      299.985591290723,
      300.007277207979,
      300.0373384975124,
      300.07731689254217,
      300.12491631764,
      300.1772787923822,
      300.23220925499146,
      300.3009288240036,
      300.3858737778385,
      300.4831849202547,
      300.58810374090683,
      300.69698530856476,
      300.822431764786,
      300.9669118602825,
      301.12561283187006,
      301.29276262095374,
      301.46397151166803,
      301.6501827339822,
      301.8532729087817,
      302.06858297576196,
      302.2906751935033,
      302.51544861081953,
      302.7505253378281,
      302.9969980021934,
      303.2512342846953,
      303.5091082790573,
      303.7675412408259,
      304.03107804404146,
      304.3002581253764,
      304.57271032041945,
      304.8458021723728,
      305.1175958375081,
      305.3908501651848,
      305.66590865107247,
      305.94135597842177,
      306.21562716285956,
      306.4875861486599,
      306.7582721814752,
      307.02776200351343,
      307.29542240634777,
      307.5605887410405,
      307.82280278298157,
      308.08173610555474,
      308.33725771714336,
      308.5893650345795,
      308.83811537051827,
      309.0835910263276,
      309.3244957858774,
      309.5605610447071,
      309.792247932684,
      310.0201386963707,
      310.24470548194085,
      310.4648480162778,
      310.6804290567075,
      310.89200257541046,
      311.1002080716195,
      311.305546754431,
      311.5076488575983,
      311.70656393551747,
      311.9026468206467,
      312.09626999752146,
      312.2877211777485,
      312.47710441666345,
      312.6645340729694,
      312.8501354684033,
      313.0340167973692,
      313.2162621557944,
      313.39675369386174,
      313.57549386598816,
      313.7525713844747,
      313.92808473591447,
      314.10211395339627,
      314.27473530563356,
      314.44599827438077,
      314.6159339548059,
      314.78456560700147,
      314.9519135204823,
      315.11766294922035,
      315.28174438884867,
      315.4442628889709,
      315.60535228428614,
      315.7651199157636,
      315.9228677696788,
      316.0784450145692,
      316.23209199971626,
      316.3841078462919,
      316.5347257743888,
      316.6838064540409,
      316.83137377273306,
      316.97757154201463,
      317.12254747854234,
      317.26641258216415,
      317.4094698645058,
      317.5518283591801,
      317.6934606810281,
      317.8343089574598,
      317.9743265583196,
      318.11348405702086,
      300.0,
      299.9999993809534,
      299.99999558182185,
      299.99998286638515,
      299.9999519789272,
      299.99989082069436,
      299.99978575582287,
      299.99962304430227,
      299.999390047146,
      299.99907604305236,
      299.99867289215604,
      299.9981756465632,
      299.99758290216346,
      299.99689666437575,
      299.99612174711547,
      299.99526556657594,
      299.9943386645171,
      299.99335527724736,
      299.9923331641818,
      299.99129252580815,
      299.9902559629662,
      299.98925021964664,
      299.98830805042354,
      299.9874683266359,
      299.9867739381669,
      299.98627136771466,
      299.98601357214517,
      299.9860632153472,
      299.98649275344667,
      299.9873805241861,
      299.9888094103339,
      299.99087101854377,
      299.99367065158015,
      299.99732734215127,
      300.00196750945685,
      300.0077207054742,
      300.0147219290239,
      300.0231156046039,
      300.03305471012163,
      300.04469323996597,
      300.0581802528328,
      300.073660319406,
      300.09127631535483,
      300.11116867125446,
      300.13346923269825,
      300.15829611788234,
      300.18575361688755,
      300.2159344057246,
      300.24891975863085,
      300.2847762186739,
      300.3235528379946,
      300.36528174542957,
      300.40998042055463,
      300.45765295783224,
      300.50828923159537,
      300.5618643938997,
      300.61834036335625,
      300.67766825810503,
      300.7397901240003,
      300.80463924354603,
      300.87214023833263,
      300.94220996033033,
      301.01475885463987,
      301.0896921960578,
      301.1669107965917,
      301.246311355063,
      301.3277867922095,
      301.41122674865426,
      301.4965184466046,
      301.5835477325372,
      301.6721996842992,
      301.76235861040607,
      301.8539079484874,
      301.9467308477227,
      302.0407114070423,
      302.1357357567225,
      302.2316924992632,
      302.3284728012529,
      302.425970907282,
      302.52408506739533,
      302.62271844307634,
      302.7217796291863,
      302.82118275995236,
      302.9208476783424,
      303.0207000907912,
      303.1206717149893,
      303.22070034568054,
      303.32072964339164,
      303.42070890117213,
      303.5205926261876,
      303.6203400127358,
      303.7199143911462,
      303.8192825738909,
      303.91841444002733,
      304.01728256827545,
      304.1158619923753,
      304.21413011597906,
      304.3120665145523,
      304.40965284889853,
      304.50687265819414,
      304.6037110030704,
      304.70015407303384,
      304.7961886894516,
      304.8918021447662,
      304.9869821888374,
      305.081716851392,
      305.1759940918244,
      305.26980130497765,
      305.3631253151919,
      305.45595271104895,
      305.54827029409876,
      305.64006555616027,
      305.7313268719453,
      305.8220437745882,
      305.9122071425898,
      306.00180940544317,
      306.0908449287614,
      306.17931013418234,
      306.2672035330799,
      306.3545254640275,
      306.44127764699294
    ],
    "status": "success"
  }
}