{
  "final_status": "weak_pass",
  "final_lambda": 2.090606650064445e-07,
  "final_reg_order": 1,
  "final_residual_norm": 15.507797953063983,
  "final_reg_norm": 16396.37108606935,
  "n_iterations": 1,
  "summary_notes": [
    "Completed in 1 iteration(s)"
  ],
  "final_config": {
    "parameterization_type": "piecewise_constant",
    "num_parameters": 24,
    "reg_order": 1,
    "lambda_strategy": "discrepancy",
    "lambda_value": 2.090606650064445e-07,
    "lambda_grid": null,
    "max_retries": 8,
    "physical_bounds": null,
    "planner_notes": [
      "num_parameters=24 (\u2248 N_t/5)",
      "reg_order=1 (default first-difference smoothness)",
      "noise_std provided \u2192 using discrepancy principle for lambda"
    ],
    "stop_tolerance": 0.001,
    "iteration_budget": 12
  },
  "final_result": {
    "estimated_x": [
      -453.41742187143484,
      117.88831513658079,
      1623.6972079546583,
      4105.903292180556,
      7768.797515537013,
      12734.350208233145,
      19159.966013454963,
      26210.127743691362,
      33065.40171230064,
      39089.69708681018,
      43978.11746583497,
      47772.27407164035,
      50322.54919669095,
      51658.81376269569,
      51965.91798622056,
      51747.291881250654,
      51398.10263463619,
      51044.49402705043,
      50598.55893463721,
      50220.70820258835,
      49803.69587449134,
      49353.92358412997,
      49148.11117220403,
      49179.65900501646
    ],
    "fitted_y": [
      300.0,
      299.9993412396245,
      299.9978508278347,
      299.9957019692077,
      299.99312608622336,
      299.9911336652998,
      299.99006178310634,
      299.98976610102414,
      299.9899996761066,
      299.9905617777454,
      299.9935055901202,
      299.9993211305326,
      300.0073817492585,
      300.01688758753954,
      300.02722029984,
      300.04157863610357,
      300.06065663700554,
      300.0833536700027,
      300.10831202588173,
      300.1344906383684,
      300.16652830223615,
      300.20540112586525,
      300.2494582512039,
      300.29668261857006,
      300.3455324319757,
      300.40221355675703,
      300.4680009957398,
      300.5406305435661,
      300.6173550359217,
      300.6960797265581,
      300.7847733675535,
      300.88505090718894,
      300.9939645673954,
      301.1079520578512,
      301.2243016079474,
      301.35149006556475,
      301.4911297290048,
      301.63989521383525,
      301.7938289574727,
      301.94993206645887,
      302.1162184286018,
      302.29412259410145,
      302.48033887950726,
      302.6709842397551,
      302.8631303463794,
      303.0636387647113,
      303.2736690199058,
      303.49026575390957,
      303.7099971587742,
      303.9302889237767,
      304.1565915390908,
      304.389785623174,
      304.62744882999175,
      304.8667939632796,
      305.10574246417497,
      305.3484841724294,
      305.59568966093906,
      305.8454830554332,
      306.09571536998527,
      306.3447932741447,
      306.59541836714124,
      306.8479848978206,
      307.101212203877,
      307.3536580588538,
      307.60426654879996,
      307.854326808565,
      308.10398592518334,
      308.3525554943195,
      308.59928763850814,
      308.84365150108874,
      309.08578208030696,
      309.32564146359607,
      309.5630559285467,
      309.7978715612417,
      310.03000360320556,
      310.2591108140316,
      310.48512757682045,
      310.7081801126084,
      310.92843670801767,
      311.14604825033456,
      311.36063185657866,
      311.5721575716142,
      311.7808470013605,
      311.9869561616261,
      312.1906942891201,
      312.391704029637,
      312.58996747659006,
      312.78571027816815,
      312.9791862815313,
      313.170598153797,
      313.3594450927613,
      313.54566316907164,
      313.7295017799435,
      313.91125018331525,
      314.0911361919226,
      314.268770903348,
      314.4441205094485,
      314.6174070685444,
      314.7888805797969,
      314.9587355123905,
      315.12650103903843,
      315.29210983659584,
      315.4557846707875,
      315.61778409494593,
      315.77830859245677,
      315.93684174376364,
      316.0933027448608,
      316.2479240571274,
      316.4009771309316,
      316.5526711727932,
      316.70284831456064,
      316.85152159256353,
      316.9988290621401,
      317.14491527629946,
      317.28988934551285,
      317.4338707891792,
      317.57691996076767,
      317.7190567902881,
      317.8602869803828,
      318.0006134834796,
      318.14003959347576,
      300.0,
      299.9999997429578,
      299.9999981654726,
      299.99999288573616,
      299.9999800605662,
      299.9999550006775,
      299.9999134276158,
      299.9998527346203,
      299.9997726733616,
      299.99967531395265,
      299.99956533821756,
      299.9994511013086,
      299.9993456173614,
      299.9992664982056,
      299.99923465254886,
      299.9992736619491,
      299.9994107117152,
      299.99967775909784,
      300.0001113210134,
      300.00075047842824,
      300.0016359211267,
      300.00281136102495,
      300.0043253878796,
      300.0062313767629,
      300.0085848208757,
      300.0114419767144,
      300.01486171714186,
      300.01890804952313,
      300.0236500822743,
      300.0291585741491,
      300.0355041342357,
      300.04275958962853,
      300.0510032731533,
      300.06031907895647,
      300.0707921508308,
      300.0825060180382,
      300.09554431866155,
      300.1099938060337,
      300.12594418222125,
      300.1434834664257,
      300.16269468503754,
      300.1836571571701,
      300.20644929915034,
      300.23114865030306,
      300.25782778967726,
      300.2865513175077,
      300.3173769480524,
      300.3503581122425,
      300.38554432984625,
      300.42297811712734,
      300.46269268060234,
      300.50471298086853,
      300.5490581124633,
      300.59574199686233,
      300.6447713303536,
      300.696144100773,
      300.7498507207756,
      300.80587618552414,
      300.8642009545659,
      300.92479968933753,
      300.98764018993995,
      301.0526840841775,
      301.1198882844607,
      301.18920574836466,
      301.26058488883444,
      301.3339689709924,
      301.4092964764991,
      301.48650197343585,
      301.56551681318786,
      301.6462692040679,
      301.7286841167865,
      301.8126834692195,
      301.89818653840973,
      301.985110585454,
      302.07337142214584,
      302.16288384465366,
      302.2535619782956,
      302.34531958233345,
      302.4380706249204,
      302.5317299602476,
      302.62621388781446,
      302.7214404916629,
      302.81732978231537,
      302.9138040504628,
      303.01078830092973,
      303.10821056358793,
      303.2060019826713,
      303.3040966829005,
      303.4024318513915,
      303.50094790465533,
      303.59958849877677,
      303.6983003001895,
      303.79703256231375,
      303.89573703434974,
      303.994368073613,
      304.0928827189322,
      304.19124061770543,
      304.2894037386905,
      304.3873363485883,
      304.4850051034106,
      304.582379012574,
      304.67942922659637,
      304.77612861489655,
      304.87245167069625,
      304.96837459909375,
      305.0638752990834,
      305.15893318446825,
      305.2535287885544,
      305.34764371735145,
      305.4412608061132,
      305.53436430791146,
      305.6269400852119,
      305.7189755424634,
      305.81045969419085,
      305.9013831919266,
      305.99173834996253,
      306.0815193041488,
      306.1707219400335,
      306.2593438612949,
      306.3473841870086,
      306.43484325239103
    ],
    "status": "success"
  }
}