{
  "final_status": "weak_pass",
  "final_lambda": 3.537698445599436e-08,
  "final_reg_order": 2,
  "final_residual_norm": 2.1740404692464326,
  "final_reg_norm": 9341.447837899463,
  "n_iterations": 5,
  "summary_notes": [
    "Completed in 5 iteration(s)"
  ],
  "final_config": {
    "parameterization_type": "piecewise_constant",
    "num_parameters": 24,
    "reg_order": 2,
    "lambda_strategy": "fixed",
    "lambda_value": 3.537698445599436e-08,
    "lambda_grid": null,
    "max_retries": 8,
    "physical_bounds": [
      -500000.0,
      500000.0
    ],
    "planner_notes": [
      "num_parameters=24 (\u2248 N_t/5)",
      "reg_order=0 (default first-difference smoothness)",
      "noise_std provided \u2192 using discrepancy principle for lambda",
      "physical_bounds=(-500000.0, 500000.0) applied",
      "iter0: oscillatory solution \u2192 increase reg_order to 1",
      "iter1: oscillatory solution \u2192 increase reg_order to 2",
      "iter2: lambda increased to 7.075e-09 (factor=5.0)",
      "iter3: lambda increased to 3.538e-08 (factor=5.0)"
    ],
    "stop_tolerance": 0.001,
    "iteration_budget": 12
  },
  "final_result": {
    "estimated_x": [
      775.6959168715132,
      -1005.7802997612889,
      -2470.653961759479,
      -2665.071722420836,
      -225.30451667617479,
      6062.034540783205,
      16339.848163084831,
      28835.393511079707,
      40278.565567163314,
      48149.1017024776,
      51958.3422085249,
      52697.53196474991,
      51840.367893303235,
      50632.42139765411,
      49766.290139526376,
      49356.30372624966,
      49303.59890910445,
      49436.21113078468,
      49652.367444164076,
      49901.43289891961,
      50081.70881437074,
      50224.419385571346,
      50355.02198987776,
      50471.618814753376
    ],
    "fitted_y": [
      300.0,
      300.0011269918377,
      300.0036767534571,
      300.0073529705204,
      300.01175973086316,
      300.01400005888723,
      300.01319068302655,
      300.00988569913517,
      300.0049179807415,
      299.9989509443777,
      299.99029798333066,
      299.9786755604153,
      299.9648104279391,
      299.949551033079,
      299.93354076039185,
      299.91691811150446,
      299.8998682674705,
      299.88262085960326,
      299.8653663562306,
      299.84823419161256,
      299.8348482348745,
      299.82618373994137,
      299.8213319801159,
      299.81905758811257,
      299.81839131773233,
      299.8278231139261,
      299.84934659371197,
      299.8803119271048,
      299.9173580418099,
      299.9578893465231,
      300.01512750850037,
      300.09193176807116,
      300.18373590155244,
      300.2849127488713,
      300.39114845567906,
      300.517767913099,
      300.6677933876901,
      300.83540930750013,
      301.01362711799203,
      301.1971260823555,
      301.39905877706144,
      301.6216637910123,
      301.85931219260215,
      302.1054398310075,
      302.3550943445842,
      302.6165016678811,
      302.89071953430283,
      303.17361076137007,
      303.460527634041,
      303.74801132411164,
      304.0393847911878,
      304.33478849621133,
      304.6320312085748,
      304.92878606020264,
      305.22336848132835,
      305.51581128441836,
      305.80581357459585,
      306.0928019190546,
      306.3762857042584,
      306.6559637724134,
      306.9304522448283,
      307.1993959993355,
      307.46316203211893,
      307.7222669094896,
      307.97715267427503,
      308.2264016982429,
      308.46980952614473,
      308.70803894446703,
      308.9418718761221,
      309.1719303842668,
      309.39739828243046,
      309.6182543945857,
      309.83505119603393,
      310.04839663566696,
      310.2587655407868,
      310.4658966418108,
      310.66986540182137,
      310.8709930129263,
      311.069610524908,
      311.2659755010235,
      311.4601956555237,
      311.65238209348973,
      311.8426512205457,
      312.0311037600363,
      312.21781992841636,
      312.403055805098,
      312.5869134395366,
      312.7693854824112,
      312.9504419173575,
      313.130063608438,
      313.3085604116659,
      313.4860215468668,
      313.6623779614529,
      313.8375365914615,
      314.01143055959716,
      314.18438485842046,
      314.35647940841665,
      314.5276177905362,
      314.6976798096505,
      314.86657798325285,
      315.0345230229641,
      315.201558773797,
      315.3676081874081,
      315.5325811450062,
      315.6964137071459,
      315.8592770494566,
      316.0212093861618,
      316.1821526401116,
      316.342038016153,
      316.5008172042614,
      316.6586534757805,
      316.81558585322404,
      316.9715635918836,
      317.1265251301079,
      317.28042704333296,
      317.43341491598505,
      317.58552354355555,
      317.73670766955456,
      317.88691243518355,
      318.0360992129772,
      318.1842468984745,
      300.0,
      300.0000004397414,
      300.00000313846624,
      300.0000121709158,
      300.00003411191653,
      300.0000765279441,
      300.00014485252944,
      300.00023932149367,
      300.0003535440946,
      300.0004750882116,
      300.0005866106348,
      300.0006664787614,
      300.0006892375724,
      300.000626645154,
      300.00044945207776,
      300.0001294057156,
      299.9996409222339,
      299.9989622005169,
      299.9980758116981,
      299.9969688892459,
      299.99563439592276,
      299.9940737433505,
      299.99229906452064,
      299.99033342171776,
      299.9882086583849,
      299.9859653724367,
      299.98365671941053,
      299.98135235632293,
      299.9791383101515,
      299.97711183206496,
      299.97537909901615,
      299.9740593627742,
      299.9732900698211,
      299.9732262472912,
      299.974032479492,
      299.9758776501837,
      299.9789377377969,
      299.983400635054,
      299.98946504381917,
      299.9973312504383,
      300.0071937503205,
      300.01924156361537,
      300.0336614031924,
      300.0506366138287,
      300.0703396708212,
      300.09292555257025,
      300.11853079774096,
      300.1472754320212,
      300.1792630197094,
      300.21457708921446,
      300.25327773590834,
      300.2954012831797,
      300.3409619779052,
      300.3899535000275,
      300.44234922860176,
      300.4981022157151,
      300.55714595879414,
      300.61939607297967,
      300.68475252723414,
      300.75310201834657,
      300.8243198654165,
      300.8982713701733,
      300.9748131828448,
      301.05379531902247,
      301.13506379013995,
      301.21846281765966,
      301.3038361138319,
      301.3910277166317,
      301.47988324800025,
      301.5702516841251,
      301.6619868816787,
      301.7549483652112,
      301.84900159972426,
      301.94401842442096,
      302.03987768871895,
      302.13646578285653,
      302.23367678990735,
      302.33141226977057,
      302.42958109860984,
      302.5280992961927,
      302.62688987997393,
      302.7258826767148,
      302.8250139334458,
      302.9242259515478,
      303.02346657297494,
      303.1226887431375,
      303.22185022544096,
      303.32091322073643,
      303.41984402713086,
      303.51861250358934,
      303.61719163220107,
      303.7155573292548,
      303.81368819780766,
      303.9115653237046,
      304.0091718474096,
      304.10649262188014,
      304.2035141556157,
      304.30022449529156,
      304.39661314366253,
      304.4926707379182,
      304.5883887470574,
      304.6837594169033,
      304.77877564779834,
      304.8734309650066,
      304.96771932032107,
      305.0616349164685,
      305.1551722713601,
      305.2483261868776,
      305.3410918048738,
      305.43346450383893,
      305.5254397925034,
      305.6170134340647,
      305.7081814473689,
      305.7989401835846,
      305.8892862416084,
      305.9792163582762,
      306.0687275250518,
      306.1578169699319,
      306.24648222448457,
      306.3347210406659,
      306.4225312179573
    ],
    "status": "success"
  }
}