{
  "final_status": "fail",
  "final_lambda": 390625.0,
  "final_reg_order": 1,
  "final_residual_norm": 35.740074273392096,
  "final_reg_norm": 2.1398625873778082e-07,
  "n_iterations": 9,
  "summary_notes": [
    "Completed in 9 iteration(s)"
  ],
  "final_config": {
    "parameterization_type": "piecewise_constant",
    "num_parameters": 24,
    "reg_order": 1,
    "lambda_strategy": "fixed",
    "lambda_value": 390625.0,
    "lambda_grid": null,
    "max_retries": 8,
    "physical_bounds": [
      -500000.0,
      500000.0
    ],
    "planner_notes": [
      "num_parameters=24 (\u2248 N_t/5)",
      "reg_order=1 (default first-difference smoothness)",
      "noise_std provided \u2192 using discrepancy principle for lambda",
      "lambda_value=1.0 supplied \u2192 strategy forced to 'fixed'",
      "physical_bounds=(-500000.0, 500000.0) applied",
      "iter0: lambda increased to 5.000e+00 (factor=5.0)",
      "iter1: lambda increased to 2.500e+01 (factor=5.0)",
      "iter2: lambda increased to 1.250e+02 (factor=5.0)",
      "iter3: lambda increased to 6.250e+02 (factor=5.0)",
      "iter4: lambda increased to 3.125e+03 (factor=5.0)",
      "iter5: lambda increased to 1.562e+04 (factor=5.0)",
      "iter6: lambda increased to 7.812e+04 (factor=5.0)",
      "iter7: lambda increased to 3.906e+05 (factor=5.0)"
    ],
    "stop_tolerance": 0.001,
    "iteration_budget": 12
  },
  "final_result": {
    "estimated_x": [
      30548.01056080251,
      30548.01056081121,
      30548.01056083094,
      30548.010560861512,
      30548.010560902356,
      30548.01056095233,
      30548.0105610101,
      30548.010561073606,
      30548.010561140534,
      30548.010561208648,
      30548.010561275998,
      30548.01056134106,
      30548.01056140231,
      30548.010561458643,
      30548.010561509345,
      30548.010561553685,
      30548.01056159141,
      30548.01056162235,
      30548.010561646628,
      30548.010561664636,
      30548.01056167679,
      30548.01056168395,
      30548.010561687257,
      30548.01056168812
    ],
    "fitted_y": [
      300.0,
      300.0443825445111,
      300.14479579045314,
      300.2895704569512,
      300.4631149588084,
      300.6532719588861,
      300.85200833221825,
      301.0543452815301,
      301.2572746618442,
      301.45900202573125,
      301.65847219647003,
      301.85508182597613,
      302.0485058883826,
      302.23859212104014,
      302.4252959248807,
      302.6086396168028,
      302.78868663639355,
      302.9655249853728,
      303.1392565536142,
      303.30999017506855,
      303.4778371372953,
      303.6429082485927,
      303.80531203555927,
      303.9651535570961,
      304.122533772338,
      304.27754916905235,
      304.4302916177772,
      304.58084836834786,
      304.7293021419296,
      304.8757312629876,
      305.0202098572429,
      305.162808011426,
      305.3035920111711,
      305.44262453028915,
      305.5799648304604,
      305.7156689748182,
      305.8497899998574,
      305.9823780942895,
      306.1134807778971,
      306.24314306302415,
      306.37140759696524,
      306.498314806091,
      306.6239030365011,
      306.7482086582109,
      306.87126620754145,
      306.993108472205,
      307.11376661112075,
      307.23327026033814,
      307.3516475833942,
      307.46892537723704,
      307.585129159049,
      307.70028323744054,
      307.8144107853818,
      307.9275338801408,
      308.0396735831602,
      308.1508499938878,
      308.26108232270707,
      308.3703889135113,
      308.4787873027429,
      308.58629425759557,
      308.69292582463476,
      308.7986973766822,
      308.90362365449033,
      309.00771876847915,
      309.11099625430256,
      309.2134691075776,
      309.31514981166754,
      309.41605036720136,
      309.51618232159404,
      309.615556749945,
      309.7141843401247,
      309.8120753823558,
      309.9092398108879,
      310.00568719878845,
      310.10142678225276,
      310.19646746928663,
      310.2908178883269,
      310.3844863934505,
      310.47748106263856,
      310.5698096995124,
      310.6614798732723,
      310.7524989325888,
      310.84287401428537,
      310.93261204681073,
      311.02171973634773,
      311.11020361369765,
      311.1980700464348,
      311.2853252267519,
      311.3719751905609,
      311.4580258122833,
      311.54348279964154,
      311.62835175617056,
      311.7126381516983,
      311.79634731713674,
      311.87948446705514,
      311.9620546857891,
      312.0440629673784,
      312.12551420862155,
      312.206413195184,
      312.28676461201684,
      312.36657305030286,
      312.44584302829367,
      312.52457899130985,
      312.6027852787483,
      312.6804661640208,
      312.7576258389258,
      312.8342684362222,
      312.91039803657543,
      312.9860186268824,
      313.0611341436829,
      313.13574845753146,
      313.2098653903619,
      313.28348872069677,
      313.3566221489182,
      313.4292693424155,
      313.501433890438,
      313.57311937007955,
      313.6443293098133,
      313.71506716865446,
      313.7853363847805,
      313.85514032691117,
      300.0,
      300.0000173176492,
      300.00012359727714,
      300.0004793080114,
      300.0013433758854,
      300.0030535514964,
      300.00598836257575,
      300.01052561622674,
      300.0170082897711,
      300.02572248821036,
      300.03688723214304,
      300.05065360516664,
      300.06710984689516,
      300.0862897990681,
      300.10818242305146,
      300.13274123746163,
      300.15989284936103,
      300.18954426298984,
      300.2215889834001,
      300.2559118368498,
      300.29239281878364,
      300.3309099937103,
      300.37134169181576,
      300.4135681169192,
      300.45747252031543,
      300.5029419682873,
      300.5498678699875,
      300.59814628131795,
      300.64767807683853,
      300.6983690053339,
      300.75012962730085,
      300.80287524375376,
      300.8565257347347,
      300.9110054256062,
      300.9662428890958,
      301.0221707751235,
      301.0787255833264,
      301.13584750851425,
      301.1934802357683,
      301.2515707529038,
      301.3100691768251,
      301.36892858682603,
      301.42810484920795,
      301.4875564731543,
      301.54724446139556,
      301.60713216261064,
      301.6671851446659,
      301.72737105743516,
      301.7876595251399,
      301.8480220473711,
      301.90843185496374,
      301.9688638526939,
      302.0292944786259,
      302.0897016624376,
      302.1500647160236,
      302.2103642466729,
      302.2705821101842,
      302.3307012927876,
      302.390705914617,
      302.4505811151047,
      302.5103129904685,
      302.5698885746113,
      302.6292957470885,
      302.68852321921696,
      302.7475604750351,
      302.8063977018449,
      302.86502579194854,
      302.92343625235264,
      302.98162123255156,
      303.03957344465056,
      303.0972861130086,
      303.1547530002852,
      303.2119683240908,
      303.2689267743508,
      303.3256234629492,
      303.3820538855259,
      303.4382139284229,
      303.494099818327,
      303.54970813442515,
      303.60503577541164,
      303.66007991086747,
      303.7148380003614,
      303.76930776393016,
      303.82348717513264,
      303.8773744558406,
      303.9309680067806,
      303.98426646310014,
      304.03726863359236,
      304.08997352500586,
      304.14238033162627,
      304.1944883606088,
      304.2462971135912,
      304.29780619813505,
      304.3490153798192,
      304.39992455966575,
      304.4505337203102,
      304.50084298156787,
      304.5508525396579,
      304.6005627158242,
      304.64997392334266,
      304.6990866275828,
      304.74790140678357,
      304.796418877386,
      304.844639760018,
      304.8925648378203,
      304.9401949286623,
      304.9875309268175,
      305.03457376302487,
      305.08132442532644,
      305.1277839729587,
      305.1739534651582,
      305.2198340271468,
      305.2654267928284,
