{
  "final_status": "fail",
  "final_lambda": 29604.272703000115,
  "final_reg_order": 1,
  "final_residual_norm": 72.81312538891561,
  "final_reg_norm": 1.3667908235342201e-06,
  "n_iterations": 9,
  "summary_notes": [
    "Completed in 9 iteration(s)"
  ],
  "final_config": {
    "parameterization_type": "piecewise_constant",
    "num_parameters": 24,
    "reg_order": 1,
    "lambda_strategy": "fixed",
    "lambda_value": 29604.272703000115,
    "lambda_grid": null,
    "max_retries": 8,
    "physical_bounds": [
      -500000.0,
      500000.0
    ],
    "planner_notes": [
      "num_parameters=24 (\u2248 N_t/5)",
      "reg_order=1 (default first-difference smoothness)",
      "noise_std provided \u2192 using discrepancy principle for lambda",
      "physical_bounds=(-500000.0, 500000.0) applied",
      "iter0: lambda increased to 3.789e-01 (factor=5.0)",
      "iter1: lambda increased to 1.895e+00 (factor=5.0)",
      "iter2: lambda increased to 9.473e+00 (factor=5.0)",
      "iter3: lambda increased to 4.737e+01 (factor=5.0)",
      "iter4: lambda increased to 2.368e+02 (factor=5.0)",
      "iter5: lambda increased to 1.184e+03 (factor=5.0)",
      "iter6: lambda increased to 5.921e+03 (factor=5.0)",
      "iter7: lambda increased to 2.960e+04 (factor=5.0)"
    ],
    "stop_tolerance": 0.001,
    "iteration_budget": 12,
    "skip_verifier": false
  },
  "final_result": {
    "estimated_x": [
      33557.105708679934,
      33557.10570867823,
      33557.10570866024,
      33557.10570862417,
      33557.10570855959,
      33557.10570845298,
      33557.105708297066,
      33557.10570808943,
      33557.105707822564,
      33557.10570749731,
      33557.10570712448,
      33557.105706710776,
      33557.10570626328,
      33557.10570579746,
      33557.10570533543,
      33557.10570488695,
      33557.10570447466,
      33557.10570411415,
      33557.105703820824,
      33557.10570360576,
      33557.1057034547,
      33557.105703366295,
      33557.105703327186,
      33557.105703316425
    ],
    "fitted_y": [
      300.0,
      300.04875439383574,
      300.1590587261562,
      300.3180942475675,
      300.5087335424698,
      300.7176217298086,
      300.9359343912761,
      301.1582022991425,
      301.3811209947164,
      301.6027192706767,
      301.8218380113843,
      302.03781443667526,
      302.2502915043995,
      302.45910195345806,
      302.664196791605,
      302.86560053403826,
      303.06338286938535,
      303.2576404678699,
      303.44848525590567,
      303.63603678800115,
      303.8204173139632,
      304.0017485571286,
      304.18014973437846,
      304.3557362533149,
      304.5286190179313,
      304.69890402040676,
      304.86669218087627,
      305.0320793436158,
      305.1951563781398,
      305.356009324171,
      305.51471960909555,
      305.67136422345317,
      305.826015982265,
      305.9787437329508,
      306.1296125746917,
      306.2786840930523,
      306.4260165488237,
      306.57166507449654,
      306.71568187073257,
      306.85811638376293,
      306.9990154618024,
      307.13842351337274,
      307.27638266181015,
      307.4129328597152,
      307.5481120453677,
      307.6819562361939,
      307.8144996603848,
      307.9457748732535,
      308.0758128125527,
      308.20464291483205,
      308.33229321081257,
      308.45879040359534,
      308.58415994877623,
      308.70842609831834,
      308.83161198829674,
      308.9537396980305,
      309.07483033019895,
      309.1949040356387,
      309.3139800781987,
      309.43207687670514,
      309.54921205837064,
      309.665402510298,
      309.7806644252602,
      309.89501330360747,
      310.0084640143074,
      310.1210308330938,
      310.23272747298876,
      310.3435671167291,
      310.4535624491942,
      310.5627256364232,
      310.67106841908185,
      310.7786021010187,
      310.8853375950449,
      310.99128541721177,
      311.0964557135151,
      311.2008582694327,
      311.3045025633349,
      311.40739777220745,
      311.5095527697434,
      311.61097612825074,
      311.71167616252416,
      311.8116609451062,
      311.9109383158246,
      312.009515885607,
      312.107401021221,
      312.204600896776,
      312.3011225070766,
      312.3969726542703,
      312.49215796882936,
      312.58668490382854,
      312.680559729222,
      312.7737886005142,
      312.8663775263322,
      312.9583323627031,
      313.0496588378513,
      313.1403625369384,
      313.2304489459362,
      313.31992344399646,
      313.408791288191,
      313.4970576249566,
      313.5847274977247,
      313.67180586981186,
      313.7582976244198,
      313.8442075283926,
      313.9295402760893,
      314.01430047221635,
      314.0984926566251,
      314.1821213119422,
      314.265190817789,
      314.34770549846945,
      314.4296696058024,
      314.5110873381967,
      314.5919628463737,
      314.6723001952172,
      314.75210341336856,
      314.83137644363154,
      314.91012321545736,
      314.98834760488734,
      315.0660534116626,
      315.1432444126345,
      315.21992430835417,
      300.0,
      300.0000190235035,
      300.0001357720787,
      300.00052652167227,
      300.0014757035161,
      300.00335433792486,
      300.0065782390502,
      300.01156242943114,
      300.01868367095915,
      300.0282562510657,
      300.040520764711,
      300.0556431778011,
      300.0737204218871,
      300.09478967224874,
      300.11883880290446,
      300.1458167538778,
      300.17564290274777,
      300.20821509331887,
      300.2434163404859,
      300.28112012545546,
      300.3211946227676,
      300.3635058858215,
      300.4079202598641,
      300.45430614833543,
      300.5025353023391,
      300.55248366375747,
      300.6040319451322,
      300.6570659634763,
      300.71147682911726,
      300.7671610067366,
      300.8240202467001,
      300.88196150685025,
      300.9408967751087,
      301.00074292259853,
      301.0614214861895,
      301.1228584815626,
      301.184984153328,
      301.2477328052569,
      301.31104257519684,
      301.3748552290615,
      301.4391159700807,
      301.5037732556804,
      301.56877860482484,
      301.63408643969433,
      301.6996539216401,
      301.7654407890466,
      301.8314092180841,
      301.8975236720162,
      301.96375078293454,
      302.0300592430316,
      302.0964196462778,
      302.16280442547435,
      302.2291876977453,
      302.2955452187579,
      302.36185426254974,
      302.428093526154,
      302.49424307809664,
      302.5602842286868,
      302.62619953383114,
      302.69197266913955,
      302.75758836125453,
      302.82303236686903,
      302.88829137162867,
      302.95335297487196,
      303.01820562477525,
      303.08283854205246,
      303.14724172186294,
      303.2114058346211,
      303.2753222565167,
      303.3389829817696,
      303.4023805673125,
      303.4655081614031,
      303.52835941206433,
      303.5909284861594,
      303.653210014074,
      303.7151990477515,
      303.7768910683231,
      303.8382819307898,
      303.8993678773754,
      303.9601455012839,
      304.0206116932892,
      304.0807636627179,
      304.14059890502176,
      304.2001151941475,
      304.2593105768145,
      304.3181832962147,
      304.3767318530527,
      304.43495493878294,
      304.4928514623151,
      304.550420538569,
      304.60766140645177,
      304.6645735185108,
      304.72115644365095,
      304.7774099243596,
      304.83333385190923,
      304.88892820722486,
      304.94419312192406,
      304.99912881155433,
      305.05373562900337,
      305.10801402825626,
      305.16196452052316,
      305.21558774100185,
      305.26888436685505,
      305.32185518969544,
      305.37450106980583,
      305.4268229056191,
      305.47882167949797,
      305.5304984138628,
      305.5818541940815,
      305.6328901837294,
      305.68360754638184,
      305.7340075180993,
      305.7840913444797,
      305.8338603359759,
