{
  "final_status": "weak_pass",
  "final_lambda": 3.088615545179044e-05,
  "final_reg_order": 2,
  "final_residual_norm": 15.682119411511554,
  "final_reg_norm": 977.5428669425197,
  "n_iterations": 1,
  "summary_notes": [
    "Completed in 1 iteration(s)"
  ],
  "final_config": {
    "parameterization_type": "piecewise_constant",
    "num_parameters": 24,
    "reg_order": 2,
    "lambda_strategy": "discrepancy",
    "lambda_value": 3.088615545179044e-05,
    "lambda_grid": null,
    "max_retries": 8,
    "physical_bounds": [
      -500000.0,
      500000.0
    ],
    "planner_notes": [
      "num_parameters=24 (\u2248 N_t/5)",
      "reg_order=2 (default first-difference smoothness)",
      "noise_std provided \u2192 using discrepancy principle for lambda",
      "physical_bounds=(-500000.0, 500000.0) applied"
    ],
    "stop_tolerance": 0.001,
    "iteration_budget": 12
  },
  "final_result": {
    "estimated_x": [
      -5925.10950308551,
      -1163.7193146602606,
      3591.1668230866444,
      8325.63579786507,
      13015.430768890017,
      17624.681298544827,
      22106.572742907585,
      26405.57413376951,
      30462.787407144486,
      34225.86276430519,
      37656.65586218643,
      40734.06190976306,
      43455.286917832556,
      45835.48295325524,
      47904.83063232031,
      49703.80819494652,
      51280.50765899372,
      52685.26250883559,
      53966.53161228427,
      55166.644699503355,
      56318.32524254579,
      57446.00685749679,
      58564.717868661384,
      59681.418982691845
    ],
    "fitted_y": [
      300.0,
      299.99139153642335,
      299.97191532612874,
      299.94383474947176,
      299.9101739591853,
      299.88020871995275,
      299.8573126916731,
      299.8406327217839,
      299.8283220771238,
      299.81883389716563,
      299.81802902509486,
      299.8270615327899,
      299.8437092384949,
      299.8652951055173,
      299.88977099558116,
      299.9226667648772,
      299.96494977001186,
      300.01430242568097,
      300.0680022502447,
      300.1239831730056,
      300.1877082760033,
      300.2601358042904,
      300.33897918291666,
      300.421556289078,
      300.50583840285464,
      300.59720386706044,
      300.696608281624,
      300.8018208211307,
      300.9102231714066,
      301.0198395999812,
      301.1359040688375,
      301.259354957834,
      301.38803511761154,
      301.51941203696634,
      301.6515785726345,
      301.78955229308406,
      301.9342368758697,
      302.0835706302312,
      302.23513392420773,
      302.38710799909296,
      302.5442202063811,
      302.7073229974659,
      302.8744749035415,
      303.0433993072533,
      303.2123880815978,
      303.38581589026364,
      303.56447131937455,
      303.7465564682355,
      303.92996540600234,
      304.11312102055047,
      304.3000023703799,
      304.4913264513605,
      304.6854567109143,
      304.8804784002967,
      305.07496033825987,
      305.2724643375802,
      305.47363254157654,
      305.67699991008385,
      305.8808541320411,
      306.0839178891144,
      306.2893362199005,
      306.4976774723013,
      306.70764978256085,
      306.91774440271263,
      307.12683816106335,
      307.3376809555868,
      307.550772302763,
      307.7649866755733,
      307.97900996782494,
      308.19186589486156,
      308.4059478379,
      308.6216942998131,
      308.8381318840343,
      309.05412369600157,
      309.26882670592005,
      309.4843273124504,
      309.70101236706995,
      309.91804114949343,
      310.13443062409243,
      310.34945302891487,
      310.5649456337218,
      310.7812543362769,
      310.9976479111535,
      311.21326957876096,
      311.42748573157985,
      311.6419436903611,
      311.8569588756821,
      312.07188498527796,
      312.2859625502694,
      312.49863010429254,
      312.71140100005596,
      312.924569755542,
      313.1375511277437,
      313.34965506934674,
      313.56037115456394,
      313.77112652587147,
      313.9822025501693,
      314.19305392586847,
      314.4030355851923,
      314.6116697574542,
      314.82033302946735,
      315.0292989180019,
      315.23804541011134,
      315.4459534242575,
      315.65256365559713,
      315.85922855029355,
      316.0662176940377,
      316.27301999174324,
      316.4790282852054,
      316.6837912972276,
      316.88865255543635,
      317.09387958977464,
      317.2989643919726,
      317.5033030428654,
      317.70644594602015,
      317.90973389548526,
      318.11343281900577,
      318.3170340385182,
      318.51993289249606,
      318.72167866685874,
      318.9219882785029,
      300.0,
      299.9999966410588,
      299.9999760270017,
      299.99990703314535,
      299.99973943804906,
      299.99941043064416,
      299.9988577589188,
      299.9980331537592,
      299.9969104488029,
      299.9954867958117,
      299.9937814074141,
      299.9918350203682,
      299.98970895315335,
      299.9874815386474,
      299.9852416281302,
      299.9830833882844,
      299.9811047225699,
      299.9794071924227,
      299.9780943984217,
      299.9772678729913,
      299.9770242921201,
      299.9774561061005,
      299.9786533660973,
      299.98070373261095,
      299.9836897093255,
      299.9876869103455,
      299.9927654541975,
      299.9989923572539,
      300.0064320032808,
      300.01514377587733,
      300.0251805901583,
      300.0365903936237,
      300.04941860565873,
      300.0637086537074,
      300.07949974180735,
      300.0968254307211,
      300.11571507090486,
      300.13619612330916,
      300.158294680445,
      300.1820333331916,
      300.2074297861654,
      300.23449816694347,
      300.2632511907909,
      300.293700649248,
      300.3258554051546,
      300.35972007224086,
      300.3952961965417,
      300.4325842436535,
      300.47158406361973,
      300.5122930500932,
      300.5547049131943,
      300.5988107363244,
      300.6446007831828,
      300.6920649415906,
      300.74119106840214,
      300.7919638744834,
      300.84436587079256,
      300.8983789842668,
      300.95398497916267,
      301.01116399920244,
      301.069893574197,
      301.1301494605605,
      301.1919070683282,
      301.2551418605652,
      301.3198280819008,
      301.3859378882001,
      301.45344209221304,
      301.52231141350694,
      301.5925168437023,
      301.6640285510058,
      301.7368151256215,
      301.8108442377143,
      301.88608372107274,
      301.96250191121106,
      302.0400666923091,
      302.11874483986514,
      302.19850261254317,
      302.2793066819879,
      302.3611244389873,
      302.4439231554111,
      302.52766941115516,
      302.61232962727433,
      302.69787086821805,
      302.78426111656506,
      302.871468518816,
      302.95946087682546,
      303.04820613137235,
      303.1376730691958,
      303.22783155792524,
      303.3186518527764,
      303.41010412826404,
      303.5021589267291,
      303.5947877922465,
      303.6879634702701,
      303.7816592492851,
      303.8758485114563,
      303.9705051638786,
      304.06560420948546,
      304.16112192249875,
      304.25703520542527,
      304.35332114227464,
      304.44995741617083,
      304.54692284010923,
      304.6441975100601,
      304.74176216433864,
      304.8395977321878,
      304.9376857491974,
      305.0360088558594,
      305.1345509449604,
      305.2332965075485,
      305.332230180504,
      305.43133715626476,
      305.530603667482,
      305.63001712253896,
      305.729565450557,
      305.8292366376592,
      305.929019133039,
      306.0289023301433,
      306.1288766957044,
      306.2289331153749,
      306.3290617818459
    ],
    "status": "success"
  }
}