{
  "final_status": "weak_pass",
  "final_lambda": 5.976392910149615e-10,
  "final_reg_order": 1,
  "final_residual_norm": 14.811398776206698,
  "final_reg_norm": 62731.95274935406,
  "n_iterations": 9,
  "summary_notes": [
    "Completed in 9 iteration(s)"
  ],
  "final_config": {
    "parameterization_type": "piecewise_constant",
    "num_parameters": 24,
    "reg_order": 1,
    "lambda_strategy": "fixed",
    "lambda_value": 5.976392910149615e-10,
    "lambda_grid": null,
    "max_retries": 8,
    "physical_bounds": [
      -500000.0,
      500000.0
    ],
    "planner_notes": [
      "num_parameters=24 (\u2248 N_t/5)",
      "reg_order=1 (default first-difference smoothness)",
      "noise_std provided \u2192 using discrepancy principle for lambda",
      "physical_bounds=(-500000.0, 500000.0) applied",
      "iter0: lambda decreased to 7.650e-08 (factor=2.0)",
      "iter1: lambda decreased to 3.825e-08 (factor=2.0)",
      "iter2: lambda decreased to 1.912e-08 (factor=2.0)",
      "iter3: lambda decreased to 9.562e-09 (factor=2.0)",
      "iter4: lambda decreased to 4.781e-09 (factor=2.0)",
      "iter5: lambda decreased to 2.391e-09 (factor=2.0)",
      "iter6: lambda decreased to 1.195e-09 (factor=2.0)",
      "iter7: lambda decreased to 5.976e-10 (factor=2.0)"
    ],
    "stop_tolerance": 0.001,
    "iteration_budget": 12,
    "skip_verifier": false
  },
  "final_result": {
    "estimated_x": [
      16045.432841562117,
      8662.340565308725,
      24289.702472798755,
      31039.27940695523,
      39347.18404359376,
      25124.26329842105,
      57360.98500639095,
      55184.391392147845,
      53282.93296546521,
      57319.70029058389,
      47523.22306023034,
      57781.49831196062,
      58642.92945296382,
      56437.37474537861,
      35320.14787793098,
      20182.028944121717,
      17829.943179825124,
      23501.401301746275,
      4669.583842854027,
      11424.603306572584,
      13301.535748097993,
      -7955.681000458458,
      -8468.084283489969,
      13448.104589123415
    ],
    "fitted_y": [
      300.0,
      300.0233120626914,
      300.07605441692624,
      300.15209773843264,
      300.2432525009999,
      300.33240629253476,
      300.4125244671837,
      300.4838122255919,
      300.5484578317407,
      300.608457030343,
      300.68790175772057,
      300.79363723250464,
      300.92025014580764,
      301.06011807425983,
      301.20725331725714,
      301.36751025167143,
      301.54102742143886,
      301.7237706572871,
      301.9114413179454,
      302.1008652199748,
      302.30207228797985,
      302.51700097773306,
      302.74176752561607,
      302.9717411847032,
      303.20342002925565,
      303.4138782186862,
      303.59633365003026,
      303.75544026665796,
      303.89803423967464,
      304.0295686420412,
      304.20054302954327,
      304.42556984848267,
      304.69378498285096,
      304.9896479666218,
      305.3009139080416,
      305.61632543708436,
      305.93005429225354,
      306.2399328409381,
      306.54530173867573,
      306.8460029074697,
      307.1392757727581,
      307.4244578738076,
      307.70236935910907,
      307.9740941441752,
      308.240515009465,
      308.5081303040646,
      308.77892583606456,
      309.0516836922774,
      309.3245901095198,
      309.59623565662935,
      309.85149025551317,
      310.0861027068929,
      310.30354383845105,
      310.5086905428979,
      310.70540646016343,
      310.9111884885382,
      311.13159166022115,
      311.3637258555183,
      311.6030036591874,
      311.8457580231266,
      312.0908147163256,
      312.337012223599,
      312.58313610934374,
      312.82823197084804,
      313.0716662712179,
      313.30985297287043,
      313.5417381786193,
      313.7680576702997,
      313.9898956449818,
      314.208128052682,
      314.3926763290972,
      314.5358842878911,
      314.6460805368768,
      314.7342218285706,
      314.80883943440364,
      314.8535875903495,
      314.8662100769554,
      314.85462976377084,
      314.82786491933786,
      314.7927143337846,
      314.75019861098474,
      314.70214919259183,
      314.6510940328639,
      314.5991849190499,
      314.5478946481323,
      314.50636443555896,
      314.47726663808453,
      314.45869633657065,
      314.4478676671635,
      314.44253951099495,
      314.41382027049013,
      314.3535321964407,
      314.26821919004567,
      314.16705877717374,
      314.0572446252844,
      313.95332562591506,
      313.8607828029641,
      313.77876143610746,
      313.70481522408903,
      313.6368183378154,
      313.5760175660483,
      313.52216144993605,
      313.4739022526238,
      313.4298589440594,
      313.3889884048041,
      313.31969526863827,
      313.21340031010874,
      313.07790374783485,
      312.9238319362615,
      312.75948257584724,
      312.58957831810153,
      312.41729147671776,
      312.2448318402478,
      312.07364279421074,
      311.9046046973049,
      311.7700625955035,
      311.6786371130485,
      311.6220710554744,
      311.589201378355,
      311.57127283174736,
      311.5624552866717,
      300.0,
      300.0000090961464,
      300.0000649198351,
      300.0002517579497,
      300.00070561215455,
      300.0015997014785,
      300.0031155323063,
      300.0054127671271,
      300.00860897643804,
      300.01277280573964,
      300.01793667140134,
      300.02412526917925,
      300.03138414293215,
      300.03979438022054,
      300.04947002697577,
      300.0605476270849,
      300.07317640699983,
      300.0875102531836,
      300.10369946184943,
      300.12188144894134,
      300.142176549595,
      300.16469130146095,
      300.18952426135206,
      300.21676833101327,
      300.24650766455954,
      300.2788031280111,
      300.3136684132254,
      300.35104942643204,
      300.39081822068056,
      300.43278324022526,
      300.47672827491334,
      300.52247487603415,
      300.56993895155176,
      300.6191553943499,
      300.6702658128371,
      300.72348073270405,
      300.77903332446465,
      300.83713906824835,
      300.8979689095264,
      300.9616366635357,
      301.0281965299316,
      301.09764633259044,
      301.1699341619558,
      301.2449673969423,
      301.3226228759671,
      301.402759237368,
      301.48523068899823,
      301.5698985898001,
      301.6566379037212,
      301.7453380441981,
      301.8358943821015,
      301.9281920599652,
      302.02209087046236,
      302.1174193592649,
      302.21397958331397,
      302.3115646572184,
      302.4099848148532,
      302.5090905900805,
      302.60878404376155,
      302.70901624253486,
      302.8097760094348,
      302.9110760399635,
      303.0129401617218,
      303.1153935401317,
      303.2184558859473,
      303.3221361951631,
      303.4264283972058,
      303.5313086958225,
      303.6367359348018,
      303.7426545300234,
      303.8489870218179,
      303.9556133106663,
      304.06235084773107,
      304.16895101578274,
      304.2751145578359,
      304.38051023936833,
      304.48478558544133,
      304.5875732393962,
      304.68850116516717,
      304.78720897418964,
      304.8833655747793,
      304.97668296201607,
      305.06692422754884,
      305.1539068160632,
      305.2375022719727,
      305.3176365998867,
      305.39429258637233,
      305.4675102304353,
      305.5373820142309,
      305.60404258017786,
      305.6676446459409,
      305.7283229232332,
      305.7861615869926,
      305.84118027886626,
      305.89334106591673,
      305.942572966255,
      305.98880483740226,
      306.03199408862986,
      306.0721432150965,
      306.1093027417238,
      306.14356550983285,
      306.17505777681674,
      306.2039295396939,
      306.2303453091444,
      306.2544755785288,
      306.2764775840597,
      306.29646424332515,
      306.3144766101708,
      306.3304753455599,
      306.34435384866475,
      306.3559646752484,
      306.3651487410946,
      306.3717595168354,
