{
  "final_status": "weak_pass",
  "solver_name": "tsvd",
  "final_lambda": 0.01,
  "final_reg_order": 1,
  "final_residual_norm": 1.3269195195990857,
  "final_reg_norm": 45412.87533364971,
  "n_iterations": 1,
  "summary_notes": [
    "Completed in 1 iteration(s)"
  ],
  "final_config": {
    "parameterization_type": "piecewise_constant",
    "num_parameters": 24,
    "reg_order": 1,
    "lambda_strategy": "fixed",
    "lambda_value": 0.01,
    "lambda_grid": null,
    "max_retries": 6,
    "physical_bounds": null,
    "planner_notes": [
      "num_parameters=24 (\u2248 N_t/5)",
      "reg_order=1 (default first-difference smoothness)",
      "noise_std provided \u2192 using discrepancy principle for lambda",
      "lambda_strategy overridden to 'fixed' from config",
      "lambda_value=0.01 supplied \u2192 strategy forced to 'fixed'",
      "solver_name='tsvd' from config overrides"
    ],
    "stop_tolerance": 0.001,
    "iteration_budget": 10,
    "skip_verifier": false,
    "solver_name": "tsvd"
  },
  "final_result": {
    "estimated_x": [
      5035.318838013275,
      20447.722889171408,
      15355.521618987988,
      27185.5404398906,
      33600.789405632066,
      42440.19772036197,
      45552.35053346174,
      55329.959260588905,
      59687.77113370445,
      57696.50393527279,
      59547.14432281904,
      55432.18687319715,
      53986.13557028864,
      37303.574263315386,
      42975.38128256466,
      24549.471170130983,
      23060.061647926574,
      18703.77076222312,
      2824.695547675974,
      16030.553379795387,
      -144.67446476023588,
      3767.4226090011075,
      3393.8220737082324,
      -363.3331266893815
    ],
    "fitted_y": [
      300.0,
      300.0073157059447,
      300.0238671179547,
      300.0477307539855,
      300.076336606982,
      300.13007309510664,
      300.2134929489606,
      300.31988798667436,
      300.4408959369095,
      300.57008726955974,
      300.69583674516025,
      300.8135912717252,
      300.92372478402575,
      301.0279058670529,
      301.1276213742422,
      301.2410972315439,
      301.3735207189608,
      301.52081191981506,
      301.6772262529326,
      301.83826076257225,
      302.0102760461929,
      302.19390703515734,
      302.3856328621749,
      302.5815639522799,
      302.7788076353685,
      302.9883470873319,
      303.2124366098652,
      303.44705928450475,
      303.6873558194496,
      303.92963844303307,
      304.17604222493514,
      304.42631648149086,
      304.6784445697928,
      304.9303846136203,
      305.1806715839978,
      305.4426037156843,
      305.71939613770195,
      306.0070514938921,
      306.3004702383269,
      306.5957441690138,
      306.8966713130929,
      307.2033896198499,
      307.5133595094153,
      307.82387971988237,
      308.1329795181385,
      308.43652869028426,
      308.73305414114236,
      309.02293642161095,
      309.307015863826,
      309.58603193515023,
      309.86321758830474,
      310.1396670491079,
      310.4149585366751,
      310.68836716129084,
      310.9593344335966,
      311.22154583431694,
      311.4732625273869,
      311.7159923775248,
      311.9518346826996,
      312.18246254232264,
      312.4069129689911,
      312.6253719549414,
      312.8388689860784,
      313.0484574892808,
      313.25492846350477,
      313.43457762488737,
      313.5813930271328,
      313.70197748164514,
      313.80500112178333,
      313.89721176660595,
      313.9913157132069,
      314.0922543097397,
      314.19955071919543,
      314.31132847779963,
      314.4259391027759,
      314.5154783128402,
      314.57219861167556,
      314.6026863671838,
      314.6160586267374,
      314.6194602999699,
      314.61544507342325,
      314.60635770673974,
      314.5945148961614,
      314.58170801187265,
      314.5691255310993,
      314.55116049547865,
      314.5265625810624,
      314.49721033750427,
      314.46542064698565,
      314.4329467076116,
      314.3778384231807,
      314.29469908604517,
      314.18995622023283,
      314.071894980091,
      313.94690634169143,
      313.83835886022524,
      313.7538438728255,
      313.6898258870491,
      313.640430479175,
      313.6008773039385,
      313.5444309941258,
      313.4628648542987,
      313.36106240373596,
      313.2464551303101,
      313.1249437752407,
      313.00610620666623,
      312.89382178357977,
      312.788011048231,
      312.68749571577894,
      312.5911766476936,
      312.4977218262177,
      312.4064580554072,
      312.31716871314063,
      312.2297912742866,
      312.1442862693921,
      312.05514565139333,
      311.96087630854686,
      311.8628465654266,
      311.7629048030162,
      311.6624773374241,
      311.56248497353084,
      300.0,
      300.0000028545192,
      300.00002037290426,
      300.0000790057556,
      300.00022143261623,
      300.00051206319796,
      300.0010494398489,
      300.00197679570033,
      300.00348130080727,
      300.00578052369553,
      300.00909865470544,
      300.01363927453656,
      300.01956321788884,
      300.0269772485694,
      300.0359337523672,
      300.0464448964002,
      300.05850787832156,
      300.07212939981514,
      300.0873389289111,
      300.1041883112266,
      300.12274578017934,
      300.1430909714471,
      300.16531096810695,
      300.1894949279773,
      300.21572656012125,
      300.2440809725426,
      300.2746286377531,
      300.30744129066835,
      300.342593617421,
      300.3801588387655,
      300.42020234821,
      300.4627771769632,
      300.5079215170126,
      300.55565705231015,
      300.6059872658612,
      300.6589016117945,
      300.71438684493575,
      300.77243877764295,
      300.83306723460964,
      300.89629243443926,
      300.96213836196705,
      301.03062789621225,
      301.1017797084507,
      301.1756051607961,
      301.2521043650799,
      301.33126104447933,
      301.41303717629904,
      301.4973695307225,
      301.58416969075864,
      301.67332737121427,
      301.7647168162932,
      301.8582050198557,
      301.9536591853232,
      302.05095170196,
      302.14996206704916,
      302.2505743272553,
      302.3526708689276,
      302.4561263226377,
      302.5608052605635,
      302.66656418532995,
      302.77325560620835,
      302.8807319858998,
      302.98884886781417,
      303.09746771926893,
      303.20645846152996,
      303.3156921185646,
      303.4250220766415,
      303.5342657675461,
      303.6431992556823,
      303.751567127008,
      303.8591052810825,
      303.96556922166843,
      304.07075770191346,
      304.17452539171876,
      304.2767836657621,
      304.37748262489833,
      304.4765775289483,
      304.5739963793989,
      304.66962432542465,
      304.76330802900463,
      304.8548725589142,
      304.94414137078064,
      305.0309531786881,
      305.1151737774075,
      305.19670264183173,
      305.27547268211265,
      305.3514440357588,
      305.4245958506536,
      305.49492048504914,
      305.56242132369766,
      305.627104251458,
      305.68895994485916,
      305.74794685130814,
      305.8039861260044,
      305.8569706548328,
      305.9067903321058,
      305.95336741047845,
      305.99668671499273,
      306.03680911164923,
      306.0738663621809,
      306.10803431778993,
      306.13949151585814,
      306.1683807615545,
      306.19478884162504,
      306.218747107479,
      306.2402486058187,
      306.2592730950837,
      306.27580984382104,
      306.28987215014996,
      306.3015023508091,
      306.3107693925433,
      306.3177625576718,
      306.32258408762993,
      306.3253428570738,
      306.3261497148228,
      306.325112248927,
      306.3223285498159,
      306.3178819484473,
      306.3118393944229,
      306.3042537010489,
      306.2951681054153
    ],
    "status": "success"
  }
}