{
  "final_status": "weak_pass",
  "final_lambda": 3.6104427520027877e-09,
  "final_reg_order": 0,
  "final_residual_norm": 7.796741081090275,
  "final_reg_norm": 192749.56227010817,
  "n_iterations": 1,
  "summary_notes": [
    "Completed in 1 iteration(s)"
  ],
  "final_config": {
    "parameterization_type": "piecewise_constant",
    "num_parameters": 24,
    "reg_order": 0,
    "lambda_strategy": "discrepancy",
    "lambda_value": 3.6104427520027877e-09,
    "lambda_grid": null,
    "max_retries": 8,
    "physical_bounds": [
      -500000.0,
      500000.0
    ],
    "planner_notes": [
      "num_parameters=24 (\u2248 N_t/5)",
      "reg_order=0 (default first-difference smoothness)",
      "noise_std provided \u2192 using discrepancy principle for lambda",
      "physical_bounds=(-500000.0, 500000.0) applied"
    ],
    "stop_tolerance": 0.001,
    "iteration_budget": 12,
    "skip_verifier": false
  },
  "final_result": {
    "estimated_x": [
      2193.6844082981015,
      -686.4218363006948,
      2234.1166187757,
      1537.7036931531964,
      2507.1419362170077,
      -2561.694735080232,
      13912.950517005895,
      31240.326368217855,
      43636.962447700294,
      48004.042290023615,
      45914.309191674576,
      50578.45894973717,
      52414.086930614,
      53936.27556880312,
      49713.75973160292,
      47353.48128787973,
      48114.54291911809,
      51814.710567891525,
      47887.11606375099,
      50910.1203699853,
      51864.60790815061,
      45553.39806446936,
      39328.80391945733,
      22709.884241819862
    ],
    "fitted_y": [
      300.0,
      300.00318715667925,
      300.01039793630014,
      300.02079435566714,
      300.03325676683187,
      300.0427276948004,
      300.0475320684459,
      300.0484125508208,
      300.0466231187128,
      300.0431811202466,
      300.0430113439421,
      300.0476534897376,
      300.05625218914827,
      300.06747505995287,
      300.08025608114866,
      300.09287393158894,
      300.10462226612253,
      300.11550019498355,
      300.1257031289036,
      300.13541305387133,
      300.14616590666367,
      300.1584134301838,
      300.1718375087951,
      300.1859772724606,
      300.20046985662697,
      300.2077122276027,
      300.205625793184,
      300.1960609475153,
      300.18155570279794,
      300.1641004999698,
      300.1689505967859,
      300.20320887566265,
      300.26108104784214,
      300.3344591424709,
      300.416966415872,
      300.52955094639753,
      300.676194847098,
      300.84868849920525,
      301.0372341906965,
      301.23436966542187,
      301.4532194665298,
      301.695502522782,
      301.9546837667099,
      302.2233814953245,
      302.49606240871134,
      302.7754899600783,
      303.0611586826628,
      303.3501352217879,
      303.63948327863125,
      303.9270973113959,
      304.2086322372169,
      304.4825451047328,
      304.74924648818967,
      305.00963474257367,
      305.2645056409805,
      305.5212283230001,
      305.7820114481418,
      306.0453951016032,
      306.309251412536,
      306.57193244575245,
      306.8350572987481,
      307.09872362088004,
      307.36191340052034,
      307.6235461917462,
      307.88285092136414,
      308.14157650685246,
      308.40005944511427,
      308.6576126236464,
      308.91343694016086,
      309.1669536674525,
      309.41168325528423,
      309.6458389633002,
      309.87096355307494,
      310.0892059670757,
      310.3022779578252,
      310.50791346316896,
      310.70596518922224,
      310.8978209263407,
      311.0850060400225,
      311.2686784641546,
      311.4507195548972,
      311.6319186942887,
      311.8123057480517,
      311.99170153336513,
      312.1699432705098,
      312.35230345482177,
      312.5401380672995,
      312.7320099003976,
      312.92602506231594,
      313.1207160890084,
      313.30941457017974,
      313.4900339236836,
      313.66372583481717,
      313.83229402460194,
      313.997190421893,
      314.16378342166456,
      314.33384284626305,
      314.50659827267305,
      314.6807477301356,
      314.85524171845736,
      315.03077209398555,
      315.20727694899335,
      315.3841398881381,
      315.5607286523016,
      315.7365827217072,
      315.90224001291097,
      316.0551205488555,
      316.197537849244,
      316.33266262389293,
      316.46298458594043,
      316.58111518811944,
      316.68571554880884,
      316.7797972969635,
      316.86692431135566,
      316.94981007416396,
      317.0060901812016,
      317.03052919096814,
      317.0301397264833,
      317.01379844522125,
      316.9883487761547,
      316.9582893845593,
      300.0,
      300.0000012435983,
      300.0000088756489,
      300.00003441960666,
      300.00009646921933,
      300.000217645978,
      300.0004183773046,
      300.0007106653364,
      300.00109472774784,
      300.00155926581533,
      300.00208597585436,
      300.0026569360854,
      300.003261488522,
      300.00389984410685,
      300.00458285021034,
      300.0053287202111,
      300.00615835002014,
      300.00709100469015,
      300.00814152527613,
      300.0093192648806,
      300.0106288887954,
      300.0120725054167,
      300.0136519268856,
      300.01537004902957,
      300.0172310836447,
      300.0192370950617,
      300.0213809552294,
      300.0236397989165,
      300.0259728719403,
      300.0283245484239,
      300.0306399831421,
      300.03289213104915,
      300.03510626271964,
      300.0373691120209,
      300.039820249682,
      300.0426417929153,
      300.0460563722128,
      300.050327070769,
      300.0557495680202,
      300.06263403860225,
      300.07128878349994,
      300.0820133246206,
      300.09509659427056,
      300.110812743457,
      300.12941183702134,
      300.15111050734305,
      300.17608691817844,
      300.2044795913961,
      300.2363877178967,
      300.2718714585027,
      300.3109512719904,
      300.3536068231887,
      300.39977740698754,
      300.4493653967416,
      300.5022425385376,
      300.55826045639674,
      300.6172642882148,
      300.67910495023006,
      300.7436461718045,
      300.8107655391444,
      300.8803524431503,
      300.9523056939743,
      301.02653134182043,
      301.1029403733848,
      301.181446094806,
      301.26196246152097,
      301.3444040172012,
      301.4286865165022,
      301.51472725159897,
      301.6024445311671,
      301.6917542817498,
      301.78256396983704,
      301.8747671997951,
      301.9682423368107,
      302.062855535254,
      302.1584652784629,
      302.25492604386244,
      302.3520910900076,
      302.4498155255477,
      302.54795979461676,
      302.64639362804024,
      302.74499984011527,
      302.84367685768996,
      302.94233954520956,
      303.04091823508435,
      303.13935874746755,
      303.2376244416546,
      303.3356979322308,
      303.4335802604013,
      303.5312868583937,
      303.62883947922074,
      303.7262555967736,
      303.82353916480747,
      303.9206763411851,
      304.0176364458851,
      304.1143782115589,
      304.21085931404974,
      304.30704500964936,
      304.40291306168996,
      304.49845414079846,
      304.59366965740224,
      304.688569056938,
      304.7831670621139,
      304.8774811892961,
      304.9715293075392,
      305.0653239628882,
      305.158863313595,
      305.252123090155,
      305.34505441170484,
      305.4375880148522,
      305.52963900462026,
      305.6211085950577,
      305.71188471835717,
      305.801845283754,
      305.8908648201586,
      305.9788133822134,
      306.06554427450106,
      306.15088073382935,
      306.23461346802696,
      306.3165116338536,
      306.39634200073965
    ],
    "status": "success"
  }
}