{
  "final_status": "weak_pass",
  "final_lambda": 1.5535219771753954e-10,
  "final_reg_order": 1,
  "final_residual_norm": 5.1850396122533775,
  "final_reg_norm": 43528.087944534665,
  "n_iterations": 9,
  "summary_notes": [
    "Completed in 9 iteration(s)"
  ],
  "final_config": {
    "parameterization_type": "piecewise_constant",
    "num_parameters": 24,
    "reg_order": 1,
    "lambda_strategy": "fixed",
    "lambda_value": 1.5535219771753954e-10,
    "lambda_grid": null,
    "max_retries": 8,
    "physical_bounds": [
      -500000.0,
      500000.0
    ],
    "planner_notes": [
      "num_parameters=24 (\u2248 N_t/5)",
      "reg_order=1 (default first-difference smoothness)",
      "noise_std provided \u2192 using discrepancy principle for lambda",
      "physical_bounds=(-500000.0, 500000.0) applied",
      "iter0: lambda decreased to 1.989e-08 (factor=2.0)",
      "iter1: lambda decreased to 9.943e-09 (factor=2.0)",
      "iter2: lambda decreased to 4.971e-09 (factor=2.0)",
      "iter3: lambda decreased to 2.486e-09 (factor=2.0)",
      "iter4: lambda decreased to 1.243e-09 (factor=2.0)",
      "iter5: lambda decreased to 6.214e-10 (factor=2.0)",
      "iter6: lambda decreased to 3.107e-10 (factor=2.0)",
      "iter7: lambda decreased to 1.554e-10 (factor=2.0)"
    ],
    "stop_tolerance": 0.001,
    "iteration_budget": 12,
    "skip_verifier": false
  },
  "final_result": {
    "estimated_x": [
      16419.592952220446,
      9752.917405711865,
      -1425.1130088879695,
      -10382.07337752629,
      -11126.452832546489,
      -4117.779794214813,
      6420.264039923871,
      22633.321933583284,
      42358.167352652184,
      59968.910904682096,
      68456.23638803845,
      63596.45686389537,
      50870.63048824868,
      41337.472527441256,
      42342.66447255325,
      49255.94211897269,
      53934.29333714605,
      53117.27222112512,
      48098.046685205394,
      41062.979698453484,
      37616.423367496725,
      40450.205400761995,
      43238.82386626767,
      43501.252816903565
    ],
    "fitted_y": [
      300.0,
      300.0000093082576,
      300.0000664336872,
      300.00025762864095,
      300.0007220661776,
      300.00163750832087,
      300.0031917780587,
      300.0055529285458,
      300.0088488035301,
      300.01315947394477,
      300.01851371994877,
      300.02488407864166,
      300.03218441501167,
      300.04027573434615,
      300.0489807163228,
      300.0580978178966,
      300.0674090737493,
      300.0766845717545,
      300.0856888663492,
      300.0941910175603,
      300.10197585022627,
      300.10885329681355,
      300.1146643569203,
      300.1192836133299,
      300.12261905783913,
      300.1246139110267,
      300.1252517334061,
      300.1245603144159,
      300.1226096652429,
      300.1195034646194,
      300.1153726169386,
      300.1103753092536,
      300.10469839249333,
      300.0985534854137,
      300.0921661204166,
      300.0857702909127,
      300.07961392977734,
      300.0739666357218,
      300.06911884718056,
      300.06536968238896,
      300.0630193518273,
      300.06237433532084,
      300.06375574994564,
      300.06749828700345,
      300.0739362590425,
      300.08339220684843,
      300.096177265822,
      300.11259600856823,
      300.13294488830957,
      300.1575009260579,
      300.1865097451411,
      300.22018008113463,
      300.2586829933879,
      300.3021511129409,
      300.3506757660381,
      300.40430041858235,
      300.4630122892354,
      300.5267370634026,
      300.5953405742729,
      300.6686374148505,
      300.7463965764288,
      300.82833985437804,
      300.91413980217396,
      301.00342541446577,
      301.09579719122337,
      301.19084198209885,
      301.28814129314196,
      301.3872759503492,
      301.487832681007,
      301.5894143126078,
      301.69165210564967,
      301.7942171886514,
      301.89682813180326,
      301.99925351386975,
      302.10130984256534,
      302.20286031106974,
      302.3038165717366,
      302.40413969470745,
      302.5038361650338,
      302.60294806819303,
      302.70154278975855,
      302.79970587947116,
      302.8975359170796,
      302.9951390375131,
      303.092622039941,
      303.1900847368228,
      303.28761296480326,
      303.38527364068995,
      303.4831129146062,
      303.5811568761056,
      303.6794112519207,
      303.77785878074627,
      303.8764569151803,
      303.97513939924113,
      304.0738219730169,
      304.17240656142343,
      304.27078110482074,
      304.3688182203972,
      304.46637741907773,
      304.5633117867197,
      304.6594752436478,
      304.7547273868946,
      304.8489361412545,
      304.9419803074293,
      305.03375257616585,
      305.124164183855,
      305.21315068611364,
      305.3006759800941,
      305.386732673577,
      305.47133855958805,
      305.55453220204555,
      305.6363698572237,
      305.7169227207704,
      305.7962733804306,
      305.8745109253096,
      305.95172569908993,
      306.0280049682255,
      306.1034296609972,
      306.1780725362917,
      306.2519972696744,
      306.325258305199
    ],
    "status": "success"
  }
}