{
  "final_status": "weak_pass",
  "final_lambda": 9.211707177659636e-09,
  "final_reg_order": 0,
  "final_residual_norm": 15.65415558967352,
  "final_reg_norm": 184740.72637176127,
  "n_iterations": 1,
  "summary_notes": [
    "Completed in 1 iteration(s)"
  ],
  "final_config": {
    "parameterization_type": "piecewise_constant",
    "num_parameters": 24,
    "reg_order": 0,
    "lambda_strategy": "discrepancy",
    "lambda_value": 9.211707177659636e-09,
    "lambda_grid": null,
    "max_retries": 8,
    "physical_bounds": [
      -500000.0,
      500000.0
    ],
    "planner_notes": [
      "num_parameters=24 (\u2248 N_t/5)",
      "reg_order=0 (default first-difference smoothness)",
      "noise_std provided \u2192 using discrepancy principle for lambda",
      "physical_bounds=(-500000.0, 500000.0) applied"
    ],
    "stop_tolerance": 0.001,
    "iteration_budget": 12,
    "skip_verifier": false
  },
  "final_result": {
    "estimated_x": [
      3054.953090113883,
      956.8058415931155,
      3568.9551648437555,
      3403.4771561680154,
      4589.473276041799,
      1889.421469260209,
      16697.70801754864,
      28913.620463380816,
      38448.522129320285,
      43768.66131193842,
      44006.140591684925,
      49832.348736191474,
      52946.92408118554,
      54397.86855787356,
      49869.42562134554,
      46845.609839382254,
      47384.89847243375,
      50709.89590277644,
      47540.62375268346,
      49672.83430259931,
      48812.00662488482,
      39904.691453489,
      30399.877568850447,
      15933.816753121662
    ],
    "fitted_y": [
      300.0,
      300.00443847533813,
      300.01448029967787,
      300.0289584868551,
      300.0463138007525,
      300.0622820944658,
      300.07525997772484,
      300.08555103468603,
      300.0939253219165,
      300.1010383951494,
      300.11113161155606,
      300.12548262396746,
      300.1432677025625,
      300.1632616389459,
      300.1844928759896,
      300.2060777572281,
      300.22755611746913,
      300.24875320229904,
      300.2696132815244,
      300.2901213344782,
      300.3119991642904,
      300.3357032135037,
      300.3607875643699,
      300.3866558265773,
      300.41284608128086,
      300.4351343339942,
      300.4523087608113,
      300.46529503430196,
      300.4754124693785,
      300.48370525268524,
      300.5123848608996,
      300.567535051425,
      300.6437684380023,
      300.7336927338725,
      300.8315172287226,
      300.95115990192255,
      301.09490503698913,
      301.25665260096935,
      301.429312771587,
      301.60752123678407,
      301.80163100174786,
      302.0131314718264,
      302.23710414941866,
      302.46794273610453,
      302.70144027058996,
      302.9426068102941,
      303.1918278318465,
      303.44611874523713,
      303.7022370823265,
      303.9577971977165,
      304.2116340535119,
      304.46295571692445,
      304.71119009661476,
      304.9559804597776,
      305.1971453160644,
      305.44308921891013,
      305.69605033057604,
      305.9538659042283,
      306.2136517792414,
      306.47319319853796,
      306.7355939066873,
      307.0012047810647,
      307.2683743746544,
      307.5352802256502,
      307.8005873789799,
      308.0655713769696,
      308.3303129572274,
      308.5940146272134,
      308.85583229133096,
      309.11516864220727,
      309.36509259400134,
      309.6036996234432,
      309.8326517279092,
      310.05425855708614,
      310.27035953343153,
      310.47781171302904,
      310.6762717609139,
      310.86741830806653,
      311.05314055895707,
      311.2348781239586,
      311.41437748054693,
      311.5924613617293,
      311.7693174271784,
      311.9449250043756,
      312.1192378474337,
      312.2970594318147,
      312.4796499729617,
      312.6657443843938,
      312.85365757156114,
      313.0420815876155,
      313.2255542251508,
      313.4023422363611,
      313.5733458695912,
      313.74000404090077,
      313.9034793639173,
      314.0676531121086,
      314.23383469002954,
      314.4015198620085,
      314.56981596327336,
      314.73800017069453,
      314.9043440464148,
      315.0682282062237,
      315.2298111128956,
      315.389435697007,
      315.5473926787566,
      315.6909422150394,
      315.81681955837325,
      315.9285133730404,
      316.0306278609738,
      316.12674865426015,
      316.2054389132909,
      316.2645496738594,
      316.308608154733,
      316.34300524435446,
      316.37184577362547,
      316.37680081374623,
      316.3540104034639,
      316.3099923095143,
      316.2527121017685,
      316.18825902921935,
      316.1206163399365,
      300.0,
      300.000001731851,
      300.00001236034274,
      300.0000479331865,
      300.0001343442743,
      300.0003041809083,
      300.0005903767168,
      300.0010196931705,
      300.00160864573735,
      300.0023626479383,
      300.00327908558006,
      300.0043532444855,
      300.0055841137984,
      300.0069775682282,
      300.00854634089114,
      300.0103076814543,
      300.01228010693126,
      300.01448045260315,
      300.01692188697973,
      300.0196129849699,
      300.022558326401,
      300.02576038520135,
      300.0292215736435,
      300.03294538141824,
      300.0369363272703,
      300.0411975631504,
      300.04572649194756,
      300.0505107884607,
      300.0555269923448,
      300.06074207595685,
      300.06612532685676,
      300.071670277749,
      300.07741484245827,
      300.08344836816946,
      300.08990340815194,
      300.0969446375557,
      300.1047633671909,
      300.1135742852443,
      300.1236079737192,
      300.1350974117249,
      300.1482670792234,
      300.1633298300563,
      300.18048757869656,
      300.19992974754797,
      300.22182728973166,
      300.2463273521744,
      300.2735521848639,
      300.3036006245134,
      300.3365489830863,
      300.3724499635763,
      300.41133064711926,
      300.4531911144953,
      300.4980045478989,
      300.5457189504967,
      300.59626004934086,
      300.6495382043194,
      300.70545936281263,
      300.76393542956407,
      300.82488962187733,
      300.88825576818067,
      300.9539753589926,
      301.02199548297773,
      301.0922674294526,
      301.1647447098149,
      301.23937998656095,
      301.3161224387905,
      301.3949166863447,
      301.4757027409367,
      301.5584161794702,
      301.6429879447415,
      301.7293414230912,
      301.81738680654905,
      301.90701617828825,
      301.99810280643754,
      302.09050503778894,
      302.1840713902089,
      302.27864427244504,
      302.37406270866603,
      302.47016567606886,
      302.56679632144505,
      302.6638067628422,
      302.7610625740866,
      302.8584457959729,
      302.95585611860884,
      303.0532102190449,
      303.15044179572897,
      303.24750328947556,
      303.3443671841942,
      303.4410249584725,
      303.5374831181017,
      303.633755805242,
      303.7298553968892,
      303.8257843180851,
      303.92153107943534,
      304.01707070033035,
      304.1123693786506,
      304.2073917321308,
      304.30210738734564,
      304.3964948899826,
      304.49054225303746,
      304.5842447008298,
      304.67760098088075,
      304.7706096642242,
      304.8632668909515,
      304.9555655694935,
      305.04749068536006,
      305.1390095550055,
      305.2300627689951,
      305.32056232066043,
      305.4103979232057,
      305.4994430046228,
      305.58755553251524,
      305.6745771848133,
      305.76033676387203,
      305.84465916650043,
      305.9273690960691,
      306.00828492578654,
      306.0872103625776,
      306.1639339019798,
      306.2382384681457,
      306.30991708420714
    ],
    "status": "success"
  }
}