{
  "final_status": "fail",
  "final_lambda": 1.0,
  "final_reg_order": 1,
  "final_residual_norm": 14.824910430813254,
  "final_reg_norm": 0.014952297718984988,
  "n_iterations": 1,
  "summary_notes": [
    "Completed in 1 iteration(s)"
  ],
  "final_config": {
    "parameterization_type": "piecewise_constant",
    "num_parameters": 24,
    "reg_order": 1,
    "lambda_strategy": "fixed",
    "lambda_value": 0.5,
    "lambda_grid": null,
    "max_retries": 1,
    "physical_bounds": null,
    "planner_notes": [
      "num_parameters=24 (\u2248 N_t/5)",
      "reg_order=1 (default first-difference smoothness)",
      "noise_std provided \u2192 using discrepancy principle for lambda",
      "lambda_value=1.0 supplied \u2192 strategy forced to 'fixed'",
      "iter0: lambda decreased to 5.000e-01 (factor=2.0)"
    ],
    "stop_tolerance": 0.001,
    "iteration_budget": 1,
    "skip_verifier": false
  },
  "final_result": {
    "estimated_x": [
      42040.46287304223,
      42040.462019564824,
      42040.46007541189,
      42040.45705462564,
      42040.453093454686,
      42040.44843956026,
      42040.44345032513,
      42040.438448426336,
      42040.43375855181,
      42040.42960612736,
      42040.426069448265,
      42040.42309282293,
      42040.42047749277,
      42040.41798828378,
      42040.41542458763,
      42040.412699651344,
      42040.409832270474,
      42040.4069324214,
      42040.404175889766,
      42040.40179630146,
      42040.39996429241,
      42040.3987672972,
      42040.39818827451,
      42040.3980442927
    ],
    "fitted_y": [
      300.0,
      300.06107968016494,
      300.19926934490877,
      300.3985096188295,
      300.637343213987,
      300.89903908606425,
      301.1725419717027,
      301.45100000303324,
      301.7302733427436,
      302.00789245554296,
      302.2824051945845,
      302.55298122589,
      302.81917324659463,
      303.0807717124337,
      303.3377152465485,
      303.59003455780646,
      303.83781695154516,
      304.0811835379186,
      304.3202745403981,
      304.55523973857123,
      304.78623228251223,
      305.0134046666559,
      305.2369062481576,
      305.4568816122759,
      305.6734697016092,
      305.88680329787405,
      306.0970088330736,
      306.30420638343526,
      306.5085097932166,
      306.7100268552691,
      306.90885957615285,
      307.1051044087737,
      307.29885257841687,
      307.49019034018403,
      307.67919925268785,
      307.8659564646555,
      308.05053496434203,
      308.2330038243244,
      308.4134284446018,
      308.5918707737198,
      308.76838949785196,
      308.9430402511927,
      309.1158758082754,
      309.2869462245141,
      309.45629903111626,
      309.6239793460922,
      309.79003004982417,
      309.9544919297448,
      310.11740374713105,
      310.27880238195735,
      310.4387229471986,
      310.5971988959118,
      310.7542621206799,
      310.9099430064439,
      311.0642705396496,
      311.2172723779685,
      311.36897495833045,
      311.5194035272138,
      311.66858222010404,
      311.81653411341205,
      311.96328128755613,
      312.10884489821393,
      312.2532452329889,
      312.3965017122215,
      312.53863296488237,
      312.67965687272243,
      312.81959061490267,
      312.9584507079568,
      313.09625304490777,
      313.23301286842656,
      313.368744884175,
      313.50346325304315,
      313.63718164781056,
      313.7699132444176,
      313.90167075484635,
      314.0324664350784,
      314.16231215899137,
      314.2912194247885,
      314.4191993509483,
      314.5462626780014,
      314.6724198192933,
      314.7976808874515,
      314.9220557055574,
      315.04555381017815,
      315.16818443160446,
      315.2899565541235,
      315.4108789401843,
      315.53096011288824,
      315.650208380512,
      315.7686318286886,
      315.88623830919744,
      316.00303553307197,
      316.11903102923884,
      316.234232135677,
      316.3486460298695,
      316.46227970619583,
      316.57514003701766,
      316.68723376249505,
      316.79856747003305,
      316.909147608094,
      317.0189804930694,
      317.1280723426824,
      317.2364292755177,
      317.3440572645193,
      317.4509621915539,
      317.5571498241479,
      317.6626258496548,
      317.7673958845191,
      317.8714654162144,
      317.97483986272994,
      318.0775245502144,
      318.17952473838824,
      318.2808456275843,
      318.38149231061993,
      318.4814698348112,
      318.58078313963125,
      318.679437147911,
      318.7774367156363,
      318.87478660319675,
      318.9714915422743,
      319.0675561689342,
      300.0,
      300.00002383271374,
      300.0001700957491,
      300.0006596282471,
      300.0018487666791,
      300.00420232663095,
      300.0082412415673,
      300.01448545321495,
      300.0234069702212,
      300.03539953300236,
      300.0507645597794,
      300.0697099732218,
      300.0923572095063,
      300.1187528419326,
      300.14888167899966,
      300.1826797525552,
      300.2200460585063,
      300.26085261516465,
      300.30495286312566,
      300.3521882991434,
      300.4023937717596,
      300.45540147214086,
      300.5110439570772,
      300.5691563618666,
      300.6295780157705,
      300.692153498274,
      300.7567333655603,
      300.8231745687101,
      300.8913406902845,
      300.96110202079933,
      301.032335472697,
      301.10492448236676,
      301.1787587878977,
      301.25373424507086,
      301.3297525549329,
      301.4067210296059,
      301.48455227923216,
      301.5631639992864,
      301.6424786885883,
      301.72242339121516,
      301.80292945753155,
      301.88393231477465,
      301.9653712256901,
      302.04718909018453,
      302.1293322398116,
      302.2117502346478,
      302.2943956888409,
      302.37722408182026,
      302.4601936101333,
      302.5432650512331,
      302.6264015651332,
      302.7095686155453,
      302.7927337763099,
      302.87586667404236,
      302.95893883758197,
      303.0419235785068,
      303.1247959266099,
      303.20753246739685,
      303.29011134686425,
      303.3725121137794,
      303.4547156336508,
      303.53670406244026,
      303.61846071990607,
      303.6999700704843,
      303.7812176420398,
      303.86218993027717,
      303.94287440113004,
      304.0232593664935,
      304.1033340224594,
      304.1830883393902,
      304.26251299261753,
      304.34159939828686,
      304.42033959864955,
      304.4987262859596,
      304.57675273317284,
      304.6544127413741,
      304.7317006493349,
      304.80861126421007,
      304.8851398782656,
      304.96128222347545,
      305.0370344046102,
      305.1123929255233,
      305.18735464852415,
      305.2619167848192,
      305.33607688734446,
      305.40983275517766,
      305.48318251000853,
      305.5561245124975,
      305.62865739573124,
      305.7007800508863,
      305.7724915244723,
      305.843791130648,
      305.91467832934444,
      305.9851527979564,
      306.0552144002775,
      306.12486311242014,
      306.19409909928606,
      306.26292263092495,
      306.33133414944683,
      306.3993342236182,
      306.46692349389957,
      306.5341027560856,
      306.6008728585458,
      306.6672347930343,
      306.7331896373369,
      306.7987385170364,
      306.86388266286554,
      306.92862335574307,
      306.99296195545,
      307.05689991974776,
      307.12043870639985,
      307.18357986398127,
      307.2463249530172,
      307.3086756152849,
      307.37063356186474,
      307.4322004703823,
      307.49337812122235,
      307.5541682660939,
      307.6145727331776,
      307.67459339605927,
      307.7342320972582
    ],
    "status": "success"
  }
}