{
  "final_status": "fail",
  "final_lambda": 390625.0,
  "final_reg_order": 1,
  "final_residual_norm": 38.09512018670986,
  "final_reg_norm": 2.1399388588239582e-07,
  "n_iterations": 9,
  "summary_notes": [
    "Completed in 9 iteration(s)"
  ],
  "final_config": {
    "parameterization_type": "piecewise_constant",
    "num_parameters": 24,
    "reg_order": 1,
    "lambda_strategy": "fixed",
    "lambda_value": 390625.0,
    "lambda_grid": null,
    "max_retries": 8,
    "physical_bounds": [
      -500000.0,
      500000.0
    ],
    "planner_notes": [
      "num_parameters=24 (\u2248 N_t/5)",
      "reg_order=1 (default first-difference smoothness)",
      "noise_std provided \u2192 using discrepancy principle for lambda",
      "lambda_value=1.0 supplied \u2192 strategy forced to 'fixed'",
      "physical_bounds=(-500000.0, 500000.0) applied",
      "iter0: lambda increased to 5.000e+00 (factor=5.0)",
      "iter1: lambda increased to 2.500e+01 (factor=5.0)",
      "iter2: lambda increased to 1.250e+02 (factor=5.0)",
      "iter3: lambda increased to 6.250e+02 (factor=5.0)",
      "iter4: lambda increased to 3.125e+03 (factor=5.0)",
      "iter5: lambda increased to 1.562e+04 (factor=5.0)",
      "iter6: lambda increased to 7.812e+04 (factor=5.0)",
      "iter7: lambda increased to 3.906e+05 (factor=5.0)"
    ],
    "stop_tolerance": 0.001,
    "iteration_budget": 12,
    "skip_verifier": false
  },
  "final_result": {
    "estimated_x": [
      30888.42256752132,
      30888.422567529855,
      30888.422567549365,
      30888.42256757954,
      30888.4225676199,
      30888.42256766946,
      30888.42256772698,
      30888.422567790323,
      30888.42256785726,
      30888.422567925623,
      30888.42256799339,
      30888.422568059003,
      30888.42256812076,
      30888.422568177422,
      30888.422568228114,
      30888.422568272286,
      30888.42256830979,
      30888.42256834053,
      30888.422568364465,
      30888.42256838202,
      30888.42256839376,
      30888.42256840052,
      30888.42256840362,
      30888.422568404458
    ],
    "fitted_y": [
      300.0,
      300.0448771217606,
      300.146409323534,
      300.29279728771786,
      300.4682756841576,
      300.6605517003283,
      300.8615026940699,
      301.06609438683915,
      301.2712851123703,
      301.4752604267946,
      301.6769533950202,
      301.87575394554835,
      302.07133343058376,
      302.26353789073704,
      302.4523222299499,
      302.6377090138096,
      302.8197623888428,
      302.998571337417,
      303.17423888481676,
      303.3468750777849,
      303.5165924440145,
      303.6835030265971,
      303.8477165614983,
      304.00933927834393,
      304.16847326130767,
      304.3252160733692,
      304.4796606088265,
      304.63189508978445,
      304.78200315921197,
      304.9300640143838,
      305.0761526070414,
      305.2203398049275,
      305.3626926323306,
      305.503274461468,
      305.64214521440283,
      305.77936157900837,
      305.91497718279226,
      306.0490427737442,
      306.1816064011839,
      306.31271357905075,
      306.44240742987984,
      306.57072883053337,
      306.697716554421,
      306.82340737684785,
      306.9478362189906,
      307.07103623393164,
      307.1930389278099,
      307.31387426692436,
      307.4335707286526,
      307.5521554085549,
      307.66965410816437,
      307.7860914069748,
      307.90149073618437,
      308.01587441907935,
      308.12926375180086,
      308.24167905777495,
      308.35313976145625,
      308.4636644111533,
      308.5732707387261,
      308.68197569821353,
      308.7897955149963,
      308.8967457332031,
      309.0028412578502,
      309.1080963565972,
      309.21252471593255,
      309.3161394762901,
      309.4189532601416,
      309.5209782018452,
      309.62222597749445,
      309.7227077856043,
      309.82243443314565,
      309.9214163250102,
      310.0196635061502,
      310.1171856563103,
      310.2139921146097,
      310.3100918883205,
      310.40549370203064,
      310.50020600291083,
      310.59423695895913,
      310.68759446075666,
      310.7802861618511,
      310.8723194928031,
      310.96370166996513,
      311.05443969899335,
      311.144540360801,
      311.23401025896516,
      311.3228558320176,
      311.4110833411535,
      311.49869888954623,
      311.585708417079,
      311.67211769507804,
      311.75793238952144,
      311.8431580311904,
      311.9278000104017,
      312.0118635998334,
      312.09535394047833,
      312.1782760820274,
      312.26063497584664,
      312.3424354609306,
      312.4236822744372,
      312.50438005871104,
      312.58453338235296,
      312.66414674021996,
      312.74322452006516,
      312.821771042921,
      312.8997905472973,
      312.97728721200644,
      313.0542651631868,
      313.13072843216327,
      313.20668099934244,
      313.2821267784105,
      313.35706963389094,
      313.43151338641235,
      313.5054617775921,
      313.5789185156871,
      313.6518872299435,
      313.7243715373165,
      313.7963750055988,
      313.86790113235116,
      313.9389533940646,
      314.00953519699794,
      300.0,
      300.0000175106286,
      300.0001249745844,
      300.00048464918416,
      300.00135834580567,
      300.00308757877264,
      300.00605509394336,
      300.01064290851764,
      300.017197821788,
      300.0260091269691,
      300.03729828531755,
      300.05121806403207,
      300.06785768602555,
      300.0872513701531,
      300.1093879547717,
      300.1342204405321,
      300.1616746166418,
      300.1916564510421,
      300.2240582620576,
      300.25876359250674,
      300.29565110056257,
      300.3345974919445,
      300.37547974101005,
      300.41817671662864,
      300.4625703691049,
      300.50854650624393,
      300.55599532711534,
      300.6048117293192,
      300.6548954828102,
      300.7061512860838,
      300.758488702967,
      300.8118220906303,
      300.86607043629834,
      300.9211572220528,
      300.9770102246707,
      301.03356134355596,
      301.09074637072877,
      301.1485048345594,
      301.2067797925832,
      301.2655176418737,
      301.3246679434627,
      301.3841832537827,
      301.4440189473308,
      301.50413307093714,
      301.56448619276586,
      301.6250412530716,
      301.6857634360258,
      301.7466200310086,
      301.80758032374865,
      301.86861549624234,
      301.92969848102234,
      301.9908039032158,
      302.0519079383245,
      302.1129882700854,
      302.17402397985506,
      302.23499545881964,
      302.2958843605879,
      302.3566734817966,
      302.4173467656225,
      302.4778891858988,
      302.5382866839066,
      302.59852614906083,
      302.65859532585273,
      302.71848279980355,
      302.778177937767,
      302.83767081769724,
      302.89695223040474,
      302.95601358825434,
      303.01484695325826,
      303.073444956309,
      303.13180074626115,
      303.18990801626836,
      303.2477609195049,
      303.3053540867235,
      303.3626825753372,
      303.41974183079157,
      303.4765276935881,
      303.5330363483656,
      303.58926433619115,
      303.6452085211996,
      303.70086604143125,
      303.7562343281454,
      303.81131107597207,
      303.8660942358885,
      303.9205820099519,
      303.97477278106714,
      304.0286651691727,
      304.0822579697873,
      304.13555017859136,
      304.188540980892,
      304.2412296761237,
      304.29361576037064,
      304.34569883682144,
      304.3974786684425,
      304.448955155153,
      304.50012827939497,
      304.5509981623188,
      304.6015650023304,
      304.6518291242533,
      304.70179094596875,
      304.7514509380322,
      304.8008096851261,
      304.84986781056085,
      304.8986260429948,
      304.94708517429535,
      304.995246031446,
      305.04310951868564,
      305.0906765771249,
      305.137948205816,
      305.18492547579905,
      305.2316094581143,
      305.27800129052235,
