{
  "final_status": "weak_pass",
  "final_lambda": 5.333987437795182e-07,
  "final_reg_order": 2,
  "final_residual_norm": 7.771790668273592,
  "final_reg_norm": 3522.776012443677,
  "n_iterations": 1,
  "summary_notes": [
    "Completed in 1 iteration(s)"
  ],
  "final_config": {
    "parameterization_type": "piecewise_constant",
    "num_parameters": 24,
    "reg_order": 2,
    "lambda_strategy": "discrepancy",
    "lambda_value": 5.333987437795182e-07,
    "lambda_grid": null,
    "max_retries": 8,
    "physical_bounds": [
      -500000.0,
      500000.0
    ],
    "planner_notes": [
      "num_parameters=24 (\u2248 N_t/5)",
      "reg_order=2 (default first-difference smoothness)",
      "noise_std provided \u2192 using discrepancy principle for lambda",
      "physical_bounds=(-500000.0, 500000.0) applied"
    ],
    "stop_tolerance": 0.001,
    "iteration_budget": 12,
    "skip_verifier": false
  },
  "final_result": {
    "estimated_x": [
      -9391.404540754313,
      -5651.727407453127,
      -1762.0949338961934,
      2605.7307514717227,
      7784.936315603361,
      13946.096413035935,
      20970.018969523066,
      28387.203429914687,
      35474.284341154635,
      41557.574217677015,
      46229.543760754714,
      49368.27619786718,
      51094.51921135943,
      51702.1805731075,
      51557.45802373318,
      50994.16910431396,
      50311.324218730915,
      49722.633323516544,
      49355.51013083096,
      49242.36906425346,
      49315.91269313295,
      49512.897471501565,
      49768.293851971255,
      50034.38435025355
    ],
    "fitted_y": [
      300.0,
      299.9863554312573,
      299.95548528958267,
      299.9109770733234,
      299.8576241186517,
      299.8045972634191,
      299.75579210331745,
      299.71131072455313,
      299.67016920767657,
      299.63143092472234,
      299.600088019175,
      299.5771996194739,
      299.56101156069366,
      299.54936572315654,
      299.5405986695617,
      299.5399527492239,
      299.54840020855585,
      299.5638438300789,
      299.5837890226694,
      299.60633242162646,
      299.63774691793355,
      299.6792308181604,
      299.7283352878137,
      299.78213565055773,
      299.8384052680526,
      299.9046393093608,
      299.9822927167546,
      300.06847917196114,
      300.1597442130016,
      300.25346204744216,
      300.35812674683353,
      300.47537284230924,
      300.6019023863491,
      300.7337796508578,
      300.86801930900305,
      301.01345852558546,
      301.17174854388855,
      301.3393687152735,
      301.5121472480238,
      301.6869292964193,
      301.8719693515153,
      302.06873693493225,
      302.2738115997067,
      302.4831823109293,
      302.6938286575205,
      302.9126429157236,
      303.14077858980704,
      303.3752460247666,
      303.61258163108175,
      303.85019186248,
      304.09320484275315,
      304.34241851334315,
      304.5954977934769,
      304.84977324354776,
      305.10326116193954,
      305.35926544623845,
      305.6182516292169,
      305.8786250634809,
      306.1385933212308,
      306.3968403929167,
      306.65505592723287,
      306.9134373403557,
      307.1710922188383,
      307.4270452000399,
      307.68059787286126,
      307.93221669953437,
      308.18191795935826,
      308.42938128447514,
      308.6742849665458,
      308.91642071578116,
      309.15547792369404,
      309.3913761041761,
      309.62419164944885,
      309.854046564862,
      310.08106152918464,
      310.3045269340921,
      310.52432553072964,
      310.740761263631,
      310.95420363336194,
      311.1649533557287,
      311.3722384003919,
      311.57595807827556,
      311.77649289659,
      311.97428525714196,
      312.1696839951006,
      312.36207917874754,
      312.55141553891997,
      312.7380373197885,
      312.92233278138355,
      313.10460391972765,
      313.28452685098944,
      313.46210352640253,
      313.63757210563097,
      313.81119014944335,
      313.9831564257833,
      314.15344453936893,
      314.32210525886234,
      314.4892470234425,
      314.65497470698057,
      314.81936902316056,
      314.98259493456396,
      315.14472249109025,
      315.3057550537453,
      315.46567977838436,
      315.6244876978822,
      315.7824630855215,
      315.9396845484053,
      316.09608369928156,
      316.251568772003,
      316.40607114478007,
      316.55992034055686,
      316.7131921159513,
      316.8657800037178,
      317.01755247289634,
      317.16841130623874,
      317.3186821003476,
      317.468432473927,
      317.61754433438534,
      317.7658760492796,
      317.91332229865327,
      318.0598175255651,
      300.0,
      299.99999467601816,
      299.999962002369,
      299.99985264587264,
      299.9995870046473,
      299.9990633637199,
      299.99817412304213,
      299.99682277673566,
      299.994935580587,
      299.9924659252223,
      299.9893950203432,
      299.98573179327354,
      299.98151153393775,
      299.9767918321086,
      299.9716458995179,
      299.9661571946735,
      299.9604174358729,
      299.95452596553855,
      299.94858762551036,
      299.94270831409494,
      299.93699223433487,
      299.9315428958868,
      299.92646521470834,
      299.921865323471,
      299.91784708579775,
      299.9145102187518,
      299.91195249893724,
      299.91027300159357,
      299.90957239561794,
      299.9099491609272,
      299.91149741977944,
      299.9143093386803,
      299.91847873340464,
      299.92410136463195,
      299.9312706596781,
      299.94007495952764,
      299.95059965072875,
      299.96293068789606,
      299.9771548459412,
      299.99335529085323,
      300.0116084588083,
      300.031985660935,
      300.0545562456953,
      300.0793878857605,
      300.10654260196776,
      300.1360737891495,
      300.1680273715467,
      300.20244449731035,
      300.2393620179911,
      300.2788094850357,
      300.320806814259,
      300.36536516744104,
      300.4124891847549,
      300.46217770409083,
      300.5144219411172,
      300.5692039911827,
      300.6264975366782,
      300.6862695707442,
      300.7484812704916,
      300.8130872661642,
      300.88003495172126,
      300.94926503855316,
      301.0207127562651,
      301.09430875612327,
      301.1699791903754,
      301.24764566803594,
      301.32722567710755,
      301.4086333144834,
      301.4917800831853,
      301.57657546703604,
      301.66292728743497,
      301.75074199631763,
      301.83992500790754,
      301.930381318924,
      302.0220162500714,
      302.114735951359,
      302.20844756349186,
      302.30305921798004,
      302.39848043508226,
      302.4946228125037,
      302.59140053233176,
      302.68873044115526,
      302.7865318645105,
      302.8847268151565,
      302.9832404884459,
      303.0820016552274,
      303.1809426843588,
      303.2799992856503,
      303.37911054822763,
      303.4782191829415,
      303.5772717348128,
      303.67621858359934,
      303.7750136966464,
      303.87361455229694,
      303.97198212811315,
      304.07008090679847,
      304.16787887522,
      304.26534730695204,
      304.362460629483,
      304.45919621047113,
      304.55553417047656,
      304.6514573455617,
      304.74695109482616,
      304.84200314578567,
      304.93660328405736,
      305.03074308072183,
      305.12441589133704,
      305.21761672395303,
      305.3103421443358,
      305.4025899433381,
      305.4943588599054,
      305.58564861354466,
      305.6764598366618,
      305.7667940286357,
      305.85665326874664,
      305.94603995966276,
      306.0349568927947,
      306.1234072367038,
      306.2113945386275,
      306.29892250054775,
      306.3859946111693
    ],
    "status": "success"
  }
}