{
  "final_status": "weak_pass",
  "final_lambda": 9.057323666208812e-09,
  "final_reg_order": 1,
  "final_residual_norm": 3.9693327647930343,
  "final_reg_norm": 22501.83367729362,
  "n_iterations": 1,
  "summary_notes": [
    "Completed in 1 iteration(s)"
  ],
  "final_config": {
    "parameterization_type": "piecewise_constant",
    "num_parameters": 6,
    "reg_order": 1,
    "lambda_strategy": "discrepancy",
    "lambda_value": 9.057323666208812e-09,
    "lambda_grid": null,
    "max_retries": 8,
    "physical_bounds": [
      -500000.0,
      500000.0
    ],
    "planner_notes": [
      "num_parameters=6 (\u2248 N_t/5)",
      "reg_order=1 (default first-difference smoothness)",
      "noise_std provided \u2192 using discrepancy principle for lambda",
      "physical_bounds=(-500000.0, 500000.0) applied"
    ],
    "stop_tolerance": 0.001,
    "iteration_budget": 12,
    "skip_verifier": false
  },
  "final_result": {
    "estimated_x": [
      52718.77449387931,
      43053.21654387022,
      32022.404822532128,
      45344.45429201618,
      42820.88469202003,
      32458.19703241229
    ],
    "fitted_y": [
      300.0,
      300.90096573054876,
      302.1525915509474,
      303.44835381956506,
      304.6936640203456,
      305.7036789089814,
      306.58109549516513,
      307.38901090726495,
      308.15207859115696,
      308.8804038158981,
      309.3906247830636,
      309.8011744721881,
      310.1786143502186,
      310.54466526748746,
      310.90503450166034,
      311.48836322156546,
      312.1552939988488,
      312.8278297221107,
      313.48157117351093,
      314.1111618404771,
      314.67364983588254,
      315.19693468814864,
      315.69742660436566,
      316.18124592493587,
      316.65071650549913,
      316.929836857237,
      317.1274605792941,
      317.30436130887836,
      317.4795771249685,
      317.65737207566167,
      317.83775955942883,
      300.0,
      300.0174580067455,
      300.07599491600416,
      300.19099754269945,
      300.366305560268,
      300.5943816151036,
      300.8626436059327,
      301.1590292991203,
      301.4741163641214,
      301.8011030890594,
      302.1314982474869,
      302.45686436926985,
      302.77139721265877,
      303.07234369891626,
      303.35912283363973,
      303.63673161539793,
      303.9121999520642,
      304.1905784527245,
      304.4739323365904,
      304.7621333534472,
      305.05309154953005,
      305.34404624219076,
      305.6326547631665,
      305.9173200554428,
      306.1970766415947,
      306.46794714259244,
      306.7249944182324,
      306.9650462438011,
      307.1872871336913,
      307.3925630735161,
      307.5825255264536
    ],
    "status": "success"
  }
}