{
  "final_status": "weak_pass",
  "final_lambda": 1.0,
  "final_reg_order": 1,
  "final_residual_norm": 12.313892456269306,
  "final_reg_norm": 0.014243923926447643,
  "n_iterations": 1,
  "summary_notes": [
    "Completed in 1 iteration(s)"
  ],
  "final_config": {
    "parameterization_type": "piecewise_constant",
    "num_parameters": 24,
    "reg_order": 1,
    "lambda_strategy": "fixed",
    "lambda_value": 1.0,
    "lambda_grid": null,
    "max_retries": 8,
    "physical_bounds": [
      -500000.0,
      500000.0
    ],
    "planner_notes": [
      "num_parameters=24 (\u2248 N_t/5)",
      "reg_order=1 (default first-difference smoothness)",
      "noise_std provided \u2192 using discrepancy principle for lambda",
      "lambda_value=1.0 supplied \u2192 strategy forced to 'fixed'",
      "physical_bounds=(-500000.0, 500000.0) applied"
    ],
    "stop_tolerance": 0.001,
    "iteration_budget": 12,
    "skip_verifier": false
  },
  "final_result": {
    "estimated_x": [
      41980.43726244801,
      41980.43645729971,
      41980.43461201821,
      41980.43174736485,
      41980.42798948966,
      41980.42357230941,
      41980.41881508959,
      41980.41405115609,
      41980.40958425233,
      41980.40562267118,
      41980.402241878975,
      41980.39938476146,
      41980.39688359838,
      41980.39452506118,
      41980.39211630539,
      41980.389547072715,
      41980.38681623432,
      41980.38403150171,
      41980.38138057482,
      41980.379085694156,
      41980.377327169816,
      41980.37619243932,
      41980.375642857856,
      41980.37549960872
    ],
    "fitted_y": [
      300.0,
      300.06099247025224,
      300.19898482701143,
      300.3979406245425,
      300.6364332117424,
      300.8977554330423,
      301.17086780986904,
      301.4489282574713,
      301.7278028493958,
      302.0050255763494,
      302.2791463649961,
      302.54933606694215,
      302.8151480179429,
      303.07637297287033,
      303.3329496424601,
      303.58490869192775,
      303.83233730199754,
      304.07535640983394,
      304.3141060386132,
      304.54873575400313,
      304.7793984876548,
      305.0062465163204,
      305.2294289838113,
      305.4490902688369,
      305.6653691155289,
      305.8783981162969,
      306.0883035226781,
      306.29520523934684,
      306.4992169478844,
      306.7004462871372,
      306.89899511828304,
      307.0949597565587,
      307.2884312968889,
      307.47949587109224,
      307.6682349212351,
      307.85472548616445,
      308.0390404499725,
      308.2212487865042,
      308.40141580225037,
      308.5796033572082,
      308.7558700540098,
      308.9302714474593,
      309.102860236634,
      309.2736864053564,
      309.4427974168768,
      309.6102383249954,
      309.7760519489051,
      309.9402790177114,
      310.10295823724294,
      310.2641264347383,
      310.4238186732068,
      310.58206835796926,
      310.73890733599825,
      310.89436594876554,
      311.0484731412667,
      311.2012565318107,
      311.3527425196011,
      311.50295631501274,
      311.6519220190055,
      311.7996626749936,
      311.94620033199936,
      312.0915561155192,
      312.2357502841388,
      312.3788022304101,
      312.5207305566604,
      312.6615531192655,
      312.80128707289043,
      312.93994891042973,
      313.07755450214574,
      313.21411906889455,
      313.34965729552835,
      313.48418332275713,
      313.6177108037705,
      313.7502528956141,
      313.8818222920581,
      314.012431231766,
      314.14209157169665,
      314.27081479356525,
      314.3986119998915,
      314.52549391580766,
      314.651470939943,
      314.7765531705134,
      314.90075041651096,
      315.0240722008123,
      315.1465277404739,
      315.26812600708104,
      315.3888757505936,
      315.5087854818902,
      315.6278634973227,
      315.7461178709336,
      315.8635564434098,
      315.9801869147972,
      316.0960168032248,
      316.2110534361385,
      316.32530398073163,
      316.438775421489,
      316.55147462097597,
      316.66340830969006,
      316.7745830655857,
      316.8850053278849,
      316.9946814040429,
      317.10361750292043,
      317.211819734333,
      317.319294062658,
      317.4260463613354,
      317.532082389727,
      317.6374078270791,
      317.7420282817889,
      317.8459492334623,
      317.9491760923285,
      318.05171417695806,
      318.15356873956426,
      318.2547449730401,
      318.3552479629151,
      318.45508274928767,
      318.5542542645725,
      318.6527674245688,
      318.7506270783278,
      318.8478379794422,
      318.9444048528389,
      319.0403323279651,
      300.0,
      300.0000237986853,
      300.00016985288545,
      300.00065868642616,
      300.00184612699957,
      300.0041963265253,
      300.00822947467617,
      300.01446477080367,
      300.02337354961884,
      300.03534898935374,
      300.0506920778632,
      300.0696104409445,
      300.09222534138814,
      300.11858328599726,
      300.14866910496306,
      300.18241892146864,
      300.21973187563697,
      300.26048016851473,
      300.30451744995787,
      300.35168544303446,
      300.4018192320929,
      300.45475124790056,
      300.5103142863266,
      300.5683437180665,
      300.6286791017914,
      300.69116523889954,
      300.75565289895377,
      300.8219992372839,
      300.89006803123186,
      300.9597297565166,
      301.0308615013287,
      301.10334686849035,
      301.1770757535265,
      301.25194416091836,
      301.3278539320675,
      301.4047125114386,
      301.48243263395216,
      301.5609321125999,
      301.6401335568604,
      301.71996411498003,
      301.8003552353434,
      301.88124243738685,
      301.9625650705785,
      302.0442661163543,
      302.12629198289756,
      302.208592302304,
      302.2911197563801,
      302.37382988812277,
      302.4566809537671,
      302.53963378676883,
      302.62265159974186,
      302.7056999057089,
      302.7887463248084,
      302.87176052702273,
      302.9547140818418,
      303.0375803389487,
      303.1203343637882,
      303.2029527752959,
      303.2854137506705,
      303.3676968678782,
      303.44978301974635,
      303.5316543877129,
      303.61329431535046,
      303.6946872892754,
      303.775818858014,
      303.8566755365509,
      303.93724480871396,
      304.01751500308524,
      304.09747533118093,
      304.17711577768256,
      304.25642703123407,
      304.33540052023596,
      304.4140282983007,
      304.4923030681154,
      304.57021811224024,
      304.6477672406102,
      304.72494480007936,
      304.8017456052164,
      304.87816495500886,
      304.95419858752416,
      305.0298426130944,
      305.1050935405644,
      305.17994823672313,
      305.25440391675875,
      305.3284581371007,
      305.40210869996866,
      305.47535372973385,
      305.5481915893965,
      305.62062091399434,
      305.6926405962865,
      305.76424968414295,
      305.83544749270084,
      305.9062334826614,
      305.9766073318789,
      306.04656890434063,
      306.1161181761919,
      306.1852553120979,
      306.2539805817217,
      306.3222944265408,
      306.3901974145084,
      306.4576901851694,
      306.52477353318073,
      306.59144830569954,
      306.65771549306254,
      306.7235761715153,
      306.7890314650321,
      306.85408260258725,
      306.9187308632693,
      306.9829776049163,
      307.04682428320706,
      307.11027235382244,
      307.17332336312484,
      307.23597886941013,
      307.29824051210977,
      307.36010999985973,
      307.4215890078886,
      307.48267931403757,
      307.5433826675129,
      307.6037008938831,
      307.66363586405714,
      307.72318941792173
    ],
    "status": "success"
  }
}