{
  "final_status": "fail",
  "final_lambda": 390625.0,
  "final_reg_order": 1,
  "final_residual_norm": 35.761990424913975,
  "final_reg_norm": 2.1790523244316524e-07,
  "n_iterations": 9,
  "summary_notes": [
    "Completed in 9 iteration(s)"
  ],
  "final_config": {
    "parameterization_type": "piecewise_constant",
    "num_parameters": 24,
    "reg_order": 1,
    "lambda_strategy": "fixed",
    "lambda_value": 390625.0,
    "lambda_grid": null,
    "max_retries": 8,
    "physical_bounds": [
      -500000.0,
      500000.0
    ],
    "planner_notes": [
      "num_parameters=24 (\u2248 N_t/5)",
      "reg_order=1 (default first-difference smoothness)",
      "noise_std provided \u2192 using discrepancy principle for lambda",
      "lambda_value=1.0 supplied \u2192 strategy forced to 'fixed'",
      "physical_bounds=(-500000.0, 500000.0) applied",
      "iter0: lambda increased to 5.000e+00 (factor=5.0)",
      "iter1: lambda increased to 2.500e+01 (factor=5.0)",
      "iter2: lambda increased to 1.250e+02 (factor=5.0)",
      "iter3: lambda increased to 6.250e+02 (factor=5.0)",
      "iter4: lambda increased to 3.125e+03 (factor=5.0)",
      "iter5: lambda increased to 1.562e+04 (factor=5.0)",
      "iter6: lambda increased to 7.812e+04 (factor=5.0)",
      "iter7: lambda increased to 3.906e+05 (factor=5.0)"
    ],
    "stop_tolerance": 0.001,
    "iteration_budget": 12
  },
  "final_result": {
    "estimated_x": [
      30753.395910406154,
      30753.39591041498,
      30753.395910435025,
      30753.395910466093,
      30753.395910507625,
      30753.39591055857,
      30753.39591061741,
      30753.39591068213,
      30753.39591075036,
      30753.395910819832,
      30753.3959108885,
      30753.3959109548,
      30753.395911017233,
      30753.395911074625,
      30753.395911126194,
      30753.39591117127,
      30753.395911209576,
      30753.395911240965,
      30753.395911265517,
      30753.39591128358,
      30753.39591129572,
      30753.395911302836,
      30753.395911306103,
      30753.39591130695
    ],
    "fitted_y": [
      300.0,
      300.0446809444479,
      300.14576930504535,
      300.2915173441116,
      300.46622864857005,
      300.65766414309707,
      300.85773669311527,
      301.0614340270908,
      301.26572777519686,
      301.46881142528383,
      301.6696227062946,
      301.867554213617,
      302.06227873611726,
      302.25364298742915,
      302.4416020686288,
      302.62617844665954,
      302.80743598763564,
      302.98546328494444,
      303.1603629135022,
      303.33224443898985,
      303.50121989719344,
      303.6674008414155,
      303.83089652791824,
      303.9918127219519,
      304.15025106143605,
      304.3063086828605,
      304.460078074442,
      304.6116470726283,
      304.7610989547489,
      304.90851257187285,
      305.05396254809534,
      305.19751944136533,
      305.33924998297925,
      305.47921726812694,
      305.61748095692644,
      305.7540974894437,
      305.8891202587573,
      306.02259979101564,
      306.1545839254939,
      306.2851179771705,
      306.41424488007317,
      306.5420053323738,
      306.6684379379865,
      306.7935793114558,
      306.9174642213027,
      307.0401256756832,
      307.16159504300924,
      307.28190215858416,
      307.40107537529855,
      307.5191416702663,
      307.6361267322309,
      307.75205503323843,
      307.86694990205933,
      307.980833564395,
      308.093727223292,
      308.20565111333383,
      308.3166245740624,
      308.4266660727037,
      308.535793263604,
      308.6440230266887,
      308.7513715164104,
      308.85785420894774,
      308.96348594416065,
      309.0682809273386,
      309.1722527851406,
      309.27541460055784,
      309.3777789408838,
      309.4793578874321,
      309.58016306525514,
      309.6802056239142,
      309.77949632313835,
      309.8780455223349,
      309.9758632225453,
      310.07295906119987,
      310.1693423365924,
      310.2650220166205,
      310.3600067877329,
      310.45430506017425,
      310.5479249662368,
      310.6408743620084,
      310.7331608675798,
      310.8247918810294,
      310.915774587164,
      311.00611596101487,
      311.095822753853,
      311.1849015403885,
      311.2733587310073,
      311.3612005595345,
      311.44843310246347,
      311.53506227371184,
      311.62109381937694,
      311.7065333806683,
      311.7913864641897,
      311.87565843669455,
      311.95935454781176,
      312.04247991606053,
      312.12503956905755,
      312.2070384365242,
      312.28848133630174,
      312.3693729848399,
      312.4497180041896,
      312.5295209429803,
      312.6087862764201,
      312.6875183730813,
      312.7657215351072,
      312.8433999824794,
      312.92055787574276,
      312.9971993229986,
      313.0733283379491,
      313.1489488836007,
      313.22406485653136,
      313.29868010437093,
      313.3727984310464,
      313.4464235618189,
      313.51955918873506,
      313.59220892517584,
      313.66437637228523,
      313.73606508225964,
      313.80727853737045,
      313.8780201989114,
      313.9482934582511,
      300.0,
      300.00001743408205,
      300.0001244282664,
      300.0004825305729,
      300.00135240788853,
      300.00307408163013,
      300.0060286245083,
      300.0105963837605,
      300.01712264266934,
      300.0258954298238,
      300.0371352383775,
      300.0509941677177,
      300.06756105072526,
      300.08686995667,
      300.1089097727011,
      300.1336337049239,
      300.1609678669534,
      300.19081863778564,
      300.22307880646844,
      300.2576324249049,
      300.29435868170583,
      300.3331348215632,
      300.37383835663275,
      300.41634868530053,
      300.46054827391754,
      300.50632342947216,
      300.5535648310216,
      300.60216783561384,
      300.65203265135256,
      300.70306439333723,
      300.75517302073047,
      300.8082732650847,
      300.86228446776653,
      300.9171304453503,
      300.9727392903323,
      301.0290431998134,
      301.0859782464946,
      301.14348422309405,
      301.201504436067,
      301.25998551680885,
      301.3188772468417,
      301.37813238999445,
      301.43770651584157,
      301.49755785460883,
      301.55764714683374,
      301.6179374947753,
      301.67839423479995,
      301.73898479928005,
      301.7996786082096,
      301.86044696956105,
      301.92126293419057,
      301.98210123814994,
      302.0429381610881,
      302.1037514842961,
      302.16452038057486,
      302.2252253268291,
      302.2858480568677,
      302.34637144253077,
      302.4067794971863,
      302.4670572603535,
      302.52719073477004,
      302.58716686716303,
      302.6469734555978,
      302.70659913549315,
      302.766033320185,
      302.82526613100094,
      302.8842883990089,
      302.9430915741139,
      303.0016677530286,
      303.060009598859,
      303.11811029040905,
      303.17596354840236,
      303.2335635515722,
      303.2909049541426,
      303.34798283513277,
      303.40479265989825,
      303.46133028712336,
      303.51759191812573,
      303.57357410909276,
      303.6292737378676,
      303.6846879550013,
      303.7398142029824,
      303.79465018651865,
      303.84919386554435,
      303.9034434499764,
      303.95739732978865,
      304.01105413095246,
      304.06441265425184,
      304.11747189975745,
      304.1702310563379,
      304.22268942649004,
      304.27484650850107,
      304.32670190729397,
      304.3782553868715,
      304.4295068475904,
      304.4804562719693,
      304.531103780629,
      304.5814495711081,
      304.6314939668103,
      304.68123738379,
      304.73068029054565,
      304.7798232692039,
      304.8286669403502,
      304.87721202945784,
      304.92545932493255,
      304.9734096501427,
      305.02106390537426,
      305.06842302762396,
      305.11548801157676,
      305.1622599235908,
      305.2087398300243,
      305.25492886366425,
      305.30082816603834,
