{
  "final_status": "weak_pass",
  "final_lambda": 7.578693811968019e-10,
  "final_reg_order": 0,
  "final_residual_norm": 1.58090430124539,
  "final_reg_norm": 206255.24473408537,
  "n_iterations": 1,
  "summary_notes": [
    "Completed in 1 iteration(s)"
  ],
  "final_config": {
    "parameterization_type": "piecewise_constant",
    "num_parameters": 24,
    "reg_order": 0,
    "lambda_strategy": "discrepancy",
    "lambda_value": 7.578693811968019e-10,
    "lambda_grid": null,
    "max_retries": 8,
    "physical_bounds": [
      -500000.0,
      500000.0
    ],
    "planner_notes": [
      "num_parameters=24 (\u2248 N_t/5)",
      "reg_order=0 (default first-difference smoothness)",
      "noise_std provided \u2192 using discrepancy principle for lambda",
      "physical_bounds=(-500000.0, 500000.0) applied"
    ],
    "stop_tolerance": 0.001,
    "iteration_budget": 12,
    "skip_verifier": false
  },
  "final_result": {
    "estimated_x": [
      44174.62099549476,
      53827.22295941852,
      59321.520789697475,
      59058.065919114284,
      56173.022142185124,
      43096.074719016164,
      37977.65723678337,
      26573.35235379006,
      20657.438395247842,
      21151.24513937638,
      23712.119411997075,
      34545.508189193424,
      44475.99832265061,
      54614.40990732186,
      58330.33910294294,
      58345.673886891025,
      53777.74547843728,
      47514.53717772365,
      34518.91980368266,
      27325.954288162327,
      22548.059048112977,
      19694.068362071434,
      25311.23584862721,
      22412.243309038244
    ],
    "fitted_y": [
      300.0,
      300.06418035238954,
      300.20938513008167,
      300.41873971340453,
      300.6696975484535,
      300.9587023073738,
      301.2778181162108,
      301.61615799846237,
      301.9644453103074,
      302.31624366082275,
      302.67547141441946,
      303.04177789347386,
      303.41164375863514,
      303.78147754457075,
      304.1486947536291,
      304.51130941783805,
      304.8683146446479,
      305.2193491799415,
      305.56435798895717,
      305.9034205731812,
      306.23248705503664,
      306.5506298703968,
      306.85913879317104,
      307.15968010308336,
      307.4535962444122,
      307.7228378358628,
      307.9630745345261,
      308.1797648138489,
      308.37992405029905,
      308.56901976348036,
      308.7432669179118,
      308.9030235124439,
      309.0516868871306,
      309.1927744408373,
      309.3288982726883,
      309.4452063687837,
      309.53842762849587,
      309.61358440272227,
      309.6769075492733,
      309.7331877311954,
      309.77698251506644,
      309.80798685617776,
      309.8296366323758,
      309.8456493633609,
      309.85878572871223,
      309.871546477419,
      309.8852016270973,
      309.90019443883625,
      309.9166274110517,
      309.934489383544,
      309.9574533404244,
      309.98643455452094,
      310.02038720974787,
      310.057933419893,
      310.0979819613935,
      310.15552718197864,
      310.23421210457474,
      310.3295778797939,
      310.43587906383897,
      310.54865304080937,
      310.6793685686499,
      310.8299628676923,
      310.9955096744702,
      311.17025016530283,
      311.349812664873,
      311.54606259602593,
      311.7610977106411,
      311.9899826822873,
      312.2269161714277,
      312.46750309657693,
      312.71427953767795,
      312.9669143624559,
      313.22295680171544,
      313.4799206473782,
      313.73600670174443,
      313.99010404047937,
      314.2415574739673,
      314.4900014734265,
      314.73525361207726,
      314.9772453663698,
      315.20934127760506,
      315.4298426483636,
      315.6405621100546,
      315.8439125709529,
      316.04180036786283,
      316.2264182034051,
      316.3962135967802,
      316.5541185136861,
      316.70368499992037,
      316.8476472245972,
      316.9689416114329,
      317.0637588817934,
      317.1377758326793,
      317.1980693166232,
      317.250090147973,
      317.2869819716718,
      317.30823294761865,
      317.31794278152387,
      317.3205924111145,
      317.31952283248637,
      317.3099590894254,
      317.2914014162455,
      317.2664549233362,
      317.23800361872844,
      317.2081900137402,
      317.1742400503583,
      317.13588363300175,
      317.0946740375968,
      317.05231272471144,
      317.0100479659537,
      316.9768237554943,
      316.95523141522096,
      316.94336195521305,
      316.93845522946594,
      316.93830464311793,
      316.9372036837235,
      316.9330868901832,
      316.92644860486547,
      316.91837041821555,
      316.909740372649,
      316.9011373547073,
      300.0,
      300.00002504256673,
      300.00017873055475,
      300.00069311386756,
      300.0019426181773,
      300.0044211272008,
      300.0086986586404,
      300.0153722518068,
      300.0250196923827,
      300.03816143387166,
      300.05523691604384,
      300.0765968863613,
      300.102506177726,
      300.13315070151714,
      300.1686444501507,
      300.2090358778072,
      300.254314075157,
      300.304415550481,
      300.3592320466505,
      300.4186188074834,
      300.4824013768188,
      300.5503798958894,
      300.6223327358217,
      300.69802136631733,
      300.7771968940246,
      300.85959981214756,
      300.94495081115053,
      301.0329411963347,
      301.1232322512374,
      301.215465545654,
      301.30927692143524,
      301.40430790195603,
      301.5002137800335,
      301.5966705183558,
      301.69338132736897,
      301.7900759440646,
      301.8865005309149,
      301.98240610691806,
      302.07754371936454,
      302.1716687549081,
      302.2645476733281,
      302.3559617999153,
      302.4457088875018,
      302.5336053789509,
      302.61949042231515,
      302.70323082965274,
      302.78472532250566,
      302.8639065646451,
      302.9407404677833,
      303.01522313974306,
      303.087377729709,
      303.15725248767876,
      303.22491862267304,
      303.29046677905893,
      303.3540016479048,
      303.4156419657514,
      303.47552791189264,
      303.5338286739867,
      303.59074286278917,
      303.6464896850517,
      303.70130038163666,
      303.7554156068972,
      303.8090849213401,
      303.8625628186903,
      303.91609944181846,
      303.96993432843414,
      304.0242977648419,
      304.0794146302137,
      304.1355044236598,
      304.19277514556916,
      304.2514158566894,
      304.31159207321195,
      304.37344370412603,
      304.4370840216788,
      304.502598470712,
      304.57004369558473,
      304.63944756714227,
      304.71081046207587,
      304.7841078940961,
      304.85929400402904,
      304.93630284096065,
      305.0150468171388,
      305.0954152097857,
      305.17727593472,
      305.26048123204623,
      305.34487190497106,
      305.4302777609506,
      305.5165169020749,
      305.60339805174476,
      305.6907268213058,
      305.77830664705914,
      305.86593120654817,
      305.953375549714,
      306.0403952277194,
      306.12673531340056,
      306.2121412859434,
      306.2963657990411,
      306.37917225294495,
      306.46033914727496,
      306.53966634927207,
      306.6169793384446,
      306.69212909742294,
      306.7649894418058,
      306.83545542104406,
      306.90344366967923,
      306.9688924830233,
      307.03175993962657,
      307.0920209267323,
      307.1496650382672,
      307.2046959008355,
      307.25713451335025,
      307.3070264092925,
      307.35444756918434,
      307.3995051320902,
      307.4423319493706,
      307.4830756601141,
      307.52188539096363,
      307.5588998781601,
      307.59424066541555,
      307.6280104071048,
      307.6602949079522
    ],
    "status": "success"
  }
}