{
  "final_status": "weak_pass",
  "final_lambda": 1.25873220671049e-08,
  "final_reg_order": 2,
  "final_residual_norm": 1.5334683658742365,
  "final_reg_norm": 15853.317241633495,
  "n_iterations": 1,
  "summary_notes": [
    "Completed in 1 iteration(s)"
  ],
  "final_config": {
    "parameterization_type": "piecewise_constant",
    "num_parameters": 24,
    "reg_order": 2,
    "lambda_strategy": "discrepancy",
    "lambda_value": 1.25873220671049e-08,
    "lambda_grid": null,
    "max_retries": 8,
    "physical_bounds": [
      -500000.0,
      500000.0
    ],
    "planner_notes": [
      "num_parameters=24 (\u2248 N_t/5)",
      "reg_order=2 (default first-difference smoothness)",
      "noise_std provided \u2192 using discrepancy principle for lambda",
      "physical_bounds=(-500000.0, 500000.0) applied"
    ],
    "stop_tolerance": 0.001,
    "iteration_budget": 12
  },
  "final_result": {
    "estimated_x": [
      48255.07621725588,
      53683.14638352985,
      57574.616870089594,
      58062.41348700943,
      54076.667926257214,
      46103.54682087126,
      36195.42766604711,
      27161.31677358058,
      21478.734736626066,
      20748.682127832653,
      25287.020135498704,
      33831.83505904011,
      43972.86549632851,
      52972.15958909504,
      58444.42561827519,
      58778.44011821793,
      53969.650045709335,
      45470.451818434536,
      35845.176009095514,
      27810.35616943294,
      23003.556879030784,
      21842.65845789292,
      23215.095966056793,
      25427.12688765206
    ],
    "fitted_y": [
      300.0,
      300.0701087576173,
      300.2287262501218,
      300.4574191318492,
      300.73155820049766,
      301.0398254792976,
      301.3716012257266,
      301.7169471835947,
      302.06834107992984,
      302.4207880867603,
      302.7768478245579,
      303.1361663792934,
      303.4962092741241,
      303.8544309399944,
      304.20902472709673,
      304.5596040566127,
      304.905763146864,
      305.2470444132839,
      305.583123317342,
      305.91384719629445,
      306.23340718059154,
      306.5403532464186,
      306.8363300498064,
      307.123522857636,
      307.4036831423333,
      307.66644560586656,
      307.909590077355,
      308.136721801809,
      308.3523061207933,
      308.55980920957063,
      308.74715971822053,
      308.91206294597293,
      309.0592431943418,
      309.19435922512315,
      309.3217475607585,
      309.43115193479167,
      309.52092418837736,
      309.595620089231,
      309.6605272638313,
      309.71965500487426,
      309.76737474914535,
      309.80314300426824,
      309.83010752188557,
      309.8517464910647,
      309.87065507439075,
      309.88745071877037,
      309.902872571824,
      309.91779318929053,
      309.93291761903663,
      309.94870962696797,
      309.9720310897803,
      310.00474866216166,
      310.04518194617094,
      310.0910174212023,
      310.14042181003646,
      310.2045717668198,
      310.2859318226357,
      310.38073226485596,
      310.48428489137825,
      310.59297215384186,
      310.71913229037926,
      310.8651344732681,
      311.0261865381448,
      311.19655233908617,
      311.37185525305966,
      311.5622978644608,
      311.7695374725086,
      311.98906933039524,
      312.2156697250059,
      312.445393432681,
      312.6836244190182,
      312.93088350436886,
      313.18415777313066,
      313.44012813451593,
      313.6963324583956,
      313.9516802521544,
      314.2053606139379,
      314.45671603964735,
      314.70529711225134,
      314.95084429221953,
      315.1862487699922,
      315.40964368442917,
      315.62288746067856,
      315.82848844719473,
      316.0284329316255,
      316.2117196400004,
      316.37597856741326,
      316.5250181904627,
      316.6635463661698,
      316.79519696973756,
      316.90839804968226,
      317.0009950051645,
      317.07760130020404,
      317.143708092184,
      317.203504752328,
      317.24807193683193,
      317.27605325081373,
      317.29155099590855,
      317.2992826529655,
      317.3028076425942,
      317.2974605051821,
      317.28282658079524,
      317.2615817962839,
      317.23666253273814,
      317.2102471848838,
      317.18204559070875,
      317.15244953976963,
      317.1223769558598,
      317.0926734598088,
      317.06391983162075,
      317.0384527631318,
      317.01697319399796,
      316.9990303640587,
      316.9839341823466,
      316.9711115359771,
      316.9633667912587,
      316.9612593371256,
      316.9637426659843,
      316.9695384402574,
      316.97765021636565,
      316.9874018006586,
      300.0,
      300.0000273557744,
      300.00019524008013,
      300.0007571375091,
      300.00212205981836,
      300.0048266109283,
      300.00948146215546,
      300.01671192788837,
      300.0271057997755,
      300.04117503882503,
      300.0593350856486,
      300.08190086045414,
      300.10909313378795,
      300.14104918597604,
      300.1778335239923,
      300.2194480654672,
      300.26584183092007,
      300.31692018118406,
      300.37255351427433,
      300.4325849318548,
      300.49683485682436,
      300.56510208020387,
      300.637164329104,
      300.712781283192,
      300.79170070593625,
      300.87366168847495,
      300.95839264715056,
      301.0456084418569,
      301.135011985529,
      301.2263015665278,
      301.31917577505635,
      301.41333200057073,
      301.50846313241607,
      301.60425895348715,
      301.70041378915005,
      301.79663266939644,
      301.8926312325306,
      301.9881333940615,
      302.0828721689074,
      302.1765955141258,
      302.2690717266476,
      302.36009065411866,
      302.44946253055315,
      302.53701788746196,
      302.6226097781292,
      302.7061168234002,
      302.78744527520803,
      302.8665293826641,
      302.9433303200161,
      303.0178341220932,
      303.0900514676502,
      303.16002012991044,
      303.22780675421666,
      303.2935051320204,
      303.35723020094593,
      303.4191145275686,
      303.4793102049325,
      303.53799142127826,
      303.59535244271603,
      303.6515992983839,
      303.70694384284513,
      303.76160457929365,
      303.81580927444026,
      303.86979314634533,
      303.923790675661,
      303.97802895463616,
      304.0327273743693,
      304.0880996482906,
      304.14435287924346,
      304.2016816062037,
      304.2602622950802,
      304.3202520223344,
      304.3817893608117,
      304.44499449482703,
      304.50996710457963,
      304.5767832957281,
      304.6454933353198,
      304.71612095259474,
      304.7886643969024,
      304.8630987538364,
      304.9393763005233,
      305.0174242432269,
      305.0971428416259,
      305.17840723895694,
      305.2610735938413,
      305.3449827268183,
      305.42995857508384,
      305.51580560624006,
      305.6023109550407,
      305.6892525018786,
      305.77640475031876,
      305.86353852578895,
      305.9504184932749,
      306.03680501068345,
      306.1224617448914,
      306.20716194877775,
      306.29068924759133,
      306.37283587030805,
      306.4534035923638,
      306.5322087178324,
      306.60908662213143,
      306.6838927706824,
      306.7565014283611,
      306.8268053494354,
      306.8947171779003,
      306.96017126631295,
      307.02312438840875,
      307.08355502193166,
      307.14146198602674,
      307.1968627882996,
      307.24979249552666,
      307.30030345925854,
      307.34846453474967,
      307.39435920745035,
      307.4380822848308,
      307.4797370773835,
      307.5194343195942,
      307.55729124191197,
      307.5934299582857,
      307.6279743995114,
      307.6610465733067
    ],
    "status": "success"
  }
}