{
  "final_status": "fail",
  "final_lambda": 1.0,
  "final_reg_order": 1,
  "final_residual_norm": 26.652223295488774,
  "final_reg_norm": 0.028414600905996238,
  "n_iterations": 1,
  "summary_notes": [
    "Completed in 1 iteration(s)"
  ],
  "final_config": {
    "parameterization_type": "piecewise_constant",
    "num_parameters": 24,
    "reg_order": 1,
    "lambda_strategy": "fixed",
    "lambda_value": 0.5,
    "lambda_grid": null,
    "max_retries": 1,
    "physical_bounds": null,
    "planner_notes": [
      "num_parameters=24 (\u2248 N_t/5)",
      "reg_order=1 (default first-difference smoothness)",
      "noise_std provided \u2192 using discrepancy principle for lambda",
      "lambda_value=1.0 supplied \u2192 strategy forced to 'fixed'",
      "iter0: lambda decreased to 5.000e-01 (factor=2.0)"
    ],
    "stop_tolerance": 0.001,
    "iteration_budget": 1
  },
  "final_result": {
    "estimated_x": [
      35610.85063495168,
      35610.850995450586,
      35610.851759856705,
      35610.85270759163,
      35610.853555047834,
      35610.853963941736,
      35610.85363842073,
      35610.85218818401,
      35610.849372393684,
      35610.84504711796,
      35610.83916409863,
      35610.83181411937,
      35610.823145330214,
      35610.8134488021,
      35610.80314005454,
      35610.79276292493,
      35610.78285920038,
      35610.77389004222,
      35610.76620429477,
      35610.76009661898,
      35610.755666341895,
      35610.75286868137,
      35610.75152272109,
      35610.75117885873
    ],
    "fitted_y": [
      300.0,
      300.05173823546505,
      300.16879335746376,
      300.33756209001757,
      300.5398687941433,
      300.76154125066796,
      300.99321497385773,
      301.2290860109495,
      301.46564766526683,
      301.70080808851657,
      301.9333372264693,
      302.1625317360592,
      302.3880127232963,
      302.6096026900416,
      302.8272496453341,
      303.0409796059072,
      303.25086652566927,
      303.4570129907668,
      303.6595377771478,
      303.85856775583176,
      304.05423265946376,
      304.2466616611921,
      304.43598127372894,
      304.6223139673059,
      304.80577743303803,
      304.9864841503393,
      305.1645412158189,
      305.3400503393247,
      305.51310795146503,
      305.68380535753454,
      305.85222896780573,
      306.01846048456093,
      306.1825771792957,
      306.3446521131423,
      306.50475436957146,
      306.6629493012553,
      306.8192987341371,
      306.97386117549047,
      307.1266920215033,
      307.27784374518694,
      307.427366058243,
      307.57530608623654,
      307.7217085317436,
      307.86661579405484,
      308.0100681345082,
      308.1521037693428,
      308.29275902039785,
      308.43206843736306,
      308.5700648538084,
      308.70677950966694,
      308.84224214383,
      308.97648109216044,
      309.10952337086127,
      309.2413947194116,
      309.3721196923359,
      309.50172171118766,
      309.6302231683541,
      309.75764545133063,
      309.88400900703385,
      310.0093333846627,
      310.13363727967567,
      310.25693861062285,
      310.379254565338,
      310.50060159765445,
      310.6209954902163,
      310.74045138075377,
      310.85898381929866,
      310.9766067999421,
      311.0933337893224,
      311.2091777021686,
      311.3241509853801,
      311.43826563229857,
      311.55153322848855,
      311.66396493937987,
      311.77557153628817,
      311.88636339132535,
      311.99635056069656,
      312.1055427879762,
      312.21394949577336,
      312.32157978543137,
      312.42844246906805,
      312.53454611119895,
      312.6398990362126,
      312.744509326413,
      312.84838480361617,
      312.951533070658,
      313.0539615486174,
      313.15567746027295,
      313.25668784694494,
      313.3569995604317,
      313.4566192456707,
      313.5555534333903,
      313.65380850368416,
      313.75139067530483,
      313.84830603028206,
      313.94456048877487,
      314.0401598713738,
      314.13510988942846,
      314.22941612518747,
      314.3230840426058,
      314.4161189889479,
      314.5085262305253,
      314.60031095157746,
      314.69147821316807,
      314.7820329987822,
      314.87198019200764,
      314.9613246101072,
      315.05007101143445,
      315.13822404519965,
      315.22578830148035,
      315.3127682910319,
      315.39916846905413,
      315.48499324096605,
      315.57024692114635,
      315.65493378528987,
      315.73905801727756,
      315.82262378703126,
      315.90563520795774,
      315.9880963124794,
      316.0700111086557,
      316.1513835235114,
      300.0,
      300.0000201877703,
      300.0001440815324,
      300.00055874558404,
      300.00156601877256,
      300.0035596284097,
      300.00698083709426,
      300.01227006736553,
      300.01982713950804,
      300.0299855758167,
      300.043000696027,
      300.05904862341237,
      300.07823222188756,
      300.1005909419246,
      300.12611191542493,
      300.1547409574771,
      300.1863925114604,
      300.22095816908177,
      300.2583137855881,
      300.2983250990626,
      300.3408522161455,
      300.38575299251914,
      300.4328855935749,
      300.48211036886136,
      300.53329122047205,
      300.58629649775963,
      300.6409996127057,
      300.6972793941628,
      300.7550202882549,
      300.8141124231523,
      300.87445153619916,
      300.93593889091875,
      300.99848108875847,
      301.0619899132234,
      301.12638209911296,
      301.1915791341454,
      301.2575069937805,
      301.3240959610616,
      301.39128038775465,
      301.45899847573156,
      301.5271920745463,
      301.5958064871063,
      301.6647902652224,
      301.73409504159685,
      301.8036753557408,
      301.8734884819147,
      301.9434942813569,
      302.01365504236617,
      302.08393535479905,
      302.15430199469114,
      302.2247237562466,
      302.2951713850362,
      302.36561741403074,
      302.4360361150191,
      302.50640337108547,
      302.57669657539935,
      302.64689457655874,
      302.7169775409377,
      302.7869269567355,
      302.8567255003809,
      302.9263569636628,
      302.99580623146056,
      303.0650591744551,
      303.13410263293457,
      303.202924347976,
      303.27151288047907,
      303.33985761318684,
      303.4079486454212,
      303.4757768254699,
      303.54333365747783,
      303.6106112427475,
      303.6776023101,
      303.74430011870606,
      303.8106984783284,
      303.87679169062466,
      303.94257450461816,
      304.0080421247921,
      304.07319015238164,
      304.13801459954277,
      304.20251185089796,
      304.26667860686126,
      304.33051190590226,
      304.39400909012943,
      304.45716779719226,
      304.519985954214,
      304.5824616968254,
      304.6445934339386,
      304.70637977689387,
      304.7678195677981,
      304.82891186738414,
      304.88965586797144,
      304.9500509886032,
      305.0100967718065,
      305.0697929443184,
      305.1291393907743,
      305.188136090959,
      305.2467831845811,
      305.305080900421,
      305.36302961300925,
      305.4206298041678,
      305.47788201645466,
      305.53478692401126,
      305.5913452455174,
      305.6475578211117,
      305.70342556381087,
      305.75894942712324,
      305.81413045362984,
      305.868969728425,
      305.92346840340633,
      305.97762771346925,
      306.03144889351347,
      306.0849332553637,
      306.13808212096893,
      306.1908968811043,
      306.2433789852498,
      306.2955298545479,
      306.34735099718455,
      306.39884389705566,
      306.45001010283295,
      306.500851201648,
      306.55136875431623
    ],
    "status": "success"
  }
}