{
  "final_status": "weak_pass",
  "final_lambda": 1.4150793782397743e-09,
  "final_reg_order": 0,
  "final_residual_norm": 1.543938984347936,
  "final_reg_norm": 166448.60316938555,
  "n_iterations": 1,
  "summary_notes": [
    "Completed in 1 iteration(s)"
  ],
  "final_config": {
    "parameterization_type": "piecewise_constant",
    "num_parameters": 24,
    "reg_order": 0,
    "lambda_strategy": "discrepancy",
    "lambda_value": 1.4150793782397743e-09,
    "lambda_grid": null,
    "max_retries": 8,
    "physical_bounds": [
      -500000.0,
      500000.0
    ],
    "planner_notes": [
      "num_parameters=24 (\u2248 N_t/5)",
      "reg_order=0 (default first-difference smoothness)",
      "noise_std provided \u2192 using discrepancy principle for lambda",
      "physical_bounds=(-500000.0, 500000.0) applied"
    ],
    "stop_tolerance": 0.001,
    "iteration_budget": 12,
    "skip_verifier": false
  },
  "final_result": {
    "estimated_x": [
      130.86770018834332,
      5078.661935448734,
      9091.6710218475,
      20597.0571151336,
      35502.03808331965,
      46154.79870349836,
      46945.52578668167,
      41311.72690239094,
      33542.23537669265,
      31238.353936693704,
      38677.31158161205,
      47458.922392541295,
      48239.10134251895,
      39545.60906890319,
      34177.3783168179,
      31492.424810791454,
      39301.082164870364,
      46724.183466138886,
      45035.174247620205,
      39235.13084550657,
      22870.472542224437,
      11251.061511396738,
      5046.729644631543,
      946.3959697582458
    ],
    "fitted_y": [
      300.0,
      300.00019013485405,
      300.00062030527516,
      300.0012405200553,
      300.0019839848317,
      300.0099871606221,
      300.02710226105324,
      300.05141790801304,
      300.0803958800477,
      300.11205939308746,
      300.1509332318673,
      300.19773859465573,
      300.2504539049294,
      300.3067396421763,
      300.3648276363209,
      300.4402808950319,
      300.5367800760169,
      300.64951068847745,
      300.77235790700615,
      300.90060834430375,
      301.05282307806084,
      301.2327823262151,
      301.43365641724137,
      301.64717427438524,
      301.86702806534817,
      302.10457489095654,
      302.3613545793751,
      302.6318034962916,
      302.9096231676229,
      303.1900982085367,
      303.47133539055477,
      303.75180325005476,
      304.03014229829125,
      304.30536862938766,
      304.57687732238236,
      304.83616117730935,
      305.0809360013011,
      305.3133334545409,
      305.5362782198004,
      305.75210251679704,
      305.95111288980536,
      306.1313900828731,
      306.29658690960986,
      306.4511306171299,
      306.5984366565513,
      306.7374373355422,
      306.8687009950257,
      306.99401638579087,
      307.1151342087752,
      307.23334043000295,
      307.360290098777,
      307.49935608901575,
      307.6480330282875,
      307.80273547558056,
      307.9606365757534,
      308.1326237076909,
      308.3208870890927,
      308.52137406677065,
      308.729187293558,
      308.94058847566595,
      309.1542631386941,
      309.36900321634994,
      309.58361155558146,
      309.7971646323753,
      310.00905468088223,
      310.20628819686954,
      310.3853512409002,
      310.54946902622135,
      310.70304673288814,
      310.84955106275976,
      310.98349909637153,
      311.1043049678665,
      311.2149273612568,
      311.3186727846322,
      311.4180353564592,
      311.51075493400157,
      311.59683157123885,
      311.67791770996644,
      311.7557646860396,
      311.8316708920204,
      311.91782396328,
      312.01771744801226,
      312.1286748306093,
      312.2468872919926,
      312.36934439375955,
      312.5048260389729,
      312.65490854068116,
      312.8159874790678,
      312.9838043882629,
      313.1551176739321,
      313.325345791075,
      313.49252862305906,
      313.6565176804107,
      313.81770390210374,
      313.97648568628773,
      314.1247278530299,
      314.2604165110691,
      314.38590269392216,
      314.50424416199866,
      314.6178238057736,
      314.7044516590294,
      314.7588848781661,
      314.7879916758697,
      314.80050671541875,
      314.8031812572496,
      314.783587164048,
      314.7400560495163,
      314.67869822275134,
      314.60644351915636,
      314.5285051667929,
      314.43926221142635,
      314.3384252329661,
      314.229594600916,
      314.11664548005365,
      314.0024369441104,
      313.88283830227294,
      313.7573728172724,
      313.6282199373696,
      313.49779431745344,
      313.3678728215349,
      313.2395716854805,
      300.0,
      300.00000007418873,
      300.0000005294907,
      300.0000020533558,
      300.0000057550232,
      300.00001588631847,
      300.0000456734919,
      300.00012272477704,
      300.0002904471703,
      300.0006047721938,
      300.0011302212855,
      300.00193804813955,
      300.00310526013294,
      300.00471235662695,
      300.0068391346642,
      300.0095661136306,
      300.01298389099645,
      300.0172030356174,
      300.02235641198445,
      300.0285919780093,
      300.036068194941,
      300.04495832963516,
      300.05545651816107,
      300.0677762361874,
      300.0821387296283,
      300.0987617535418,
      300.11785549081515,
      300.13962213712034,
      300.16425296163646,
      300.1919206496812,
      300.2227697280042,
      300.25690866490396,
      300.29440546545345,
      300.3352869146487,
      300.37954063386627,
      300.4271158990211,
      300.47792195942515,
      300.5318272716151,
      300.58866328198417,
      300.64823319122996,
      300.71031907918956,
      300.77468398463503,
      300.8410725392105,
      300.90921506070487,
      300.97883632257935,
      301.0496654749867,
      301.12144387722674,
      301.1939302969469,
      301.2669044756229,
      301.34016970431844,
      301.413558639518,
      301.4869427906588,
      301.5602401189285,
      301.63341560908873,
      301.70647394604504,
      301.779452372001,
      301.85241835658707,
      301.925468457785,
      301.9987233811788,
      302.07231775196254,
      302.146387690939,
      302.22105971850453,
      302.29644271500365,
      302.3726233530773,
      302.44966423918385,
      302.5275993014432,
      302.606425101018,
      302.68609368745723,
      302.76651306034046,
      302.84755593301526,
      302.9290705107829,
      303.01088853146734,
      303.09283115519884,
      303.1747154668674,
      303.25636230842497,
      303.3376028270539,
      303.41828198892966,
      303.49825976416423,
      303.57741193138844,
      303.65563122215326,
      303.73283298436104,
      303.8089654784565,
      303.884018496024,
      303.9580247452098,
      304.0310529385075,
      304.10319993367546,
      304.17458674535885,
      304.2453558001723,
      304.31566559361386,
      304.38568147033976,
      304.45556365079204,
      304.5254552676017,
      304.5954732966171,
      304.6657044456723,
      304.7362055929265,
      304.8070041184717,
      304.8780960744046,
      304.9494448557618,
      305.02098408183423,
      305.09262505647325,
      305.1642574875439,
      305.2357396629161,
      305.3068878328489,
      305.3774762399633,
      305.44725022062676,
      305.5159405102958,
      305.5832707580425,
      305.64896118835145,
      305.71273502480864,
      305.7743296611805,
      305.83350639558637,
      305.89005459865643,
      305.94379193958486,
      305.99456474714225,
      306.04225004831954,
      306.08675606317627,
      306.12801938482727,
      306.1660004084719,
      306.20068004490514,
      306.23205858517895,
      306.2601559658817
    ],
    "status": "success"
  }
}