{
  "final_status": "weak_pass",
  "final_lambda": 3.6723140240155866e-09,
  "final_reg_order": 2,
  "final_residual_norm": 13.772073115855367,
  "final_reg_norm": 10916.995001271796,
  "n_iterations": 9,
  "summary_notes": [
    "Completed in 9 iteration(s)"
  ],
  "final_config": {
    "parameterization_type": "piecewise_constant",
    "num_parameters": 24,
    "reg_order": 2,
    "lambda_strategy": "fixed",
    "lambda_value": 3.6723140240155866e-09,
    "lambda_grid": null,
    "max_retries": 8,
    "physical_bounds": [
      -500000.0,
      500000.0
    ],
    "planner_notes": [
      "num_parameters=24 (\u2248 N_t/5)",
      "reg_order=0 (default first-difference smoothness)",
      "noise_std provided \u2192 using discrepancy principle for lambda",
      "physical_bounds=(-500000.0, 500000.0) applied",
      "iter0: lambda decreased to 1.175e-08 (factor=2.0)",
      "iter1: lambda decreased to 5.876e-09 (factor=2.0)",
      "iter2: oscillatory solution \u2192 increase reg_order to 1",
      "iter3: oscillatory solution \u2192 increase reg_order to 2",
      "iter4: lambda decreased to 2.938e-09 (factor=2.0)",
      "iter5: lambda increased to 1.469e-08 (factor=5.0)",
      "iter6: lambda decreased to 7.345e-09 (factor=2.0)",
      "iter7: lambda decreased to 3.672e-09 (factor=2.0)"
    ],
    "stop_tolerance": 0.001,
    "iteration_budget": 12
  },
  "final_result": {
    "estimated_x": [
      5541.930502965733,
      15747.073840111,
      21719.89475436353,
      27929.388358757733,
      35446.06551856803,
      42096.8735700331,
      48150.23471414579,
      54601.07751841893,
      57817.5908819923,
      57267.42316386482,
      56580.589654151256,
      54938.51228367119,
      49688.36290892822,
      42486.070571171855,
      36799.67281880976,
      28735.909538347594,
      20073.17546138918,
      11613.4417791124,
      6587.905695979083,
      7035.258519049877,
      5559.059156453556,
      4616.525034402895,
      4800.333418178159,
      4291.083966878691
    ],
    "fitted_y": [
      300.0,
      300.0080517510866,
      300.02626842773344,
      300.05253302322086,
      300.0840169578801,
      300.13334151493325,
      300.202940638857,
      300.2880127435368,
      300.3828034354378,
      300.48292578286976,
      300.5941825200565,
      300.71707840590784,
      300.848267941517,
      300.9840755274722,
      301.12176354300647,
      301.26858545499715,
      301.42583844938827,
      301.5905274513416,
      301.75913588635234,
      301.9290134232154,
      302.10937140263496,
      302.3020498924238,
      302.503590030826,
      302.70983727189633,
      302.91764553585955,
      303.1346452882419,
      303.3621514935023,
      303.5969232703526,
      303.83518547208047,
      304.07410434185306,
      304.3206559813856,
      304.576065596783,
      304.83740934680543,
      305.10127535953916,
      305.3651073052831,
      305.63664397138507,
      305.91738028445735,
      306.20431544021494,
      306.49388269107146,
      306.78339890747,
      307.0758202913313,
      307.3713581947554,
      307.66821845395015,
      307.96446927677243,
      308.2587066755988,
      308.54926145580407,
      308.8354352435666,
      309.11719229831135,
      309.394715368893,
      309.6682138546941,
      309.9368773508503,
      310.20060680652733,
      310.4598088975396,
      310.7149652836778,
      310.96647062714914,
      311.2122333461122,
      311.4518461652278,
      311.68610499072634,
      311.91598383749954,
      312.14225041538276,
      312.3578079931702,
      312.5610108293953,
      312.7541065883039,
      312.93994537058575,
      313.12074201333263,
      313.2875097257793,
      313.4384357031426,
      313.57685323343264,
      313.7068028556386,
      313.83138188218095,
      313.9443711416262,
      314.0448731548541,
      314.13583358141443,
      314.22062106100174,
      314.3017770386016,
      314.3692441663367,
      314.4209660173929,
      314.46062987624197,
      314.49270458031003,
      314.52059738287517,
      314.53394613625517,
      314.5308069631719,
      314.5152922860021,
      314.4922845426176,
      314.46548400034237,
      314.42500359927794,
      314.369077914744,
      314.3017927185841,
      314.22794715320026,
      314.151162653356,
      314.0664792915113,
      313.9733927409671,
      313.87463806892794,
      313.7732290029713,
      313.6713918006858,
      313.5711893638891,
      313.4736211466772,
      313.37897179608694,
      313.2872397997923,
      313.1983358190052,
      313.1100032659509,
      313.02156284365856,
      312.9334621200534,
      312.8463398880305,
      312.7606716553372,
      312.6753676552538,
      312.5902045533062,
      312.5055876213909,
      312.42198909227676,
      312.3397442119492,
      312.25931085277495,
      312.1808468435135,
      312.10430501243735,
      312.0295761867071,
      311.95654990586286,
      311.88438856922835,
      311.81281257942703,
      311.74194038747817,
      311.67196272382256,
      311.60301844766667,
      311.5351820100627,
      300.0,
      300.00000314171706,
      300.0000224226555,
      300.0000869546539,
      300.000243711314,
      300.00055975164855,
      300.0011276823583,
      300.0020696495408,
      300.00353437429703,
      300.00568659528204,
      300.0086958846197,
      300.0127298773265,
      300.0179505307188,
      300.0245101890207,
      300.032546057083,
      300.0421777036697,
      300.0535097325946,
      300.06663624481735,
      300.0816428105722,
      300.0986044856527,
      300.11758572281764,
      300.13864502296593,
      300.16184054188994,
      300.1872317836584,
      300.21487601943556,
      300.24482529577534,
      300.27712759359486,
      300.3118294109897,
      300.3489757714148,
      300.388606366193,
      300.43075294821216,
      300.4754409113719,
      300.5226923208968,
      300.5725266044653,
      300.62495763120796,
      300.6799923661073,
      300.7376338035227,
      300.7978850823992,
      300.86075059485563,
      300.9262328574619,
      300.99432868505585,
      301.0650274313155,
      301.13831068304955,
      301.21415177047305,
      301.29251429728146,
      301.37334994099336,
      301.4565963772302,
      301.5421762613802,
      301.6299978681978,
      301.71995713556737,
      301.81194017317995,
      301.90582563503546,
      302.00148687048943,
      302.0987942683546,
      302.19761763621165,
      302.29782756967256,
      302.3992954518108,
      302.5018929966861,
      302.605492711869,
      302.70996936175493,
      302.81519911883066,
      302.92105533827885,
      303.02740413401995,
      303.1341036121568,
      303.2410073867648,
      303.34796667294097,
      303.45482810724565,
      303.56143063320127,
      303.66760625783934,
      303.77318560428614,
      303.87800306601224,
      303.98189824830865,
      304.084715544935,
      304.1863055036394,
      304.2865288454119,
      304.385257362921,
      304.4823691923234,
      304.57774275074365,
      304.67125507007245,
      304.76278580464344,
      304.85221983209465,
      304.93944459287064,
      305.0243458826456,
      305.1068077650012,
      305.18671793226895,
      305.26397143891336,
      305.3384689372046,
      305.4101129213226,
      305.4788075891337,
      305.54446372164307,
      305.60700361079034,
      305.6663626531449,
      305.7224887221625,
      305.7753425041284,
      305.824899711164,
      305.87115451901724,
      305.91412290765714,
      305.9538442596251,
      305.9903808777824,
      306.02381551239256,
      306.05424679511594,
      306.081783422735,
      306.10653844436104,
      306.1286253424884,
      306.14815607791155,
      306.165240066342,
      306.1799834130617,
      306.19248819292545,
      306.2028523764297,
      306.2111703535581,
      306.2175338284554,
      306.2220329704566,
      306.22475714822497,
      306.22579526253446,
