{
  "final_status": "fail",
  "final_lambda": 1.0,
  "final_reg_order": 1,
  "final_residual_norm": 35.73987279321331,
  "final_reg_norm": 0.08348598241183024,
  "n_iterations": 1,
  "summary_notes": [
    "Completed in 1 iteration(s)"
  ],
  "final_config": {
    "parameterization_type": "piecewise_constant",
    "num_parameters": 24,
    "reg_order": 1,
    "lambda_strategy": "fixed",
    "lambda_value": 5.0,
    "lambda_grid": null,
    "max_retries": 1,
    "physical_bounds": null,
    "planner_notes": [
      "num_parameters=24 (\u2248 N_t/5)",
      "reg_order=1 (default first-difference smoothness)",
      "noise_std provided \u2192 using discrepancy principle for lambda",
      "lambda_value=1.0 supplied \u2192 strategy forced to 'fixed'",
      "iter0: lambda increased to 5.000e+00 (factor=5.0)"
    ],
    "stop_tolerance": 0.001,
    "iteration_budget": 1,
    "skip_verifier": false
  },
  "final_result": {
    "estimated_x": [
      30554.102287049744,
      30554.10567878532,
      30554.11336147012,
      30554.125287275012,
      30554.141217591005,
      30554.160733665045,
      30554.183255062475,
      30554.20802777474,
      30554.234137431034,
      30554.260707461966,
      30554.28699654691,
      30554.312359440715,
      30554.336252002122,
      30554.358248824454,
      30554.378035434343,
      30554.395352421092,
      30554.410072470404,
      30554.422143630873,
      30554.431615551635,
      30554.438630893834,
      30554.44337016942,
      30554.446172012777,
      30554.447468370177,
      30554.44780274336
    ],
    "fitted_y": [
      300.0,
      300.04439139504854,
      300.1448246648807,
      300.28962820159387,
      300.4632073107979,
      300.65340223592864,
      300.85217825138915,
      301.05455556576305,
      301.25752543247296,
      301.45929304490045,
      301.65880302617643,
      301.8554519102766,
      302.04891460325024,
      302.2390388079642,
      302.4257799132821,
      302.6091602557922,
      302.7892432909914,
      302.9661170328195,
      303.1398833849254,
      303.31065119795386,
      303.4785318015207,
      303.6436360300797,
      303.80607242458444,
      303.96594605605594,
      304.1233578970279,
      304.2784044784669,
      304.43117769398367,
      304.58176480176667,
      304.73024852860135,
      304.8767072063022,
      305.02121500270914,
      305.16384202383745,
      305.3046545580107,
      305.44371527895015,
      305.58108345060424,
      305.716815177077,
      305.8509635111251,
      305.98357863981204,
      306.1147080785238,
      306.24439683807833,
      306.37268760540746,
      306.4996208207911,
      306.62523482562335,
      306.74956598253084,
      306.87264882366037,
      306.9945161747212,
      307.1151992066806,
      307.2347275488796,
      307.35312935556425,
      307.470431417787,
      307.5866592887734,
      307.7018372876716,
      307.81598857956027,
      307.9291352313661,
      308.0412982976364,
      308.1524979115488,
      308.2627532927424,
      308.37208277668054,
      308.4805038890912,
      308.58803338983654,
      308.6946873565577,
      308.80048117019913,
      308.90542956305706,
      309.0095466349949,
      309.1128459143421,
      309.2153404248655,
      309.31704265703195,
      309.41796460337,
      309.51811780130924,
      309.61751331896426,
      309.71616186923404,
      309.8140737485099,
      309.9112588835859,
      310.0077268384097,
      310.1034868427858,
      310.19854782643654,
      310.2929184230852,
      310.38660698021806,
      310.4796215677995,
      310.5719699838393,
      310.6636598159106,
      310.75469841715204,
      310.8450929187994,
      310.9348502425287,
      311.02397708980834,
      311.1124800064824,
      311.2003653638296,
      311.28763934953787,
      311.3743079940673,
      311.4603771680924,
      311.5458525911715,
      311.6307398698443,
      311.7150444705405,
      311.7987717200489,
      311.8819268301682,
      311.9645148940915,
      312.0465409082345,
      312.1280097670675,
      312.2089262534124,
      312.28929505038724,
      312.36912075529784,
      312.44840788820886,
      312.5271608931192,
      312.60538410777514,
      312.68308180463526,
      312.7602581793425,
      312.8369173660181,
      312.91306344487765,
      312.9887004021918,
      313.06383217429743,
      313.13846263386245,
      313.2125956038522,
      313.2862348630216,
      313.3593841119212,
      313.43204701831576,
      313.5042271725123,
      313.57592815245016,
      313.64715348727464,
      313.71790663666866,
      313.7881910395392,
      313.8580100653802,
      300.0,
      300.00001732110263,
      300.0001236219243,
      300.0004794035925,
      300.00134364377453,
      300.0030541604218,
      300.00598955675775,
      300.0105277152439,
      300.0170116816255,
      300.0257276179949,
      300.0368945886733,
      300.05066370744635,
      300.0671232316027,
      300.0863070097273,
      300.1082040010942,
      300.1327677151694,
      300.15992474451247,
      300.1895820749716,
      300.2216331905339,
      300.2559628946717,
      300.29245115908583,
      300.33097602416586,
      300.3714157960493,
      300.41365065489725,
      300.4575638289599,
      300.50304236223474,
      300.5499776424602,
      300.59826570506476,
      300.64780740510963,
      300.69850847285335,
      300.7502794512193,
      300.8030356245933,
      300.8566968573127,
      300.9111874599326,
      300.9664359912163,
      301.0223750879202,
      301.0789412372805,
      301.13607462245,
      301.1937189175562,
      301.25182110011235,
      301.310331277327,
      301.36920251937994,
      301.4283906840172,
      301.4878542723985,
      301.54755427971673,
      301.6074540475602,
      301.6675191371341,
      301.7277171920663,
      301.78801783072737,
      301.84839254721805,
      301.9088145672051,
      301.96925879061456,
      302.0297016509642,
      302.0901210736824,
      302.1504963666751,
      302.210808133477,
      302.2710382263649,
      302.3311696282686,
      302.39118645624643,
      302.45107384684326,
      302.5108178935569,
      302.5704056277403,
      302.62982492656334,
      302.68906449912095,
      302.7481138273696,
      302.8069630966473,
      302.86560319741665,
      302.92402563496285,
      302.9822225571848,
      303.04018667469154,
      303.0979112104275,
      303.1553899257307,
      303.2126170369759,
      303.26958723294604,
      303.32629562445464,
      303.38273770613023,
      303.4389093633684,
      303.49480682197344,
      303.5504266603186,
      303.6057657763388,
      303.66082133889427,
      303.7155908068801,
      303.77007189970783,
      303.82426259036106,
      303.87816110017803,
      303.9317658293751,
      303.9850754126278,
      304.0380886582891,
      304.0908045727068,
      304.1432223497977,
      304.19534129636105,
      304.2471609137112,
      304.29868080910563,
      304.3499007478511,
      304.40082063072106,
      304.4514404401123,
      304.5017602956246,
      304.5517803932762,
      304.60150105413595,
      304.65092269132197,
      304.70004577005255,
      304.7488708684361,
      304.7973986027907,
      304.84562969364447,
      304.89356492405074,
      304.9412051117978,
      304.9885511510932,
      305.03560397261884,
      305.08236456437396,
      305.1288339855686,
      305.1750132954146,
      305.2209036191245,
      305.26650609059766,
      305.3118219027888,
      305.35685229902396,
      305.40159849831775,
      305.4460617943718,
      305.49024346005075,
      305.5341448238025,
      305.57776724707975,
      305.62111206876295
    ],
    "status": "success"
  }
}