{
  "final_status": "weak_pass",
  "final_lambda": 4.9334835386994775e-09,
  "final_reg_order": 0,
  "final_residual_norm": 7.842741528793529,
  "final_reg_norm": 202177.73650278233,
  "n_iterations": 1,
  "summary_notes": [
    "Completed in 1 iteration(s)"
  ],
  "final_config": {
    "parameterization_type": "piecewise_constant",
    "num_parameters": 24,
    "reg_order": 0,
    "lambda_strategy": "discrepancy",
    "lambda_value": 4.9334835386994775e-09,
    "lambda_grid": null,
    "max_retries": 8,
    "physical_bounds": [
      -500000.0,
      500000.0
    ],
    "planner_notes": [
      "num_parameters=24 (\u2248 N_t/5)",
      "reg_order=0 (default first-difference smoothness)",
      "noise_std provided \u2192 using discrepancy principle for lambda",
      "physical_bounds=(-500000.0, 500000.0) applied"
    ],
    "stop_tolerance": 0.001,
    "iteration_budget": 12,
    "skip_verifier": false
  },
  "final_result": {
    "estimated_x": [
      44146.19221555027,
      54481.459136018384,
      58632.71460990911,
      57814.56900557642,
      54111.00913203062,
      41547.9755834163,
      38508.683095871624,
      28589.255427380325,
      22387.00785948076,
      22273.958560925985,
      24341.67247495018,
      35406.72854961055,
      45778.449779019866,
      54599.39737656178,
      55779.20690903593,
      54123.98079664781,
      50775.69543928689,
      46410.762165627435,
      34906.394066746485,
      29473.323328701776,
      25178.611909374456,
      19130.40395936195,
      17387.45481727419,
      11892.591158372847
    ],
    "fitted_y": [
      300.0,
      300.0641390488294,
      300.2092503793209,
      300.41847023154145,
      300.66926656152464,
      300.95908618447925,
      301.28026100707103,
      301.6216479093505,
      301.9736246174684,
      302.3294847271175,
      302.6910167886578,
      303.0572473127837,
      303.4251030782657,
      303.79163814394184,
      304.15477897056513,
      304.5120733639296,
      304.8625144945681,
      305.20608176749147,
      305.5430810612483,
      305.8738594184878,
      306.19335146320185,
      306.5004240838719,
      306.79674321778305,
      307.0844297912713,
      307.3651725688516,
      307.62189461970974,
      307.8505993358367,
      308.0566300298958,
      308.24678606412544,
      308.4263554919585,
      308.59445097737375,
      308.75214376889676,
      308.9019857755477,
      309.0463995030502,
      309.18714660057697,
      309.31096927101237,
      309.41481154545755,
      309.5029143352672,
      309.5806208275103,
      309.6520525198286,
      309.7109139255906,
      309.7565218471273,
      309.792260626172,
      309.8218997352261,
      309.8482604339298,
      309.8730087414753,
      309.89721704020536,
      309.9215852479188,
      309.9465449491768,
      309.97234249837595,
      310.00210784285156,
      310.0366795603856,
      310.07527136889485,
      310.11680328936416,
      310.1604111715474,
      310.2215768426851,
      310.3041271543195,
      310.40357448879706,
      310.5140926738492,
      310.63115069519324,
      310.7668127114441,
      310.92315631982683,
      311.0950703509846,
      311.27656140332374,
      311.46307698073934,
      311.66444960734384,
      311.88220148505116,
      312.11185671544354,
      312.3482606120462,
      312.5875276357701,
      312.8288475856128,
      313.07113308564414,
      313.3130305176197,
      313.5534256925728,
      313.7915754049945,
      314.02463630461256,
      314.2517456628401,
      314.4734346786282,
      314.6905268204629,
      314.90370739901005,
      315.10860192560546,
      315.3042744808429,
      315.49224672561786,
      315.6744083031623,
      315.85223321836247,
      316.02037626953256,
      316.177817629565,
      316.32664109305273,
      316.4693488856437,
      316.60786452694003,
      316.72675262391914,
      316.82243398603714,
      316.899806228285,
      316.9650553496502,
      317.0229579265497,
      317.0687718494146,
      317.102381666025,
      317.1270482939737,
      317.1462548165942,
      317.1625832565898,
      317.1714645573513,
      317.17227871924234,
      317.1672651164531,
      317.15895602012955,
      317.1492429187443,
      317.1305535149641,
      317.1013080260298,
      317.06423008224823,
      317.0226273860228,
      316.9790109935556,
      316.9324725282632,
      316.88332409847817,
      316.83279274066217,
      316.7820742759838,
      316.7320142399458,
      316.67514616950257,
      316.6096612660134,
      316.53779883596167,
      316.46241464941636,
      316.38569349058537,
      316.3090468346401,
      300.0,
      300.0000250264505,
      300.0001786155319,
      300.00069266781094,
      300.00194136799644,
      300.0044186724881,
      300.00869584785374,
      300.0153731677004,
      300.02503388481966,
      300.0382057344208,
      300.05533564998785,
      300.0767795315812,
      300.10280273968607,
      300.1335861639896,
      300.1692338528086,
      300.20978072305064,
      300.25519999450347,
      300.3054110254031,
      300.360288131461,
      300.4196698621733,
      300.48336625365636,
      300.55116282247434,
      300.62282365855776,
      300.69809612145724,
      300.7767177611677,
      300.8584170836579,
      300.9429057291497,
      301.0298700010146,
      301.1189706195492,
      301.2098526516597,
      301.30215978828437,
      301.39554721398315,
      301.4896910662474,
      301.584295228018,
      301.6790960391903,
      301.77385950832775,
      301.86837001843986,
      301.96241805166505,
      302.0557943343319,
      302.14829253793886,
      302.23971399762814,
      302.32986955072704,
      302.41857974679914,
      302.5056766544563,
      302.5910082530912,
      302.6744439837804,
      302.75587943277833,
      302.8352388505622,
      302.9124752940935,
      302.9875688016307,
      303.06052435418513,
      303.1313706364108,
      303.2001583568664,
      303.2669572431897,
      303.3318513374749,
      303.39493986467875,
      303.4563455469701,
      303.51622285669487,
      303.57475868986126,
      303.63216337643587,
      303.688661922204,
      303.74449137112083,
      303.79990026851584,
      303.85514439380546,
      303.91047687077383,
      303.9661403968053,
      304.02236625933654,
      304.07937611462586,
      304.13738123530794,
      304.1965770675682,
      304.2571359709161,
      304.3192014023466,
      304.3828845839122,
      304.44826376545353,
      304.51538524179205,
      304.5842647557068,
      304.6548888316706,
      304.72721672921324,
      304.80118403421665,
      304.87670771803994,
      304.95368993829754,
      305.0320195286346,
      305.11157280841053,
      305.1922159565062,
      305.2738095343923,
      305.35621150328745,
      305.43927732698074,
      305.52285901240515,
      305.6068061780246,
      305.69096982423895,
      305.7752009836873,
      305.85934197071356,
      305.94321693400417,
      306.02663010306117,
      306.10937331255525,
      306.19123611296055,
      306.27201311265475,
      306.35150853480025,
      306.42954077871246,
      306.50594775816813,
      306.580589816805,
      306.65334860713307,
      306.72412386010996,
      306.7928315020241,
      306.85940385873374,
      306.92378791105324,
      306.9859397218129,
      307.04581823238544,
      307.1033826906411,
      307.1585946791975,
      307.2114219331894,
      307.26184157882847,
      307.3098418974776,
      307.3554235197717,
      307.39860020595637,
      307.43939604252387,
      307.47783872261994,
      307.51395228400406,
      307.54775393563057,
      307.57925561119737,
      307.60846863507976
    ],
    "status": "success"
  }
}