{
  "final_status": "weak_pass",
  "final_lambda": 6.741350437731557e-09,
  "final_reg_order": 2,
  "final_residual_norm": 1.5625974684616861,
  "final_reg_norm": 16735.192963044992,
  "n_iterations": 1,
  "summary_notes": [
    "Completed in 1 iteration(s)"
  ],
  "final_config": {
    "parameterization_type": "piecewise_constant",
    "num_parameters": 24,
    "reg_order": 2,
    "lambda_strategy": "discrepancy",
    "lambda_value": 6.741350437731557e-09,
    "lambda_grid": null,
    "max_retries": 8,
    "physical_bounds": [
      -500000.0,
      500000.0
    ],
    "planner_notes": [
      "num_parameters=24 (\u2248 N_t/5)",
      "reg_order=2 (default first-difference smoothness)",
      "noise_std provided \u2192 using discrepancy principle for lambda",
      "physical_bounds=(-500000.0, 500000.0) applied"
    ],
    "stop_tolerance": 0.001,
    "iteration_budget": 12
  },
  "final_result": {
    "estimated_x": [
      47345.29226296032,
      53501.83620913199,
      58134.616777214906,
      58880.62042448075,
      54619.22455688253,
      46172.995814302,
      36032.89014791984,
      26712.241828669186,
      20817.348261236857,
      20107.042060496453,
      24883.910907372534,
      33968.00582488617,
      44651.94326665389,
      53836.21252721579,
      59018.25101370479,
      59108.28696551501,
      54292.47450596123,
      45825.19586619884,
      35894.897379459166,
      27361.767380454978,
      22254.679772530897,
      21221.250564648373,
      23469.822522342965,
      27089.987275187617
    ],
    "fitted_y": [
      300.0,
      300.0687869521673,
      300.22441392717883,
      300.448795115079,
      300.7177656637405,
      301.02142805121724,
      301.3496795503299,
      301.6924519081959,
      302.04194063059396,
      302.3929144178738,
      302.74884978436756,
      303.1095747229601,
      303.47220952301103,
      303.8337919962745,
      304.1921966361463,
      304.5472020139879,
      304.8983703435478,
      305.24506615506743,
      305.586785477865,
      305.9232445742994,
      306.2481497455228,
      306.55989468808986,
      306.8601994325008,
      307.151373152829,
      307.43526829289857,
      307.70090088286224,
      307.9459145188541,
      308.174123408745,
      308.3902527665175,
      308.5979694308122,
      308.78499806896775,
      308.94903893349107,
      309.09495631602994,
      309.2285589482948,
      309.3542951022859,
      309.46156515238476,
      309.5486567662759,
      309.6202623466069,
      309.68183185580125,
      309.73749789494144,
      309.7814038593939,
      309.81297446687125,
      309.8354676293066,
      309.85248656308653,
      309.86672003445204,
      309.8788745095868,
      309.8897329459137,
      309.9001812118997,
      309.9109256477586,
      309.92242776926423,
      309.9418929304443,
      309.97127551845,
      310.0088007968273,
      310.0520303143967,
      310.0990327345588,
      310.16170244036914,
      310.2426677593912,
      310.337926637947,
      310.4424988871873,
      310.5525414962528,
      310.681032480305,
      310.8304552444785,
      310.9957537144127,
      311.17088051291233,
      311.3512225073494,
      311.5470962221288,
      311.76013417380483,
      311.9857039198777,
      312.2184539185063,
      312.4543463392201,
      312.6982846827537,
      312.95064423821003,
      313.20850338531073,
      313.46868101454027,
      313.72882608731334,
      313.9875690320763,
      314.2440543914562,
      314.4977488637129,
      314.74834774812985,
      314.9957021536118,
      315.23276665742236,
      315.4577183095136,
      315.6724473804311,
      315.8794841509953,
      316.08082938289715,
      316.2655375574092,
      316.4312569076424,
      316.58178766266235,
      316.72182397332307,
      316.85498871844044,
      316.96925952544996,
      317.0623610404203,
      317.13902060812995,
      317.2048835330869,
      317.26425970399447,
      317.30758552894855,
      317.3333640853924,
      317.3459179811667,
      317.35023695899054,
      317.35008935699307,
      317.34051059925594,
      317.32105611013634,
      317.29456725380516,
      317.2641635393027,
      317.2321600067026,
      317.19854001498777,
      317.16379747258185,
      317.128832793381,
      317.0944439627106,
      317.0611700693985,
      317.03259112847286,
      317.00972219016825,
      316.99176417629286,
      316.97757011380196,
      316.96621093221336,
      316.96230070318643,
      316.96678820433357,
      316.97799868427035,
      316.9938800573729,
      317.01284200619114,
      317.03381781872804,
      300.0,
      300.00002684001845,
      300.0001915590935,
      300.00074286270916,
      300.00208205126125,
      300.00473608271875,
      300.0093060636211,
      300.0164098829848,
      300.02663129244263,
      300.0404817866476,
      300.05837973009363,
      300.08064629183957,
      300.10751168713546,
      300.1391252945456,
      300.1755653690404,
      300.2168481474791,
      300.2629367148209,
      300.31374968704915,
      300.3691695024404,
      300.429049754344,
      300.49321939867303,
      300.56148332934026,
      300.63362262880025,
      300.7093976122364,
      300.78855433416703,
      300.87082815321605,
      300.95594178936506,
      301.04360246261035,
      301.1335037740103,
      301.22533361351867,
      301.31877970886836,
      301.41352856328183,
      301.5092624455738,
      301.6056610400311,
      301.70240937399376,
      301.7992040831565,
      301.8957531667375,
      301.9917734262,
      302.08699118477085,
      302.1811482185414,
      302.27400724135134,
      302.3653530754718,
      302.4549913930367,
      302.54274860508286,
      302.628474174958,
      302.7120438284948,
      302.7933617834226,
      302.87236121735424,
      302.94900320499374,
      303.0232745757542,
      303.0951876996184,
      303.16478306868277,
      303.23213118852823,
      303.2973307887143,
      303.36050255201695,
      303.42178551373473,
      303.4813392172686,
      303.5393465721856,
      303.5960117969684,
      303.65155165059815,
      303.70618910636756,
      303.7601541293407,
      303.8136863606259,
      303.86703315991565,
      303.920440960853,
      303.97414810122484,
      304.0283841485108,
      304.0833717252995,
      304.1393254537857,
      304.1964459041233,
      304.2549138526026,
      304.31488860527537,
      304.3765086235301,
      304.43989168363584,
      304.5051331323328,
      304.5723032449292,
      304.6414452678412,
      304.7125749600565,
      304.78568195243804,
      304.86073246045106,
      304.9376700626231,
      305.01641380418715,
      305.0968565756429,
      305.1788670785858,
      305.26229599213667,
      305.34697959871943,
      305.43273819353294,
      305.51937342864386,
      305.6066703474104,
      305.69440533520185,
      305.78235168765343,
      305.8702788116093,
      305.95794929348546,
      306.0451205752671,
      306.13155270971885,
      306.2170146972711,
      306.3012850592312,
      306.38414983351174,
      306.4654035730723,
      306.5448547467789,
      306.6223307400083,
      306.6976791348657,
      306.7707665541601,
      306.8414785212488,
      306.90972112650513,
      306.9754232218929,
      307.03853753995054,
      307.0990402582733,
      307.15692969025764,
      307.2122244577963,
      307.2649625409063,
      307.3152016999475,
      307.3630193433046,
      307.40851065375165,
      307.4517845112532,
      307.49296024112266,
      307.532166960671,
      307.5695432099416,
      307.60523512459696,
      307.639392160423,
      307.6721615731621
    ],
    "status": "success"
  }
}