{
  "final_status": "weak_pass",
  "final_lambda": 0.00390625,
  "final_reg_order": 1,
  "final_residual_norm": 16.608948637184348,
  "final_reg_norm": 5.649088118922751,
  "n_iterations": 9,
  "summary_notes": [
    "Completed in 9 iteration(s)"
  ],
  "final_config": {
    "parameterization_type": "piecewise_constant",
    "num_parameters": 24,
    "reg_order": 1,
    "lambda_strategy": "fixed",
    "lambda_value": 0.00390625,
    "lambda_grid": null,
    "max_retries": 8,
    "physical_bounds": [
      -500000.0,
      500000.0
    ],
    "planner_notes": [
      "num_parameters=24 (\u2248 N_t/5)",
      "reg_order=1 (default first-difference smoothness)",
      "noise_std provided \u2192 using discrepancy principle for lambda",
      "lambda_value=1.0 supplied \u2192 strategy forced to 'fixed'",
      "physical_bounds=(-500000.0, 500000.0) applied",
      "iter0: lambda decreased to 5.000e-01 (factor=2.0)",
      "iter1: lambda decreased to 2.500e-01 (factor=2.0)",
      "iter2: lambda decreased to 1.250e-01 (factor=2.0)",
      "iter3: lambda decreased to 6.250e-02 (factor=2.0)",
      "iter4: lambda decreased to 3.125e-02 (factor=2.0)",
      "iter5: lambda decreased to 1.562e-02 (factor=2.0)",
      "iter6: lambda decreased to 7.812e-03 (factor=2.0)",
      "iter7: lambda decreased to 3.906e-03 (factor=2.0)"
    ],
    "stop_tolerance": 0.001,
    "iteration_budget": 12,
    "skip_verifier": false
  },
  "final_result": {
    "estimated_x": [
      32844.529269769504,
      32844.906132005824,
      32845.745711666175,
      32846.99025692781,
      32848.55020722874,
      32850.31876892268,
      32852.201944201704,
      32854.11280498437,
      32855.99950456999,
      32857.821861216056,
      32859.53426162163,
      32861.08771143686,
      32862.43100969471,
      32863.536885584224,
      32864.40495933393,
      32865.05571383225,
      32865.50650645996,
      32865.765907926994,
      32865.84677450005,
      32865.79157052695,
      32865.65885004254,
      32865.51737834973,
      32865.42611119763,
      32865.39860306019
    ],
    "fitted_y": [
      300.0,
      300.04771910692386,
      300.1556811553477,
      300.3113395986971,
      300.4979307176019,
      300.70238376597877,
      300.91606185345506,
      301.1336117459728,
      301.3517989618153,
      301.56869400175606,
      301.78316348438074,
      301.9945589622057,
      302.20253061694984,
      302.40691428860436,
      302.6076616781122,
      302.80479836004497,
      302.9983928769169,
      303.1885392862167,
      303.37534645254965,
      303.5589308676927,
      303.73941410885357,
      303.9169156987382,
      304.09155160130877,
      304.2634339043341,
      304.4326704949666,
      304.5993672524885,
      304.7636233646568,
      304.9255318092131,
      305.08518053419886,
      305.24265299973734,
      305.3980311510303,
      305.55139076461177,
      305.7028022160548,
      305.8523318316649,
      306.00004252695277,
      306.1459968369791,
      306.29025220039426,
      306.43286166729376,
      306.5738752539266,
      306.7133405446572,
      306.85130561000454,
      306.98781432005535,
      307.1229070023422,
      307.25662169995184,
      307.3889947465226,
      307.52006352827294,
      307.6498619343285,
      307.7784209581471,
      307.90576985741444,
      308.03193667466746,
      308.1569508401834,
      308.2808388499873,
      308.4036248002669,
      308.5253314679003,
      308.6459807776274,
      308.7655961366791,
      308.88419852014863,
      309.00180690640207,
      309.11843928009796,
      309.23411301807573,
      309.3488469105673,
      309.4626577553158,
      309.5755607547867,
      309.6875703283445,
      309.79870046883246,
      309.90896640075647,
      310.01838176155957,
      310.1269589206237,
      310.23470967615384,
      310.3416454777973,
      310.44777879023684,
      310.5531208433173,
      310.6576819000199,
      310.7614717713968,
      310.86450003259154,
      310.9667769856055,
      311.06831203131713,
      311.16911384059375,
      311.2691907414334,
      311.36855086242275,
      311.46720283614115,
      311.5651546477386,
      311.6624137567613,
      311.7589873688872,
      311.8548825181547,
      311.95010649752004,
      312.0446661971068,
      312.1385681525617,
      312.23181871755423,
      312.32442411267954,
      312.4163905383809,
      312.507724026015,
      312.59843042006327,
      312.68851541636053,
      312.7779846011449,
      312.86684335490827,
      312.9550970301529,
      313.0427509229956,
      313.1298102205475,
      313.21627999718163,
      313.30216502694935,
      313.38747014237936,
      313.4722001951668,
      313.55635993759495,
      313.63995403425207,
      313.7229868371557,
      313.80546277210397,
      313.88738630741886,
      313.9687618227258,
      314.04959362370715,
      314.1298857908252,
      314.20964243416216,
      314.288867676399,
      314.3675655613489,
      314.4457400829254,
      314.5233950960489,
      314.6005344611448,
      314.6771620002443,
      314.7532814597236,
      314.8288965576018,
      314.90401093165406,
      300.0,
      300.00001861954433,
      300.0001328889938,
      300.0005153411211,
      300.00144436733456,
      300.0032831096424,
      300.00643855337444,
      300.0113169101532,
      300.0182869446236,
      300.02765627457154,
      300.0396603911314,
      300.05446174259646,
      300.07215521084277,
      300.09277719238844,
      300.1163158307288,
      300.1427211631057,
      300.17191429348577,
      300.20379525131455,
      300.2382495539113,
      300.275153388283,
      300.3143777478016,
      300.3557915505172,
      300.3992640015832,
      300.4446663220128,
      300.49187300965446,
      300.54076266369844,
      300.59121855270485,
      300.64312894210946,
      300.696387279029,
      300.75089225084446,
      300.80654771724284,
      300.86326263417556,
      300.9209508810982,
      300.9795311172527,
      301.03892656768517,
      301.09906483953364,
      301.1598776779781,
      301.2213008009928,
      301.2832736791378,
      301.34573933283326,
      301.4086441449533,
      301.4719376821462,
      301.5355725072102,
      301.59950402428024,
      301.6636903172462,
      301.72809199039494,
      301.79267203267034,
      301.85739567111267,
      301.9222302552788,
      301.9871451498735,
      302.0521115791574,
      302.1171025658469,
      302.1820927807643,
      302.247058498211,
      302.3119774774783,
      302.3768288689047,
      302.44159316391404,
      302.5062520688495,
      302.57078850888985,
      302.63518650406684,
      302.69943110151416,
      302.763508355298,
      302.82740522814254,
      302.8911095766744,
      302.95461008732184,
      303.01789620118234,
      303.0809581161926,
      303.1437866906116,
      303.2063734730751,
      303.26871061624354,
      303.33079082231166,
      303.3926073712655,
      303.45415403172865,
      303.5154250798136,
      303.57641524464805,
      303.6371196670529,
      303.6975339072185,
      303.7576538909227,
      303.81747592277,
      303.8769966504996,
      303.9362130125332,
      303.99512225866033,
      304.05372191854957,
      304.11200979442407,
      304.169983955333,
      304.2276426623472,
      304.28498442838077,
      304.34200795298125,
      304.39871214858164,
      304.45509612925736,
      304.5111591303761,
      304.5669005963665,
      304.6223200855367,
      304.67741732617617,
      304.7321921923293,
      304.7866446459198,
      304.8407747964996,
      304.89458283588124,
      304.94806909049504,
      305.0012339860224,
      305.05407800451127,
      305.1066017497319,
      305.15880586684085,
      305.2106911133934,
      305.2622583146568,
      305.31350833382163,
      305.3644421168412,
      305.4150606494315,
      305.4653649795221,
      305.5153562322806,
      305.56503553363603,
      305.6144040812756,
