{
  "final_status": "weak_pass",
  "final_lambda": 0.0757869381196803,
  "final_reg_order": 2,
  "final_residual_norm": 13.849850836325954,
  "final_reg_norm": 0.059543633618525126,
  "n_iterations": 1,
  "summary_notes": [
    "Completed in 1 iteration(s)"
  ],
  "final_config": {
    "parameterization_type": "piecewise_constant",
    "num_parameters": 24,
    "reg_order": 2,
    "lambda_strategy": "discrepancy",
    "lambda_value": 0.0757869381196803,
    "lambda_grid": null,
    "max_retries": 8,
    "physical_bounds": [
      -500000.0,
      500000.0
    ],
    "planner_notes": [
      "num_parameters=24 (\u2248 N_t/5)",
      "reg_order=2 (default first-difference smoothness)",
      "noise_std provided \u2192 using discrepancy principle for lambda",
      "physical_bounds=(-500000.0, 500000.0) applied"
    ],
    "stop_tolerance": 0.001,
    "iteration_budget": 12,
    "skip_verifier": false
  },
  "final_result": {
    "estimated_x": [
      2069.732600391881,
      5281.998607467924,
      8494.264535441913,
      11706.531097735844,
      14918.799438673095,
      18131.071237917455,
      21343.34893951953,
      24555.635486867202,
      27767.933795399404,
      30980.24682216425,
      34192.57728843765,
      37404.92698032466,
      40617.29674972558,
      43829.68684193843,
      47042.096873479895,
      50254.52551033891,
      53466.971213268305,
      56679.43194898568,
      59891.90533062633,
      63104.38849357722,
      66316.87796541845,
      69529.37105565831,
      72741.86570613194,
      75954.36067068073
    ],
    "fitted_y": [
      300.0,
      300.00300706977566,
      300.0098104119516,
      300.0196193926827,
      300.0313776285391,
      300.04892844988143,
      300.07295244375376,
      300.1018851994221,
      300.1338833769033,
      300.1675469957983,
      300.20662687449493,
      300.2517834491098,
      300.30145129834733,
      300.353791882473,
      300.4074128235055,
      300.46607449906753,
      300.5304483452441,
      300.59898091359605,
      300.6698461934277,
      300.74166454811757,
      300.81820905875236,
      300.9001636233518,
      300.98598689884034,
      301.07386453250564,
      301.1624280543965,
      301.2554612012431,
      301.35365800015455,
      301.45548671278135,
      301.5591420870414,
      301.6632642633784,
      301.77164513349123,
      301.8849864233152,
      302.00176367129706,
      302.1201785004099,
      302.23887755026834,
      302.36165887013567,
      302.4892300044561,
      302.62007198625093,
      302.75239163927023,
      302.8848405289089,
      303.0212213866087,
      303.1622461835579,
      303.30640014341407,
      303.4518940603261,
      303.5973832685892,
      303.7466741007943,
      303.9004819357709,
      304.05729522710465,
      304.2153278353094,
      304.3732380111426,
      304.5348348925702,
      304.7008365142981,
      304.8697338463504,
      305.03974314571144,
      305.2095249498647,
      305.3828906082813,
      305.5605602512334,
      305.74102683423047,
      305.9225085116426,
      306.10366763558807,
      306.2883173225216,
      306.47717937739907,
      306.6687483461274,
      306.8612439044749,
      307.0533298631936,
      307.24882077203165,
      307.4484397935816,
      307.6506827634902,
      307.8537705974465,
      308.056368296347,
      308.2622915891498,
      308.4722647549701,
      308.68478469475866,
      308.89807334603597,
      309.110796700021,
      309.32677146712797,
      309.54672286220693,
      309.76914867760615,
      309.9922717112385,
      310.2147587861387,
      310.44042744874696,
      310.6700037077551,
      310.90198611484965,
      311.13459820254593,
      311.36650750830347,
      311.60153229659153,
      311.84039926333475,
      312.08160761682836,
      312.32338152862957,
      312.5643891603109,
      312.80844940162626,
      313.0562895516534,
      313.30640939799747,
      313.5570336758421,
      313.80683109827623,
      314.0596211111332,
      314.31613154828597,
      314.5748627159841,
      314.8340398546215,
      315.09233217366324,
      315.3535596156897,
      315.61845049769994,
      315.88550559692067,
      316.15295061209065,
      316.4194552063016,
      316.688839771887,
      316.9618330668074,
      317.2369363008701,
      317.51237559525646,
      317.786821030556,
      318.0640934122927,
      318.34492190522417,
      318.62780811995344,
      318.9109785703429,
      319.19310372635897,
      319.4780047745804,
      319.7664112600327,
      320.05682516836,
      320.34747338031474,
      320.63702673072714,
      320.92463939547855,
      300.0,
      300.0000011733301,
      300.0000083741398,
      300.0000324747633,
      300.00009101832853,
      300.0002087096297,
      300.0004187293214,
      300.00076354847994,
      300.0012936322785,
      300.00206388209654,
      300.00313076159216,
      300.004551770576,
      300.0063858256869,
      300.00869253256013,
      300.0115296907467,
      300.0149516627444,
      300.0190100193941,
      300.02375495389634,
      300.02923540447813,
      300.03549722763375,
      300.04258208589886,
      300.0505284839063,
      300.0593734723881,
      300.0691529767831,
      300.07990012840907,
      300.09164424663356,
      300.10441194703066,
      300.1182288842216,
      300.1331201068029,
      300.14910839509946,
      300.1662132413289,
      300.18445194985617,
      300.2038413662193,
      300.2243982160983,
      300.2461374222352,
      300.26907106707654,
      300.29320946637506,
      300.3185628844479,
      300.34514184823644,
      300.3729554453881,
      300.40201026456566,
      300.4323114574682,
      300.4638644269367,
      300.4966751305242,
      300.53074836052394,
      300.56608666814486,
      300.6026914116269,
      300.6405644277698,
      300.67970832628777,
      300.7201247584493,
      300.7618133234052,
      300.80477261170336,
      300.84900185960925,
      300.8945012440969,
      300.9412701317818,
      300.9893059807247,
      301.0386053775367,
      301.08916567899576,
      301.1409853071754,
      301.19406198614377,
      301.2483916355467,
      301.3039694068618,
      301.36079131656396,
      301.41885453460014,
      301.4781556204592,
      301.53868940532084,
      301.6004500293623,
      301.66343256628664,
      301.72763331352695,
      301.79304801922376,
      301.85967076054834,
      301.9274949821141,
      301.99651511258617,
      302.06672685527684,
      302.1381254119996,
      302.2107043552699,
      302.2844566676186,
      302.3593763531422,
      302.4354587293903,
      302.51269864800446,
      302.591089360363,
      302.6706235604625,
      302.7512949920452,
      302.8330987402901,
      302.9160294517693,
      303.0000801924673,
      303.0852434973366,
      303.17151296929,
      303.2588835750196,
      303.34734986276715,
      303.4369048135947,
      303.527540897821,
      303.61925166611206,
      303.712032050289,
      303.80587657771275,
      303.90077821939695,
      303.9967294488825,
      304.0937238295543,
      304.1917563192329,
      304.29082148184114,
      304.3909123304288,
      304.4920213929749,
      304.5941422920101,
      304.6972700551339,
      304.80139932390017,
      304.9065231923688,
      305.0126342776405,
      305.119726296357,
      305.22779437544796,
      305.33683326459857,
      305.4468361654687,
      305.55779581063223,
      305.66970603232824,
      305.7825620805054,
      305.8963588328471,
      306.0110896168179,
      306.12674729850704,
      306.2433258422195,
      306.3608206353987,
      306.4792266973457,
      306.59853567336523
    ],
    "status": "success"
  }
}