{
  "final_status": "weak_pass",
  "final_lambda": 1.25873220671049e-08,
  "final_reg_order": 0,
  "final_residual_norm": 15.681526455447031,
  "final_reg_norm": 189984.6824962389,
  "n_iterations": 1,
  "summary_notes": [
    "Completed in 1 iteration(s)"
  ],
  "final_config": {
    "parameterization_type": "piecewise_constant",
    "num_parameters": 24,
    "reg_order": 0,
    "lambda_strategy": "discrepancy",
    "lambda_value": 1.25873220671049e-08,
    "lambda_grid": null,
    "max_retries": 8,
    "physical_bounds": [
      -500000.0,
      500000.0
    ],
    "planner_notes": [
      "num_parameters=24 (\u2248 N_t/5)",
      "reg_order=0 (default first-difference smoothness)",
      "noise_std provided \u2192 using discrepancy principle for lambda",
      "physical_bounds=(-500000.0, 500000.0) applied"
    ],
    "stop_tolerance": 0.001,
    "iteration_budget": 12,
    "skip_verifier": false
  },
  "final_result": {
    "estimated_x": [
      3093.998135298799,
      9692.62117837061,
      9305.470871257221,
      12514.18049470493,
      17021.445322775737,
      19310.440912327787,
      20482.463872109434,
      25274.477272105993,
      28160.255595456267,
      28463.41315064278,
      32243.50951956372,
      37324.85723730504,
      40176.8583701763,
      41049.20286293624,
      47977.24631488789,
      48841.75693336016,
      52297.72027593065,
      53822.362384753025,
      54297.95147432815,
      62554.420586715874,
      60513.69284234721,
      57456.42051619877,
      46575.30199767163,
      19451.930628795722
    ],
    "fitted_y": [
      300.0,
      300.0044952030407,
      300.01466537091744,
      300.0293286023346,
      300.0469057327363,
      300.0757524254322,
      300.11757116015417,
      300.16933700600487,
      300.22737737760855,
      300.2888844430475,
      300.35145362467085,
      300.4138007310331,
      300.47539094893733,
      300.5360188397786,
      300.5956060381968,
      300.6587881462821,
      300.7267879839837,
      300.79839397743194,
      300.87199183965487,
      300.94633380240526,
      301.02715721054216,
      301.1156920998978,
      301.2099356658935,
      301.30743364662516,
      301.40631541013056,
      301.50869085857454,
      301.61469568414145,
      301.7230259012423,
      301.8322725699574,
      301.941398747858,
      302.0514489036807,
      302.16248272557664,
      302.2738385890802,
      302.38481067547036,
      302.49488925295367,
      302.61072377987404,
      302.73396907332676,
      302.8627114149044,
      302.99447607467914,
      303.1273594224282,
      303.2643164959726,
      303.40570004215044,
      303.5499751576893,
      303.69542968088456,
      303.84079283498943,
      303.98569459791713,
      304.12977139217907,
      304.27264018827964,
      304.41400900472274,
      304.5536985911228,
      304.6971100558278,
      304.8456525937705,
      304.9978864059966,
      305.1519079975931,
      305.3062513107474,
      305.4673500153932,
      305.63657400410665,
      305.81165954946425,
      305.9898404760708,
      306.1690123294177,
      306.3519547074304,
      306.5389318183859,
      306.72837819752743,
      306.918575433336,
      307.1082550332877,
      307.29787929557284,
      307.48730838523306,
      307.67594926425227,
      307.8632272712195,
      308.0487446462957,
      308.2423344587154,
      308.4465214454266,
      308.6586150674948,
      308.8750793023143,
      309.09318298004473,
      309.31240125259853,
      309.5319838017759,
      309.7509714387137,
      309.96857076260477,
      310.18425318340053,
      310.4027294168704,
      310.62515487656503,
      310.8501400990502,
      311.0759085878201,
      311.30110633934044,
      311.5270810485239,
      311.7539035661276,
      311.9807099424426,
      312.2065804518711,
      312.43085099204507,
      312.6538046869499,
      312.8753974778088,
      313.09533822119937,
      313.3133452266979,
      313.5292323705423,
      313.7548982002496,
      313.9934557319126,
      314.2417543523565,
      314.4956061511691,
      314.75176440241404,
      315.00513913981985,
      315.2536560902249,
      315.49733246852435,
      315.73677536743327,
      315.97256128595654,
      316.20067003748875,
      316.42022701704155,
      316.63260446602953,
      316.839513289544,
      317.0422875046988,
      317.22601852391426,
      317.38713826362385,
      317.53017753264197,
      317.66093582693117,
      317.78391001524,
      317.86267140669383,
      317.8887365210371,
      317.873602868508,
      317.8318046204432,
      317.7745541261304,
      317.7092344860266,
      300.0,
      300.0000017539856,
      300.000012518319,
      300.0000485458157,
      300.0001360613148,
      300.0003130140097,
      300.00063321889195,
      300.0011696026067,
      300.0020128331364,
      300.0032648465151,
      300.0050293699811,
      300.00740240943634,
      300.01046495251114,
      300.0142789459314,
      300.0188863029923,
      300.0243119710229,
      300.0305703183485,
      300.03767173859,
      300.0456266369113,
      300.0544460070999,
      300.06414224150836,
      300.0747320432829,
      300.0862393532834,
      300.0986955562826,
      300.1121363348616,
      300.1265978589735,
      300.1421144132164,
      300.1587171225915,
      300.1764326428138,
      300.1952812979648,
      300.2152757263448,
      300.23642075456513,
      300.25871403091435,
      300.28214665808525,
      300.30670342186977,
      300.3323655036679,
      300.35911633203256,
      300.3869473246523,
      300.41586005574686,
      300.4458640733225,
      300.47697359846717,
      300.5092055608431,
      300.5425784722192,
      300.5771107445923,
      300.61281794081884,
      300.649709773808,
      300.68778779506135,
      300.7270441365601,
      300.767461257872,
      300.80901240551987,
      300.85166469779995,
      300.8953849768074,
      300.9401454561837,
      300.98592636245564,
      301.0327148252246,
      301.08050424049344,
      301.1292963233545,
      301.1791034303719,
      301.2299481317732,
      301.2818591601833,
      301.3348669463232,
      301.3890010798866,
      301.444289028657,
      301.5007546826628,
      301.558416012388,
      301.61728290136915,
      301.6773560852069,
      301.7386270105238,
      301.8010782176356,
      301.8646837648884,
      301.92941366647494,
      301.9952430183376,
      302.06216070880936,
      302.13017277625096,
      302.199299167887,
      302.2695668222559,
      302.3410024893562,
      302.4136269491376,
      302.48745117901126,
      302.5624741492459,
      302.63868400208355,
      302.716062654014,
      302.7945908672492,
      302.8742511043144,
      302.95502723269215,
      303.0369030065103,
      303.11986107235856,
      303.20388235914896,
      303.28894543337805,
      303.3750254036187,
      303.462092971081,
      303.5501141857292,
      303.6390506166417,
      303.72885984254754,
      303.81949587201177,
      303.9109142233993,
      304.00308246328837,
      304.0959900411171,
      304.1896516002386,
      304.2841023179715,
      304.379387086258,
      304.4755474849643,
      304.5726107054862,
      304.67058343543937,
      304.7694507089829,
      304.86917665869794,
      304.9697052015759,
      305.0709611610418,
      305.1728534663501,
      305.27528032394775,
      305.37812914087476,
      305.48126915721645,
      305.58454352077274,
      305.68776872556936,
      305.7907429267648,
      305.8932442732118,
      305.99501241577633,
      306.0957290682801,
      306.1950162995143,
      306.2924565235698,
      306.3876255301781
    ],
    "status": "success"
  }
}