{
  "final_status": "weak_pass",
  "final_lambda": 1.5248207837224487e-09,
  "final_reg_order": 2,
  "final_residual_norm": 14.934942079912748,
  "final_reg_norm": 42305.42975343816,
  "n_iterations": 9,
  "summary_notes": [
    "Completed in 9 iteration(s)"
  ],
  "final_config": {
    "parameterization_type": "piecewise_constant",
    "num_parameters": 24,
    "reg_order": 2,
    "lambda_strategy": "fixed",
    "lambda_value": 1.5248207837224487e-09,
    "lambda_grid": null,
    "max_retries": 8,
    "physical_bounds": [
      -500000.0,
      500000.0
    ],
    "planner_notes": [
      "num_parameters=24 (\u2248 N_t/5)",
      "reg_order=2 (default first-difference smoothness)",
      "noise_std provided \u2192 using discrepancy principle for lambda",
      "physical_bounds=(-500000.0, 500000.0) applied",
      "iter0: lambda decreased to 1.952e-07 (factor=2.0)",
      "iter1: lambda decreased to 9.759e-08 (factor=2.0)",
      "iter2: lambda decreased to 4.879e-08 (factor=2.0)",
      "iter3: lambda decreased to 2.440e-08 (factor=2.0)",
      "iter4: lambda decreased to 1.220e-08 (factor=2.0)",
      "iter5: lambda decreased to 6.099e-09 (factor=2.0)",
      "iter6: lambda decreased to 3.050e-09 (factor=2.0)",
      "iter7: lambda decreased to 1.525e-09 (factor=2.0)"
    ],
    "stop_tolerance": 0.001,
    "iteration_budget": 12,
    "skip_verifier": false
  },
  "final_result": {
    "estimated_x": [
      1204.612963457086,
      3354.013563789078,
      12733.675455729708,
      25140.36338394206,
      36664.93613848662,
      42982.32239569621,
      49195.43481211027,
      42059.81820821771,
      30261.964732391032,
      26063.14912533892,
      32421.153821126016,
      47700.02150597927,
      55868.14302078337,
      49537.91996283544,
      33872.205759599026,
      26822.946685840565,
      35153.1426517046,
      47626.33570453836,
      48748.799712334374,
      41886.91551717831,
      25842.33096968838,
      5692.967670107874,
      -2827.5370384479215,
      770.766283810192
    ],
    "fitted_y": [
      300.0,
      300.0017501561473,
      300.00570979527095,
      300.01141875755184,
      300.01826221324137,
      300.02888357435506,
      300.043785648233,
      300.06195103644507,
      300.08216407196085,
      300.1034985866143,
      300.13897525719676,
      300.1917965032235,
      300.2581548383901,
      300.3331306548431,
      300.41291508235827,
      300.51302541256894,
      300.6366433078412,
      300.77809855484924,
      300.9305087270672,
      301.08861815018594,
      301.2657316707029,
      301.4641323715905,
      301.6781608691831,
      301.90120437617054,
      302.1282665206287,
      302.3652811519232,
      302.612685098505,
      302.86691055778647,
      303.12408184928364,
      303.3813398440698,
      303.6458917386166,
      303.9190323486066,
      304.1977908259021,
      304.4786912794633,
      304.75913362372955,
      305.02709635537246,
      305.278889586403,
      305.516708700665,
      305.743933648804,
      305.963303871554,
      306.1595514225589,
      306.32939462689495,
      306.47813034495124,
      306.6123054469129,
      306.73697727929255,
      306.84940823096895,
      306.95011554696924,
      307.0420179356396,
      307.1280758969369,
      307.210472522627,
      307.29987270577595,
      307.3995904230702,
      307.50774089388295,
      307.62140819656463,
      307.73825853429094,
      307.87893251455864,
      308.0482826169248,
      308.2398767083676,
      308.4455531434016,
      308.6590090992843,
      308.8879580362442,
      309.132941665182,
      309.38928597261963,
      309.6518964218623,
      309.91698010845147,
      310.1728846426346,
      310.4157025541598,
      310.64697530401696,
      310.86943789720124,
      311.085346322456,
      311.27348387367687,
      311.42887509455056,
      311.55814727411416,
      311.6697199821261,
      311.77011748567406,
      311.8534243716342,
      311.9196602568221,
      311.97318088411083,
      312.01860196910314,
      312.05935192118625,
      312.1097673213527,
      312.1744025601321,
      312.25090392450784,
      312.3355078821685,
      312.4251784394517,
      312.53599756759786,
      312.6714345422389,
      312.8259257103226,
      312.99260623210193,
      313.1661964291957,
      313.34484356171396,
      313.52680901570443,
      313.71034621508846,
      313.89408848351206,
      314.0771158562066,
      314.24888739010555,
      314.4064495081836,
      314.5522351333624,
      314.68965088572395,
      314.8213893583306,
      314.9259414220994,
      314.99832662889065,
      315.0453819538303,
      315.0757395268129,
      315.0960658073576,
      315.081486923529,
      315.0270542012413,
      314.94212469358246,
      314.83797983803703,
      314.72323106849296,
      314.59114201610976,
      314.44193858471147,
      314.28095493924917,
      314.1137588149711,
      313.94443501961405,
      313.78082471151686,
      313.6258637559477,
      313.47906978403694,
      313.33908467452284,
      313.2047028707447,
      313.0750514288132,
      300.0,
      300.00000068289427,
      300.000004873865,
      300.0000189007608,
      300.0000529739244,
      300.00012163051576,
      300.00024483842236,
      300.00044878621856,
      300.0007652170746,
      300.0012291781847,
      300.0018812568581,
      300.0027759938193,
      300.0039902697736,
      300.0056250532585,
      300.00779902416235,
      300.01064423999185,
      300.0143091213186,
      300.0189628573492,
      300.02479348017494,
      300.0319976027478,
      300.0407719836751,
      300.0513128450232,
      300.06381810807653,
      300.0784854385455,
      300.095503894303,
      300.11504564786884,
      300.1372625024479,
      300.16228553498667,
      300.1902242615727,
      300.22116377477664,
      300.25516445360654,
      300.2922665249579,
      300.33249613709813,
      300.37586871742104,
      300.42238819888587,
      300.47203959545334,
      300.5247767190112,
      300.58051188368097,
      300.63911345870935,
      300.7004120601467,
      300.76420557718427,
      300.8302580413046,
      300.89829782565926,
      300.96802241387724,
      301.0391112770269,
      301.11124079707434,
      301.18409595436157,
      301.25737827184935,
      301.3308118882546,
      301.4041487712349,
      301.4771764088608,
      301.5497278545604,
      301.6216890753137,
      301.6929992388522,
      301.76364343564927,
      301.8336494549898,
      301.9030934768842,
      301.97210613188025,
      302.04086913377864,
      302.1096001290718,
      302.1785354770219,
      302.24791834256723,
      302.31799084658445,
      302.38898634826177,
      302.4611199875247,
      302.53457546910903,
      302.6094898585779,
      302.68594229626683,
      302.76395166488794,
      302.8434831874867,
      302.92445190300765,
      303.00671774081536,
      303.09008041999806,
      303.1742843237576,
      303.25903525270553,
      303.3440199474743,
      303.428920965689,
      303.51342692997684,
      303.59724157460624,
      303.6800929929498,
      303.7617468421502,
      303.84202267118417,
      303.9208061091647,
      303.9980510324178,
      304.0737711264156,
      304.1480318499757,
      304.2209489041925,
      304.29268752930926,
      304.36345545915896,
      304.43348769511135,
      304.5030276253305,
      304.5723098829747,
      304.6415475004357,
      304.7109240724956,
      304.7805899819674,
      304.85065796865734,
      304.92119667730486,
      304.99222611606854,
      305.06371959901566,
      305.1356123903573,
      305.20780520091705,
      305.2801578481631,
      305.3524819522986,
      305.42454354130916,
      305.49607781282947,
      305.56679954013237,
      305.6364007099459,
      305.7045447737132,
      305.77087049100857,
      305.83500867906935,
      305.89660133769587,
      305.9553147023229,
      306.01084647538283,
