{
  "final_status": "fail",
  "final_lambda": 390625.0,
  "final_reg_order": 1,
  "final_residual_norm": 34.96506157195238,
  "final_reg_norm": 2.2365572592891097e-07,
  "n_iterations": 9,
  "summary_notes": [
    "Completed in 9 iteration(s)"
  ],
  "final_config": {
    "parameterization_type": "piecewise_constant",
    "num_parameters": 24,
    "reg_order": 1,
    "lambda_strategy": "fixed",
    "lambda_value": 390625.0,
    "lambda_grid": null,
    "max_retries": 8,
    "physical_bounds": [
      -500000.0,
      500000.0
    ],
    "planner_notes": [
      "num_parameters=24 (\u2248 N_t/5)",
      "reg_order=1 (default first-difference smoothness)",
      "noise_std provided \u2192 using discrepancy principle for lambda",
      "lambda_value=1.0 supplied \u2192 strategy forced to 'fixed'",
      "physical_bounds=(-500000.0, 500000.0) applied",
      "iter0: lambda increased to 5.000e+00 (factor=5.0)",
      "iter1: lambda increased to 2.500e+01 (factor=5.0)",
      "iter2: lambda increased to 1.250e+02 (factor=5.0)",
      "iter3: lambda increased to 6.250e+02 (factor=5.0)",
      "iter4: lambda increased to 3.125e+03 (factor=5.0)",
      "iter5: lambda increased to 1.562e+04 (factor=5.0)",
      "iter6: lambda increased to 7.812e+04 (factor=5.0)",
      "iter7: lambda increased to 3.906e+05 (factor=5.0)"
    ],
    "stop_tolerance": 0.001,
    "iteration_budget": 12,
    "skip_verifier": false
  },
  "final_result": {
    "estimated_x": [
      32053.409039558624,
      32053.40903956657,
      32053.409039584505,
      32053.409039612245,
      32053.409039649232,
      32053.409039694634,
      32053.40903974743,
      32053.40903980631,
      32053.409039869908,
      32053.409039936665,
      32053.40904000506,
      32053.409040073602,
      32053.409040140712,
      32053.40904020486,
      32053.409040264814,
      32053.40904031924,
      32053.409040367223,
      32053.409040407965,
      32053.40904044098,
      32053.40904046613,
      32053.40904048365,
      32053.40904049427,
      32053.40904049929,
      32053.409040500603
    ],
    "fitted_y": [
      300.0,
      300.04656970543465,
      300.151931291544,
      300.3038404181495,
      300.48593715055443,
      300.6854650410236,
      300.8939950941599,
      301.1063031587784,
      301.3192328492538,
      301.5309012882271,
      301.7402013001265,
      301.9464998040219,
      302.14945575685124,
      302.3489093924991,
      302.5448139140662,
      302.73719273822246,
      302.92611243084235,
      303.1116653303487,
      303.29395834772345,
      303.4731056802278,
      303.6492240996447,
      303.82242987487825,
      303.99283688069124,
      304.16055535326166,
      304.3256912269658,
      304.4883457444645,
      304.64861530365334,
      304.80659145401836,
      304.96236099320345,
      305.11600610548425,
      305.26760456947926,
      305.4172299257759,
      305.5649517265481,
      305.7108357341569,
      305.8549441306837,
      305.9973357420392,
      306.1380662183438,
      306.2771882215965,
      306.41475161334296,
      306.5508036241245,
      306.68538900288405,
      306.8185501681938,
      306.9503273558397,
      307.08075872814277,
      307.20988052336537,
      307.33772714499025,
      307.4643312874405,
      307.5897240472227,
      307.7139349757663,
      307.8369921905663,
      307.95892246628557,
      308.07975130945704,
      308.199503035009,
      308.3182008081718,
      308.435866728291,
      308.55252188531017,
      308.6681864362958,
      308.7828796291237,
      308.896619864428,
      309.0094247356854,
      309.1213110802324,
      309.23229502845936,
      309.3423920475396,
      309.45161694325105,
      309.55998391828143,
      309.6675066086685,
      309.77419811295255,
      309.88007102315083,
      309.98513745573194,
      310.0894090315735,
      310.1928969652417,
      310.2956120540588,
      310.39756472183177,
      310.4987650133865,
      310.5992226200757,
      310.6989468888896,
      310.79794687347214,
      310.89623133958736,
      310.9938087632971,
      311.0906873327833,
      311.18687499025464,
      311.2823794465223,
      311.37720819011054,
      311.47136849090055,
      311.5648673855541,
      311.6577117267087,
      311.74990819573134,
      311.8414632899644,
      311.932383342768,
      312.02267451805386,
      312.11234280481943,
      312.20139408274053,
      312.28983409119695,
      312.3776684238066,
      312.46490255211154,
      312.5515418110021,
      312.6375914406231,
      312.7230565790862,
      312.80794224789315,
      312.89225336286836,
      312.9759947414469,
      313.0591711245388,
      313.14178717652885,
      313.2238474506585,
      313.3053564309322,
      313.38631851571904,
      313.4667380414394,
      313.54661928985286,
      313.6259664443297,
      313.7047836354013,
      313.78307492436227,
      313.8608443214904,
      313.9380957915128,
      314.0148332171656,
      314.09106044656625,
      314.16678124584126,
      314.24199936836277,
      314.31671851648633,
      314.3909423196865,
      314.4646743855734,
      314.53791824887634,
      300.0,
      300.00001817105874,
      300.0001296881207,
      300.0005029281928,
      300.00140957712006,
      300.0032040297663,
      300.00628346761687,
      300.0110443160165,
      300.0178464541255,
      300.0269900861295,
      300.03870502590877,
      300.05314980242343,
      300.07041700371394,
      300.09054213923247,
      300.11351362636384,
      300.13928269313334,
      300.1677723298173,
      300.19888495784767,
      300.2325088342315,
      300.268523109493,
      300.3068018652818,
      300.34721715715534,
      300.3896413194411,
      300.4339486524317,
      300.48001665407446,
      300.52772682530616,
      300.5769652239493,
      300.6276227835659,
      300.67959549383875,
      300.73278445887536,
      300.7870958316158,
      300.8424407391293,
      300.8987351131659,
      300.95589954986065,
      301.0138591020225,
      301.072543100576,
      301.13188491587596,
      301.191821795547,
      301.2522946494849,
      301.31324785307754,
      301.3746290650025,
      301.4363890523127,
      301.49848150641157,
      301.56086289182537,
      301.6234922895086,
      301.6863312419721,
      301.74934362027506,
      301.8124954800851,
      301.8757549487127,
      301.93909212125567,
      302.0024789093711,
      302.06588898114865,
      302.12929761352615,
      302.19268164856135,
      302.25601937864417,
      302.31929045539545,
      302.38247584047224,
      302.44555768167015,
      302.5085193165672,
      302.57134515227045,
      302.63402059982286,
      302.69653205416114,
      302.75886679754825,
      302.82101298499737,
      302.88295958232294,
      302.9446962932597,
      303.00621356128465,
      303.06750247487173,
      303.1285547966444,
      303.1893628795621,
      303.24991961408205,
      303.31021845548906,
      303.37025333643874,
      303.4300186851775,
      303.48950937270405,
      303.5487206726845,
      303.60764826874095,
      303.66628820161213,
      303.72463688190817,
      303.7826910554918,
      303.84044775246167,
      303.89790430719466,
      303.9550583273715,
      304.0119076866886,
      304.06845051939194,
      304.12468514739624,
      304.1806101385896,
      304.2362242430625,
      304.29152641861657,
      304.34651581983195,
      304.40119171972054,
      304.4555535953611,
      304.50960103497584,
      304.56333379259144,
      304.61675176435233,
      304.66985493203833,
      304.7226434213692,
      304.77511743823374,
      304.8272773197067,
      304.8791234994301,
      304.93065646570665,
      304.98187682527094,
      305.0327852249419,
      305.08338242086,
      305.13366923475877,
      305.1836465248121,
      305.23331522936303,
      305.28267632501723,
      305.33173084850705,
      305.3804799112679,
      305.42892462473543,
