{
  "final_status": "weak_pass",
  "final_lambda": 1.2376364972724507e-08,
  "final_reg_order": 1,
  "final_residual_norm": 3.806989623126545,
  "final_reg_norm": 37605.41924528341,
  "n_iterations": 1,
  "summary_notes": [
    "Completed in 1 iteration(s)"
  ],
  "final_config": {
    "parameterization_type": "piecewise_constant",
    "num_parameters": 6,
    "reg_order": 1,
    "lambda_strategy": "discrepancy",
    "lambda_value": 1.2376364972724507e-08,
    "lambda_grid": null,
    "max_retries": 8,
    "physical_bounds": [
      -500000.0,
      500000.0
    ],
    "planner_notes": [
      "num_parameters=6 (\u2248 N_t/5)",
      "reg_order=1 (default first-difference smoothness)",
      "noise_std provided \u2192 using discrepancy principle for lambda",
      "physical_bounds=(-500000.0, 500000.0) applied"
    ],
    "stop_tolerance": 0.001,
    "iteration_budget": 12,
    "skip_verifier": false
  },
  "final_result": {
    "estimated_x": [
      21117.159045475553,
      42206.060321162615,
      55029.97701503247,
      41026.32811575155,
      18375.053084777275,
      8587.790075979949
    ],
    "fitted_y": [
      300.0,
      300.3608929989208,
      300.8622472464072,
      301.38128089569483,
      301.8801053434045,
      302.71125619860976,
      303.655318876387,
      304.5924391196273,
      305.4877076977383,
      306.33586476067757,
      307.3589900990503,
      308.4278042267503,
      309.4721778386868,
      310.47295297179505,
      311.42858342743483,
      312.10287878862096,
      312.64593715605474,
      313.1428335489027,
      313.62185164523646,
      314.0908833351989,
      314.164586172919,
      314.07947060846203,
      313.96690743816055,
      313.8671895589227,
      313.78849580448684,
      313.56261289320565,
      313.2886503586335,
      313.02034980822594,
      312.7725084957632,
      312.54649040925716,
      312.340107824509,
      300.0,
      300.00699302115044,
      300.0304407062439,
      300.07650643485556,
      300.14672823580753,
      300.2463527041673,
      300.3815236215342,
      300.55469444673116,
      300.76390890841935,
      301.0043892752096,
      301.2745374134384,
      301.5743237667706,
      301.902328003174,
      302.25510632650156,
      302.6280006426678,
      303.0114523142365,
      303.3946088559555,
      303.76941466924814,
      304.13154772503634,
      304.4794795575373,
      304.8057601347113,
      305.1010060106861,
      305.3596033821375,
      305.58090290670725,
      305.76768045556804,
      305.9210397247868,
      306.0412551728873,
      306.1298075044478,
      306.18975642519325,
      306.2250754771424,
      306.23990902943115
    ],
    "status": "success"
  }
}