{
  "final_status": "weak_pass",
  "final_lambda": 0.00390625,
  "final_reg_order": 1,
  "final_residual_norm": 23.33168825860681,
  "final_reg_norm": 7.123648851868046,
  "n_iterations": 9,
  "summary_notes": [
    "Completed in 9 iteration(s)"
  ],
  "final_config": {
    "parameterization_type": "piecewise_constant",
    "num_parameters": 24,
    "reg_order": 1,
    "lambda_strategy": "fixed",
    "lambda_value": 0.00390625,
    "lambda_grid": null,
    "max_retries": 8,
    "physical_bounds": [
      -500000.0,
      500000.0
    ],
    "planner_notes": [
      "num_parameters=24 (\u2248 N_t/5)",
      "reg_order=1 (default first-difference smoothness)",
      "noise_std provided \u2192 using discrepancy principle for lambda",
      "lambda_value=1.0 supplied \u2192 strategy forced to 'fixed'",
      "physical_bounds=(-500000.0, 500000.0) applied",
      "iter0: lambda decreased to 5.000e-01 (factor=2.0)",
      "iter1: lambda decreased to 2.500e-01 (factor=2.0)",
      "iter2: lambda decreased to 1.250e-01 (factor=2.0)",
      "iter3: lambda decreased to 6.250e-02 (factor=2.0)",
      "iter4: lambda decreased to 3.125e-02 (factor=2.0)",
      "iter5: lambda decreased to 1.562e-02 (factor=2.0)",
      "iter6: lambda decreased to 7.812e-03 (factor=2.0)",
      "iter7: lambda decreased to 3.906e-03 (factor=2.0)"
    ],
    "stop_tolerance": 0.001,
    "iteration_budget": 12
  },
  "final_result": {
    "estimated_x": [
      35541.28722409811,
      35541.395237114106,
      35541.62315826915,
      35541.91667329372,
      35542.19994311591,
      35542.38195693065,
      35542.37475858062,
      35542.08180954925,
      35541.43471502181,
      35540.391099168686,
      35538.93764773476,
      35537.0970844669,
      35534.91720126345,
      35532.47943347497,
      35529.89256935658,
      35527.28824411042,
      35524.798721100895,
      35522.54128550852,
      35520.60902133577,
      35519.07370395475,
      35517.96386380451,
      35517.268069187856,
      35516.933151378544,
      35516.84541693168
    ],
    "fitted_y": [
      300.0,
      300.05163716828844,
      300.16846363094885,
      300.33690268509076,
      300.5388141966241,
      300.7600537872637,
      300.9912753052199,
      301.2266860942392,
      301.4627862527964,
      301.6974879760405,
      301.9295639142948,
      302.15831216749825,
      302.38335448443,
      302.6045135914174,
      302.8217375049385,
      303.0350525541106,
      303.24453262176854,
      303.45027995899727,
      303.65241294689685,
      303.85105808444985,
      304.04634518000614,
      304.2384032122823,
      304.427358309388,
      304.613332541035,
      304.79644324649126,
      304.9768028701165,
      305.1545183204548,
      305.32969101115657,
      305.50241707591607,
      305.6727875610206,
      305.8408886463806,
      306.00680184141146,
      306.1706042520474,
      306.3323687911976,
      306.49216440609615,
      306.6500558990355,
      306.8061048659578,
      306.9603698137558,
      307.11290618208875,
      307.2637664605474,
      307.4129994074393,
      307.5606518612176,
      307.7067687149923,
      307.85139263413333,
      307.99456407063406,
      308.13631983399085,
      308.2766958894829,
      308.4157271836653,
      308.55344705702,
      308.6898871263145,
      308.82507525669865,
      308.95903935409194,
      309.0918070413497,
      309.22340480923566,
      309.3538577764548,
      309.4831870557395,
      309.611414542318,
      309.73856242820057,
      309.8646521406821,
      309.9897039676119,
      310.11373391991015,
      310.2367593624495,
      310.3587984612609,
      310.4798688504923,
      310.599987202784,
      310.7191656973089,
      310.83741829377414,
      310.954760099516,
      311.0712059143817,
      311.1867696579743,
      311.3014606773935,
      311.4152903643666,
      311.5282715009893,
      311.6404166767435,
      311.751737734857,
      311.86224196515974,
      311.97193884087244,
      312.08083932284353,
      312.18895427384456,
      312.29629387716574,
      312.4028640338836,
      312.5086727710419,
      312.6137295865481,
      312.7180439432255,
      312.82162469737636,
      312.92447684422416,
      313.02660733434794,
      313.1280244619205,
      313.22873652151975,
      313.32875130094,
      313.4280732426421,
      313.5267084891259,
      313.6246643425781,
      313.7219480938554,
      313.8185666221659,
      313.91452412818893,
      314.00982613833503,
      314.1044791006379,
      314.1984894470742,
      314.2918632693118,
      314.3846046999291,
      314.4767188044661,
      314.56821130126104,
      314.65908786109424,
      314.7493539131048,
      314.8390136068744,
      314.92807164390797,
      315.0165331165969,
      315.10440304916864,
      315.19168630016367,
      315.2783870538049,
      315.3645097172449,
      315.45005885244524,
      315.53503894306346,
      315.619454378797,
      315.7033092753888,
      315.7866077891927,
      315.86935406237035,
      315.9515521529484,
      316.03320607650926,
      316.11431975141994,
      300.0,
      300.00002014833484,
      300.00014380007883,
      300.000557654112,
      300.00156295965985,
      300.00355267497514,
      300.00696720093225,
      300.01224610030016,
      300.01978841325354,
      300.0299270117642,
      300.0429167182804,
      300.0589333138947,
      300.0780794639861,
      300.10039454489623,
      300.12586571694703,
      300.15443890458664,
      300.18602872213023,
      300.22052697725934,
      300.2578097722978,
      300.2977431123001,
      300.34018738182914,
      300.38500071884596,
      300.43204157045074,
      300.481170563636,
      300.5322518708051,
      300.5851541025555,
      300.6397509217939,
      300.69592139730713,
      300.7535502037567,
      300.8125276862377,
      300.87274978741505,
      300.9341179645715,
      300.9965390016576,
      301.05992485374065,
      301.1241924167653,
      301.18926332951344,
      301.25506370872273,
      301.3215239690807,
      301.38857858485653,
      301.45616587199856,
      301.5242277861851,
      301.59270972855495,
      301.66156034130347,
      301.7307313400418,
      301.80017734059146,
      301.86985568749924,
      301.93972630613297,
      302.0097515425487,
      302.0798960382808,
      302.15012661598263,
      302.2204121121522,
      302.29072330993773,
      302.36103277477844,
      302.43131480595724,
      302.50154531036424,
      302.5717017020649,
      302.64176284713943,
      302.711708925413,
      302.7815214345169,
      302.85118305780253,
      302.920677592347,
      302.98998992603936,
      303.05910592945463,
      303.128012439679,
      303.19669719303744,
      303.26514874514857,
      303.3333564722108,
      303.40131046477643,
      303.4690015600271,
      303.5364212503597,
      303.6035616257616,
      303.6704154033704,
      303.736975829261,
      303.8032366985575,
      303.869192298388,
      303.934837364453,
      304.0001670883921,
      304.0651770579498,
      304.12986327098406,
      304.1942220985604,
      304.25825022938676,
      304.3219446913771,
      304.38530281610707,
      304.44832223055306,
      304.51100085236556,
      304.5733368099869,
      304.6353285067138,
      304.6969745488825,
      304.7582737739309,
      304.81922523940347,
      304.8798281368871,
      304.9400818864664,
      304.99998603272314,
      305.0595403050923,
      305.11874459247866,
      305.17759888128836,
      305.2361033196904,
      305.2942581461228,
      305.352063745595,
      305.409520611916,
      305.46662930171055,
      305.5233905048436,
      305.57980495695335,
      305.6358735159537,
      305.6915971138961,
      305.7469767249458,
      305.802013413674,
      305.8567082881849,
      305.91106252410344,
      305.9650773808555,
      306.01875411896583,
      306.0720940767044,
      306.1250986031767,
      306.17776911668295,
