{
  "final_status": "weak_pass",
  "final_lambda": 5.418778092877165e-05,
  "final_reg_order": 1,
  "final_residual_norm": 7.090170348213248,
  "final_reg_norm": 4.478857177893248,
  "n_iterations": 9,
  "summary_notes": [
    "Completed in 9 iteration(s)"
  ],
  "final_config": {
    "parameterization_type": "piecewise_constant",
    "num_parameters": 24,
    "reg_order": 1,
    "lambda_strategy": "fixed",
    "lambda_value": 5.418778092877165e-05,
    "lambda_grid": null,
    "max_retries": 8,
    "physical_bounds": [
      -500000.0,
      500000.0
    ],
    "planner_notes": [
      "num_parameters=24 (\u2248 N_t/5)",
      "reg_order=1 (default first-difference smoothness)",
      "noise_std provided \u2192 using discrepancy principle for lambda",
      "physical_bounds=(-500000.0, 500000.0) applied",
      "iter0: lambda decreased to 6.936e-03 (factor=2.0)",
      "iter1: lambda decreased to 3.468e-03 (factor=2.0)",
      "iter2: lambda decreased to 1.734e-03 (factor=2.0)",
      "iter3: lambda decreased to 8.670e-04 (factor=2.0)",
      "iter4: lambda decreased to 4.335e-04 (factor=2.0)",
      "iter5: lambda decreased to 2.168e-04 (factor=2.0)",
      "iter6: lambda decreased to 1.084e-04 (factor=2.0)",
      "iter7: lambda decreased to 5.419e-05 (factor=2.0)"
    ],
    "stop_tolerance": 0.001,
    "iteration_budget": 12,
    "skip_verifier": false
  },
  "final_result": {
    "estimated_x": [
      36486.07901541146,
      36486.48939383082,
      36487.354473567764,
      36488.59075231762,
      36490.10112652913,
      36491.77883852885,
      36493.513494145955,
      36495.2012230954,
      36496.75195715239,
      36498.09680478906,
      36499.195822007656,
      36500.03676087937,
      36500.62818659913,
      36500.996797669286,
      36501.18508243867,
      36501.24288251449,
      36501.22087700583,
      36501.16448045687,
      36501.107265410195,
      36501.068958914344,
      36501.05160883681,
      36501.04620403251,
      36501.04505679683,
      36501.04496263113
    ],
    "fitted_y": [
      300.0,
      300.0000004085767,
      300.00000370622615,
      300.00001791722946,
      300.00006147109235,
      300.0001681448772,
      300.00039058693613,
      300.0008013892049,
      300.0014915110226,
      300.002566483779,
      300.00414125709,
      300.00633455136517,
      300.0092634717114,
      300.0130388975177,
      300.01776186132173,
      300.0235210144238,
      300.03039113363286,
      300.038432449321,
      300.0476907076773,
      300.05819772448086,
      300.06997230801255,
      300.083021432907,
      300.0973415073431,
      300.11291969831905,
      300.12973524239754,
      300.14776066723584,
      300.1669630027388,
      300.18730481178557,
      300.20874513801675,
      300.23124040798706,
      300.25474510099843,
      300.2792124645584,
      300.3045950411173,
      300.3308451284606,
      300.3579152110653,
      300.38575822550274,
      300.41432790673184,
      300.44357895811015,
      300.47346723180175,
      300.5039498863733,
      300.53498544688034,
      300.56653390851545,
      300.5985567801141,
      300.6310170965781,
      300.6638794603387,
      300.69711000397865,
      300.73067640056695,
      300.76454783458684,
      300.79869496252024,
      300.83308989625215,
      300.867706140819,
      300.90251856743026,
      300.9375033408562,
      300.9726379235791,
      301.0079009638049,
      301.0432722809302,
      301.0787328261384,
      301.11426459113454,
      301.14985061853116,
      301.1854749085366,
      301.22112237332556,
      301.25677883913323,
      301.29243093633363,
      301.3280661098364,
      301.3636725755584,
      301.3992392353985,
      301.43475570008513,
      301.47021220207523,
      301.50559960181096,
      301.5409093462685,
      301.5761334088277,
      301.6112642996842,
      301.6462949891225,
      301.68121895111,
      301.7160300907351,
      301.75072270067335,
      301.78529149856587,
      301.8197315337011,
      301.85403822853715,
      301.8882073476181,
      301.9222349457432,
      301.9561173866807,
      301.9898512892524,
      302.0234335356725,
      302.0568612943823,
      302.0901319142927,
      302.12324301401077,
      302.15619236362477,
      302.1889779635568,
      302.22159800517096,
      302.25405081685926,
      302.2863349366711,
      302.3184490065343,
      302.3503918448813,
      302.3821624051758,
      302.4137597530998,
      302.4451830956227,
      302.476431724989,
      302.5075050602285,
      302.5384026284887,
      302.56912402354806,
      302.5996689576899,
      302.63003719946,
      302.66022860894736,
      302.6902431336275,
      302.7200807544223,
      302.7497415562338,
      302.77922565324883,
      302.8085332262883,
      302.83766452693976,
      302.8666198256856,
      302.89539946998764,
      302.92400381995776,
      302.9524333022949,
      302.98068837293596,
      303.0087695211795,
      303.0366772800672,
      303.06441218486776,
      303.09197482701416,
      303.1193658312734,
      303.14658581631636,
      300.0,
      300.00000005184995,
      300.00000055997833,
      300.00000297410674,
      300.0000111145311,
      300.0000328541313,
      300.00008195800643,
      300.0001795228345,
      300.0003547774485,
      300.00064495841565,
      300.0010943829846,
      300.00175282309755,
      300.00267344801426,
      300.003910659093,
      300.00551796190246,
      300.00754613283846,
      300.0100417175749,
      300.01304590075364,
      300.01659380706883,
      300.02071411344264,
      300.02542897022283,
      300.0307541795482,
      300.0366994857003,
      300.0432690728619,
      300.05046206079203,
      300.05827310005225,
      300.0666929672271,
      300.07570907302625,
      300.0853060554333,
      300.0954662753676,
      300.1061702376839,
      300.1173970972042,
      300.12912492207863,
      300.14133106501293,
      300.1539924494519,
      300.16708578525163,
      300.1805878320543,
      300.1944754739123,
      300.20872594948787,
      300.2233168955781,
      300.2382264984981,
      300.2534335687261,
      300.2689175325693,
      300.2846585275608,
      300.30063740865535,
      300.31683578140144,
      300.3332360288917,
      300.34982125780397,
      300.3665753440312,
      300.3834828745874,
      300.4005291953064,
      300.4177003818013,
      300.434983168919,
      300.45236498600934,
      300.46983388431727,
      300.48737856602554,
      300.5049883593694,
      300.52265313565226,
      300.54036335282024,
      300.55810996419314,
      300.5758844516636,
      300.593678809115,
      300.6114854615153,
      300.6292972877605,
      300.64710757296257,
      300.6649099981021,
      300.6826986628572,
      300.7004679860354,
      300.7182127553846,
      300.7359280529218,
      300.7536092694778,
      300.7712521337532,
      300.7888525920107,
      300.8064068910752,
      300.82391149121923,
      300.8413630952285,
      300.8587586525716,
      300.87609528264784,
      300.89337034119677,
      300.91058132903567,
      300.9277259356438,
      300.9448020433328,
      300.96180765049354,
      300.97874093593225,
      300.99560018627244,
      301.0123838374641,
      301.0290904644347,
      301.04571873129703,
      301.0622674370168,
      301.0787354531831,
      301.09512176758835,
      301.111425475951,
      301.12764573419486,
      301.14378180203977,
      301.1598329890646,
      301.17579869828353,
      301.1916784054214,
      301.2074716277816,
      301.2231779699074,
      301.23879707793634,
      301.25432863961896,
      301.26977242995764,
      301.28512823029575,
      301.3003959030101,
      301.31557531889996,
      301.33066640075475,
      301.34566912958337,
      301.36058348651414,
      301.37540951503956,
      301.3901472670671,
      301.40479681744796,
      301.4193583116827,
      301.4338318642654,
      301.44821765618394,
