{
  "final_status": "weak_pass",
  "final_lambda": 9.635468164734707e-09,
  "final_reg_order": 1,
  "final_residual_norm": 4.329726338154243,
  "final_reg_norm": 16026.581069252741,
  "n_iterations": 8,
  "summary_notes": [
    "Completed in 8 iteration(s)"
  ],
  "final_config": {
    "parameterization_type": "piecewise_constant",
    "num_parameters": 24,
    "reg_order": 1,
    "lambda_strategy": "fixed",
    "lambda_value": 9.635468164734707e-09,
    "lambda_grid": null,
    "max_retries": 8,
    "physical_bounds": [
      -500000.0,
      500000.0
    ],
    "planner_notes": [
      "num_parameters=24 (\u2248 N_t/5)",
      "reg_order=1 (default first-difference smoothness)",
      "noise_std provided \u2192 using discrepancy principle for lambda",
      "physical_bounds=(-500000.0, 500000.0) applied",
      "iter0: lambda decreased to 6.167e-07 (factor=2.0)",
      "iter1: lambda decreased to 3.083e-07 (factor=2.0)",
      "iter2: lambda decreased to 1.542e-07 (factor=2.0)",
      "iter3: lambda decreased to 7.708e-08 (factor=2.0)",
      "iter4: lambda decreased to 3.854e-08 (factor=2.0)",
      "iter5: lambda decreased to 1.927e-08 (factor=2.0)",
      "iter6: lambda decreased to 9.635e-09 (factor=2.0)"
    ],
    "stop_tolerance": 0.001,
    "iteration_budget": 12,
    "skip_verifier": false
  },
  "final_result": {
    "estimated_x": [
      20209.015035851935,
      21592.86635946168,
      24516.06040051148,
      28620.769537380573,
      33480.85952143897,
      38634.715787078545,
      43535.64008805834,
      47641.79337274692,
      50532.14054564201,
      51868.64527603693,
      51420.762747657085,
      49236.06784242495,
      45628.05178762893,
      41031.32602400289,
      35977.112520210176,
      31065.568078052824,
      26763.09293800943,
      23360.835929852532,
      20898.8389048323,
      19295.924694219048,
      18452.70010042942,
      18116.76204282293,
      18021.994119383144,
      18009.00714498922
    ],
    "fitted_y": [
      300.0,
      300.0000114564787,
      300.00008176569224,
      300.0003170858799,
      300.00088870937805,
      300.00202085936274,
      300.00396719629754,
      300.0069849272834,
      300.0113126783012,
      300.01715502262374,
      300.02467565765136,
      300.0339985042001,
      300.04521282881575,
      300.05837875763297,
      300.07353122981795,
      300.090684888923,
      300.1098409608102,
      300.1309938365267,
      300.15413473475166,
      300.1792516990798,
      300.20633009011067,
      300.2353556401338,
      300.26631788334754,
      300.29921093378744,
      300.33403083826835,
      300.37077378237575,
      300.4094375747039,
      300.45002401383334,
      300.4925389339962,
      300.5369889685231,
      300.583379175348,
      300.6317139552676,
      300.6819990272571,
      300.7342414659815,
      300.7884467810842,
      300.8446166715626,
      300.9027495466433,
      300.9628421849884,
      301.02488990803016,
      301.088884467076,
      301.15481226171846,
      301.2226545895418,
      301.2923888210489,
      301.36398878635924,
      301.43742369303095,
      301.5126569658493,
      301.58964610590004,
      301.6683432195865,
      301.7486955195884,
      301.83064538769906,
      301.91412990758704,
      301.9990802864213,
      302.08542157106666,
      302.1730732153341,
      302.2619502926559,
      302.3519639066706,
      302.443020306251,
      302.5350199113997,
      302.6278579221229,
      302.7214265646002,
      302.8156163423482,
      302.91031502219687,
      303.00540612416586,
      303.1007694559594,
      303.1962841006993,
      303.2918302449355,
      303.3872880649393,
      303.48253576121465,
      303.57744994249515,
      303.6719089050186,
      303.76579480326336,
      303.8589925452188,
      303.9513875814617,
      304.0428660644411,
      304.1333180742798,
      304.222639891099,
      304.31073303705847,
      304.39750211538535,
      304.4828547516573,
      304.5667043804125,
      304.64897226819977,
      304.7295866997667,
      304.80848097529804,
      304.8855930944755,
      304.96086784789503,
      305.0342583543263,
      305.1057253972986,
      305.1752356578871,
      305.24276122566914,
      305.30828090149356,
      305.3717811366688,
      305.4332554357458,
      305.49270282993433,
      305.5501272803433,
      305.6055383011481,
      305.658951412109,
      305.7103876294006,
      305.75987228815774,
      305.80743445101524,
      305.8531070548449,
      305.8969270492936,
      305.93893509842053,
      305.9791747963161,
      306.01769219540205,
      306.05453562481785,
      306.08975553809626,
      306.1234042523624,
      306.1555354117488,
      306.1862035710874,
      306.21546390355974,
      306.2433718645181,
      306.2699829767654,
      306.29535243921316,
      306.3195348626784,
      306.34258402043054,
      306.3645525583743,
      306.3854919180778,
      306.40545209057734,
      306.4244815370609,
      306.4426270766297,
      306.4599337343746
    ],
    "status": "success"
  }
}