{
  "final_status": "weak_pass",
  "final_lambda": 1.0,
  "final_reg_order": 1,
  "final_residual_norm": 12.220165272962216,
  "final_reg_norm": 0.014388118590898336,
  "n_iterations": 1,
  "summary_notes": [
    "Completed in 1 iteration(s)"
  ],
  "final_config": {
    "parameterization_type": "piecewise_constant",
    "num_parameters": 24,
    "reg_order": 1,
    "lambda_strategy": "fixed",
    "lambda_value": 1.0,
    "lambda_grid": null,
    "max_retries": 1,
    "physical_bounds": null,
    "planner_notes": [
      "num_parameters=24 (\u2248 N_t/5)",
      "reg_order=1 (default first-difference smoothness)",
      "noise_std provided \u2192 using discrepancy principle for lambda",
      "lambda_value=1.0 supplied \u2192 strategy forced to 'fixed'"
    ],
    "stop_tolerance": 0.001,
    "iteration_budget": 1,
    "skip_verifier": false
  },
  "final_result": {
    "estimated_x": [
      41927.34739793874,
      41927.346594234084,
      41927.34474277386,
      41927.34186902611,
      41927.33809660596,
      41927.333655451526,
      41927.32885883634,
      41927.32404853713,
      41927.31952452459,
      41927.31549503724,
      41927.31204233727,
      41927.30911116828,
      41927.306541267855,
      41927.30412702121,
      41927.30168189247,
      41927.299085813655,
      41927.29633630218,
      41927.293540536324,
      41927.29089082159,
      41927.28860773629,
      41927.28686310132,
      41927.28574444217,
      41927.28520452249,
      41927.28506193462
    ],
    "fitted_y": [
      300.0,
      300.0609153371352,
      300.1987331841465,
      300.3974373755242,
      300.63562835702476,
      300.8966201015073,
      301.1693870912926,
      301.44709589435837,
      301.7256178121526,
      302.00248995397993,
      302.2762640803029,
      302.5461120912933,
      302.81158788757637,
      303.07248248864664,
      303.32873468275164,
      303.5803750963104,
      303.827490799792,
      304.0702025774255,
      304.30865027531615,
      304.54298326999134,
      304.77335429967513,
      304.99991544854026,
      305.2228156717946,
      305.4421991655719,
      305.6582044985515,
      305.87096409542465,
      306.08060404805855,
      306.2872441095054,
      306.4909978175971,
      306.6919726750687,
      306.8902704142232,
      307.0859872284815,
      307.279214097587,
      307.47003704445785,
      307.65853740818517,
      307.84479213012617,
      308.02887400218924,
      308.21085191101713,
      308.3907910805412,
      308.5687532925506,
      308.74479707549,
      308.9189779138919,
      309.09134844021776,
      309.2619585751138,
      309.4308557218332,
      309.5980848771111,
      309.7636888059722,
      309.92770818604885,
      310.0901816742614,
      310.25114605130625,
      310.41063633576044,
      310.56868589068216,
      310.7253265228053,
      310.88058853527366,
      311.0345008365103,
      311.18709100980516,
      311.3383854209595,
      311.4884092485032,
      311.63718656296084,
      311.784740378638,
      311.93109271658983,
      312.07626467558214,
      312.2202764886154,
      312.36314752375785,
      312.5048963598421,
      312.64554083059653,
      312.78509806898103,
      312.9235845470615,
      313.06101611506375,
      313.19740797462,
      313.33277479197,
      313.4671306899351,
      313.6004893044589,
      313.7328637759708,
      313.8642667822048,
      313.9947105463136,
      314.1242069102558,
      314.25276734124094,
      314.38040292776486,
      314.5071243814087,
      314.6329420876267,
      314.75786613185994,
      314.8819063107062,
      315.0050721350113,
      315.1273728101842,
      315.24881729644864,
      315.3694143326963,
      315.48917241904945,
      315.60809984137603,
      315.72620466351316,
      315.8434947162326,
      315.95997768984313,
      316.07566109296766,
      316.1905522437865,
      316.3046583004295,
      316.41798623856175,
      316.5305429120729,
      316.642335042945,
      316.7533692008085,
      316.86365181673796,
      316.9731891902258,
      317.08198752228327,
      317.1900529149931,
      317.29739132518273,
      317.4040086188588,
      317.5099105481171,
      317.61510278502453,
      317.7195909308786,
      317.8233804583467,
      317.92647677080936,
      318.02888518011946,
      318.13061093184876,
      318.2316592123177,
      318.33203510061867,
      318.4317436304717,
      318.5307897280515,
      318.62917830293895,
      318.7269141980514,
      318.82400216096914,
      318.92044691064285,
      319.01625307066473,
      300.0,
      300.0000237685887,
      300.00016963808383,
      300.0006578534293,
      300.00184379232564,
      300.00419101971045,
      300.00821906740737,
      300.01444647817095,
      300.02334399064654,
      300.03530428583997,
      300.0506279709668,
      300.0695224092537,
      300.0921087101381,
      300.11843332160913,
      300.1484810930421,
      300.1821882284007,
      300.2194539953586,
      300.2601507565812,
      300.30413234700336,
      300.3512406898555,
      300.4013110780434,
      300.4541761542481,
      300.50966892579027,
      300.56762497156086,
      300.62788405313023,
      300.69029116816563,
      300.75469727495135,
      300.82095970946307,
      300.888942421314,
      300.9585160500235,
      301.02955783922,
      301.10195153892505,
      301.1755871839048,
      301.25036091015625,
      301.32617468321484,
      301.40293606459363,
      301.48055789957067,
      301.55895810507354,
      301.63805938845076,
      301.71778899007865,
      301.79807844503387,
      301.8788633542963,
      301.9600831440341,
      302.04168086779003,
      302.1236030015205,
      302.2057992410176,
      302.2882223279272,
      302.3708278614672,
      302.4535741506625,
      302.53642207849947,
      302.61933490411366,
      302.7022781841405,
      302.7852195796663,
      302.8681287990291,
      302.9509774476722,
      303.03373890898087,
      303.1163882799323,
      303.19890220903005,
      303.2812589010699,
      303.36343795984396,
      303.4454203023424,
      303.5271881325369,
      303.60872481506374,
      303.69001485615763,
      303.7710438226203,
      303.85179824648964,
      303.93226562742177,
      304.0124343087586,
      304.0922935156598,
      304.17183324547227,
      304.2510441986158,
      304.32991781433077,
      304.4084461562792,
      304.4866219363769,
      304.56443844567957,
      304.6418895019508,
      304.7189694591943,
      304.79567313853715,
      304.8719958449125,
      304.9479333217782,
      305.023481684386,
      305.0986374459966,
      305.17339747736213,
      305.24775899719316,
      305.3217195650102,
      305.39527698581315,
      305.4684293863459,
      305.5411751316799,
      305.6135128585797,
      305.6854414612056,
      305.75695998863245,
      305.82806775686436,
      305.89876422728537,
      305.9690490781581,
      306.0389221736426,
      306.1083834899154,
      306.1774331914342,
      306.2460715475219,
      306.3142989990988,
      306.3821161134007,
      306.44952352916465,
      306.5165220400435,
      306.5831124921241,
      306.64929587449143,
      306.7150732620311,
      306.78044577729685,
      306.84541464770945,
      306.9099811507407,
      306.97414664251244,
      307.03791257686316,
      307.10128040763357,
      307.16425167923126,
      307.2268279479819,
      307.2890108512444,
      307.35080209549443,
      307.41220335384253,
      307.4732164018819,
      307.53384298660706,
      307.59408493127836,
      307.6539441044387,
      307.7134223436484
    ],
    "status": "success"
  }
}