{
  "final_status": "weak_pass",
  "final_lambda": 4.850800872207818e-09,
  "final_reg_order": 1,
  "final_residual_norm": 3.947738307882053,
  "final_reg_norm": 39020.21754801949,
  "n_iterations": 1,
  "summary_notes": [
    "Completed in 1 iteration(s)"
  ],
  "final_config": {
    "parameterization_type": "piecewise_constant",
    "num_parameters": 6,
    "reg_order": 1,
    "lambda_strategy": "discrepancy",
    "lambda_value": 4.850800872207818e-09,
    "lambda_grid": null,
    "max_retries": 8,
    "physical_bounds": [
      -500000.0,
      500000.0
    ],
    "planner_notes": [
      "num_parameters=6 (\u2248 N_t/5)",
      "reg_order=1 (default first-difference smoothness)",
      "noise_std provided \u2192 using discrepancy principle for lambda",
      "physical_bounds=(-500000.0, 500000.0) applied"
    ],
    "stop_tolerance": 0.001,
    "iteration_budget": 12,
    "skip_verifier": false
  },
  "final_result": {
    "estimated_x": [
      -865.1425161958733,
      11595.403184516457,
      48109.61434705559,
      50772.17260966899,
      53242.072805081094,
      48677.54237626118
    ],
    "fitted_y": [
      300.0,
      299.98521468363765,
      299.9646748527712,
      299.9434107198277,
      299.92297453156493,
      300.116640062814,
      300.39430815203434,
      300.683416036345,
      300.96148690246156,
      301.22376760333367,
      302.094623425465,
      303.19445609184476,
      304.3126267518024,
      305.385106636891,
      306.3995337331205,
      307.4037002997662,
      308.37545103579447,
      309.30508109073844,
      310.19290853588046,
      311.042235991248,
      311.89893641224154,
      312.74053902278354,
      313.55551794469596,
      314.3418328627759,
      315.1005771504327,
      315.7555312711566,
      316.3561160667821,
      316.93045842441165,
      317.488129540211,
      318.0320283419021,
      318.56303962926137,
      300.0,
      299.9997135050268,
      299.9987528838923,
      299.9968656309585,
      299.99398873518686,
      299.9943197145859,
      300.0035769859817,
      300.025549010295,
      300.0612864029728,
      300.1098888439167,
      300.1816020716804,
      300.29068738561773,
      300.4458100220426,
      300.64788870060255,
      300.89246221678565,
      301.1735049480847,
      301.4848474082231,
      301.82045907161404,
      302.17466120413644,
      302.5423535046134,
      302.9199644109839,
      303.30494186355975,
      303.69502412741645,
      304.08799693978807,
      304.4817574996965,
      304.87291519989446,
      305.257831080567,
      305.6338717553991,
      305.9996722249747,
      306.35480745179484,
      306.6993849417543
    ],
    "status": "success"
  }
}