{
  "final_status": "weak_pass",
  "final_lambda": 2.9007068606883426e-10,
  "final_reg_order": 1,
  "final_residual_norm": 5.193597124644666,
  "final_reg_norm": 28310.89123301556,
  "n_iterations": 9,
  "summary_notes": [
    "Completed in 9 iteration(s)"
  ],
  "final_config": {
    "parameterization_type": "piecewise_constant",
    "num_parameters": 24,
    "reg_order": 1,
    "lambda_strategy": "fixed",
    "lambda_value": 2.9007068606883426e-10,
    "lambda_grid": null,
    "max_retries": 8,
    "physical_bounds": [
      -500000.0,
      500000.0
    ],
    "planner_notes": [
      "num_parameters=24 (\u2248 N_t/5)",
      "reg_order=1 (default first-difference smoothness)",
      "noise_std provided \u2192 using discrepancy principle for lambda",
      "physical_bounds=(-500000.0, 500000.0) applied",
      "iter0: lambda decreased to 3.713e-08 (factor=2.0)",
      "iter1: lambda decreased to 1.856e-08 (factor=2.0)",
      "iter2: lambda decreased to 9.282e-09 (factor=2.0)",
      "iter3: lambda decreased to 4.641e-09 (factor=2.0)",
      "iter4: lambda decreased to 2.321e-09 (factor=2.0)",
      "iter5: lambda decreased to 1.160e-09 (factor=2.0)",
      "iter6: lambda decreased to 5.801e-10 (factor=2.0)",
      "iter7: lambda decreased to 2.901e-10 (factor=2.0)"
    ],
    "stop_tolerance": 0.001,
    "iteration_budget": 12,
    "skip_verifier": false
  },
  "final_result": {
    "estimated_x": [
      65754.01112520351,
      63052.42899464714,
      57134.94146862799,
      49646.8198672914,
      42518.14419411057,
      35476.44867355661,
      27848.305393066847,
      23769.168991015664,
      25369.809552810046,
      31695.4759785951,
      38973.136762217066,
      43181.63127166131,
      44707.1401366815,
      46964.228731317584,
      51893.52548176331,
      55820.78143709143,
      54248.23127158407,
      46484.73424694947,
      35226.59130621797,
      23878.975003939246,
      16968.3071028787,
      16125.945137155168,
      16997.40061991542,
      17085.99164776433
    ],
    "fitted_y": [
      300.0,
      300.0000372759104,
      300.00026604078596,
      300.0010317013691,
      300.00289159101686,
      300.0065711799339,
      300.0128789055206,
      300.02261379953893,
      300.03649121543714,
      300.05509711843416,
      300.07886611624025,
      300.10807612130696,
      300.14285565321956,
      300.18320209598204,
      300.2290068935969,
      300.2800790640913,
      300.3361620761732,
      300.39694699734946,
      300.4620866826762,
      300.5312121138981,
      300.6039453809675,
      300.6799058151589,
      300.7587128764499,
      300.83999047334214,
      300.9233744154194,
      301.0085172592364,
      301.09508771990284,
      301.1827679725239,
      301.2712535393572,
      301.3602572050471,
      301.4495108339501,
      301.53876208807156,
      301.6277695709989,
      301.7163015456897,
      301.804139485306,
      301.89108230480986,
      301.97694780682895,
      302.06157251031897,
      302.14481179535807,
      302.2265414405245,
      302.30666072797175,
      302.3850960369354,
      302.4618029831134,
      302.5367657992493,
      302.60999399698284,
      302.6815209227116,
      302.751405951208,
      302.8197366086885,
      302.88662648652587,
      302.9522081408544,
      303.0166271249882,
      303.08004086661924,
      303.14261885257366,
      303.2045399250579,
      303.2659851866584,
      303.3271310346807,
      303.3881454808649,
      303.44918649557883,
      303.5104002797438,
      303.571918102703,
      303.63385360652853,
      303.6963018604269,
      303.7593397046032,
      303.8230266385253,
      303.8874055780887,
      303.95250481478485,
      304.01834175187633,
      304.0849267037763,
      304.1522654084827,
      304.22035945366724,
      304.2892082468735,
      304.3588139400013,
      304.42918613590047,
      304.50034336608206,
      304.572310383075,
      304.64511515870225,
      304.7187881212334,
      304.79336226057455,
      304.8688719733955,
      304.9453498805004,
      305.0228216853219,
      305.1013004595579,
      305.1807823539665,
      305.26124517630444,
      305.3426499149019,
      305.42493964476483,
      305.5080343095914,
      305.591825757263,
      305.67617850182853,
      305.76093706083384,
      305.84593070992594,
      305.93097151407886,
      306.01585069976596,
      306.1003410512005,
      306.184206776996,
      306.2672112025647,
      306.34911697366476,
      306.4296834583032,
      306.50866877147195,
      306.58583821518926,
      306.6609724499068,
      306.73387071206577,
      306.804350794684,
      306.8722502657032,
      306.9374300520676,
      306.9997788844233,
      307.05921642631426,
      307.1156941358969,
      307.16919426821624,
      307.21972755893097,
      307.26733041168427,
      307.3120623337171,
      307.35400292180265,
      307.393248352188,
      307.42990718134865,
      307.46409599251797,
      307.49593572342593,
      307.5255483603971,
      307.5530546563043,
      307.5785723247195,
      307.6022147948532
    ],
    "status": "success"
  }
}