{
  "final_status": "weak_pass",
  "final_lambda": 3.5499335739322813e-09,
  "final_reg_order": 1,
  "final_residual_norm": 3.910150979157589,
  "final_reg_norm": 38463.554229757116,
  "n_iterations": 1,
  "summary_notes": [
    "Completed in 1 iteration(s)"
  ],
  "final_config": {
    "parameterization_type": "piecewise_constant",
    "num_parameters": 6,
    "reg_order": 1,
    "lambda_strategy": "discrepancy",
    "lambda_value": 3.5499335739322813e-09,
    "lambda_grid": null,
    "max_retries": 8,
    "physical_bounds": [
      -500000.0,
      500000.0
    ],
    "planner_notes": [
      "num_parameters=6 (\u2248 N_t/5)",
      "reg_order=1 (default first-difference smoothness)",
      "noise_std provided \u2192 using discrepancy principle for lambda",
      "physical_bounds=(-500000.0, 500000.0) applied"
    ],
    "stop_tolerance": 0.001,
    "iteration_budget": 12,
    "skip_verifier": false
  },
  "final_result": {
    "estimated_x": [
      59038.36627158495,
      38959.19441995435,
      28498.504390889568,
      48722.64380954891,
      47323.62938632199,
      23746.67518794833
    ],
    "fitted_y": [
      300.0,
      301.0089677787267,
      302.4106305512224,
      303.8617205689623,
      305.25631064548156,
      306.22923196723156,
      306.99210031942533,
      307.6693878263912,
      308.30530858420576,
      308.91463033864903,
      309.32403614728594,
      309.6451908160543,
      309.9403480746831,
      310.229295839638,
      310.5167568329135,
      311.1487105969801,
      311.9133033986282,
      312.6920571596826,
      313.4479063051952,
      314.17268839479675,
      314.8427133775819,
      315.4748836461196,
      316.0798916600994,
      316.66257512469554,
      317.22545723925015,
      317.3672527075722,
      317.33531759005683,
      317.2677561459218,
      317.20773621474416,
      317.1647993615837,
      317.1387977421175,
      300.0,
      300.01955076168804,
      300.0851047037589,
      300.2138931147607,
      300.41021594378924,
      300.66256749256956,
      300.9527106647348,
      301.26443607319374,
      301.5865178283776,
      301.9121001733412,
      302.23374925385684,
      302.5444864016406,
      302.83989447357067,
      303.11836184875574,
      303.3801971784676,
      303.6333681008381,
      303.88852685165375,
      304.15315168112414,
      304.4301347809728,
      304.7190355048557,
      305.01725717547754,
      305.32149124197264,
      305.6287056201443,
      305.9364868306097,
      306.24301956480645,
      306.5391515240967,
      306.8133222745547,
      307.0579100360336,
      307.27064920063856,
      307.453077680629,
      307.6085983962197
    ],
    "status": "success"
  }
}