{
  "final_status": "weak_pass",
  "solver_name": "tsvd",
  "final_lambda": 0.05,
  "final_reg_order": 2,
  "final_residual_norm": 6.92503776471808,
  "final_reg_norm": 31872.84736302591,
  "n_iterations": 3,
  "summary_notes": [
    "Completed in 3 iteration(s)"
  ],
  "final_config": {
    "parameterization_type": "piecewise_constant",
    "num_parameters": 24,
    "reg_order": 2,
    "lambda_strategy": "fixed",
    "lambda_value": 0.05,
    "lambda_grid": null,
    "max_retries": 6,
    "physical_bounds": null,
    "planner_notes": [
      "num_parameters=24 (\u2248 N_t/5)",
      "reg_order=1 (default first-difference smoothness)",
      "noise_std provided \u2192 using discrepancy principle for lambda",
      "lambda_strategy overridden to 'fixed' from config",
      "lambda_value=0.01 supplied \u2192 strategy forced to 'fixed'",
      "solver_name='tsvd' from config overrides",
      "iter0: oscillatory solution \u2192 increase reg_order to 2",
      "iter1: lambda increased to 5.000e-02 (factor=5.0)"
    ],
    "stop_tolerance": 0.001,
    "iteration_budget": 10,
    "skip_verifier": false,
    "solver_name": "tsvd"
  },
  "final_result": {
    "estimated_x": [
      40197.62139826291,
      56293.05558313256,
      61379.81271290705,
      60014.883935948936,
      54242.09588142811,
      47206.685625949875,
      37798.91626934606,
      26384.33252265522,
      18827.81455267665,
      19350.006660277202,
      25138.884419643724,
      32554.907099093372,
      42294.4561523635,
      53632.62830475639,
      60505.17864264681,
      59106.45650749503,
      53003.37704257227,
      45473.00712445805,
      34676.9389446374,
      22759.78768237483,
      19699.967430385124,
      27620.62727398821,
      30302.069358740475,
      14195.854931963779
    ],
    "fitted_y": [
      300.0,
      300.0584022556034,
      300.1905343836749,
      300.38104097068697,
      300.6094053077858,
      300.8830144639336,
      301.19743508132206,
      301.5399672146894,
      301.8984374500713,
      302.2640789290919,
      302.63866102515163,
      303.0207061433198,
      303.4062584955469,
      303.7915759810378,
      304.17401955626144,
      304.54997995591265,
      304.91801990271773,
      305.27819546472034,
      305.63101506191055,
      305.9770011702911,
      306.3082049644354,
      306.6227857550302,
      306.92325428644216,
      307.21282530600035,
      307.49403858174526,
      307.758413454968,
      308.0044153835149,
      308.2354942807855,
      308.45576225695146,
      308.66839006225143,
      308.8618350254431,
      309.03387030188577,
      309.1889549651149,
      309.3324480967476,
      309.4684606722834,
      309.5831306446319,
      309.6738114814056,
      309.74591389126357,
      309.805908461204,
      309.8587334957791,
      309.89665384118194,
      309.918794633049,
      309.9292522782386,
      309.93260164469126,
      309.9322675165331,
      309.93122886013197,
      309.93103584109156,
      309.9322820592466,
      309.93515007085426,
      309.93967136728725,
      309.9542305268587,
      309.98098299775256,
      310.0176516290601,
      310.06120807325243,
      310.10927070165457,
      310.17101256513723,
      310.24823916873964,
      310.3374704414451,
      310.4345066355583,
      310.5361248550057,
      310.6543427553197,
      310.79153908716836,
      310.94317300842863,
      311.10377160136363,
      311.26915237214394,
      311.4530414269022,
      311.6580643027839,
      311.87886784626704,
      312.10906028649816,
      312.34377945759576,
      312.58983534884806,
      312.8479037031056,
      313.11420583147856,
      313.3845683388187,
      313.65588782225234,
      313.92413814162904,
      314.1875905298138,
      314.4460956712126,
      314.6999986982688,
      314.9496789106717,
      315.18657593962376,
      315.40859982419875,
      315.61827119309186,
      315.8188635691212,
      316.0129444015111,
      316.19130281326267,
      316.3521769393017,
      316.49915112049865,
      316.6365273014481,
      316.76760715386763,
      316.8788945866895,
      316.9676487978962,
      317.0388447224901,
      317.09851844536814,
      317.1512926901284,
      317.1828950385634,
      317.1906666659639,
      317.18030000723206,
      317.15855761611465,
      317.1305811124114,
      317.09528516242375,
      317.0535651953161,
      317.00781721848426,
      316.96031536562884,
      316.91267590269086,
      316.87741794804117,
      316.85814948987604,
      316.85216292676813,
      316.85556779740364,
      316.865263462028,
      316.88305373383105,
      316.9086248858905,
      316.940106414907,
      316.9755866539127,
      317.0136415315974,
      317.0299238962111,
      317.01768642164086,
      316.9826954869611,
      316.93292275520645,
      316.8746148556805,
      316.81189785985856,
      300.0,
      300.000022788008,
      300.00016263961095,
      300.0006307134777,
      300.00176772608916,
      300.0040272423572,
      300.0079451111513,
      300.01410302846597,
      300.0230887379589,
      300.03545668145847,
      300.0516973869531,
      300.0722206615972,
      300.09735004475465,
      300.1273239292072,
      300.1622994333434,
      300.2023572512257,
      300.24750701877434,
      300.2976941219137,
      300.3528086907083,
      300.41269605852676,
      300.4771646112055,
      300.54598918105484,
      300.61891352810267,
      300.6956557823815,
      300.7759177341823,
      300.8593920359414,
      300.94576436940565,
      301.0347138208684,
      301.1259160514689,
      301.21905045130546,
      301.3138040271174,
      301.4098687013515,
      301.50693682989373,
      301.60470132619696,
      301.70286195933545,
      301.80112887536137,
      301.89921855012767,
      301.9968480153508,
      302.09373449999214,
      302.1896026333133,
      302.2841917654098,
      302.3772582776516,
      302.4685751499911,
      302.5579332061116,
      302.6451455286427,
      302.7300537987152,
      302.81253416527204,
      302.8925005850942,
      302.9699048493468,
      303.0447336790204,
      303.1170071052731,
      303.1867798835722,
      303.2541423303693,
      303.3192171469498,
      303.3821513287564,
      303.4431096744261,
      303.50227321305687,
      303.5598389464314,
      303.61601657880715,
      303.6710205951984,
      303.7250655912562,
      303.778368495576,
      303.8311524633135,
      303.88364626514687,
      303.9360772238749,
      303.98866685931637,
      304.0416341433053,
      304.09520061579514,
      304.1495903726049,
      304.2050226016715,
      304.26170380708555,
      304.3198247931636,
      304.37956027857314,
      304.4410675324857,
      304.5044823675021,
      304.56991308694467,
      304.6374344731692,
      304.7070840853843,
      304.77886240378473,
      304.85273644349235,
      304.92864209190014,
      305.0064833986604,
      305.08613199150517,
      305.1674305458734,
      305.25020104029056,
      305.3342512273108,
      305.4193762279857,
      305.5053584167279,
      305.59197056627687,
      305.6789834449359,
      305.76616956072695,
      305.8532996137137,
      305.94013701439906,
      306.02643804461576,
      306.1119593297908,
      306.19646284328707,
      306.279713316015,
      306.36147331315976,
      306.44150382122086,
      306.5195722024575,
      306.59546269620637,
      306.6689847400708,
      306.73997776647116,
      306.8083139586844,
      306.8738995399572,
      306.93667940670866,
      306.99664558490605,
      307.05384355140194,
      307.10837110759263,
      307.1603689798763,
      307.2100078982543,
      307.25747685817066,
      307.30297332947555,
      307.3466951409267,
      307.38883332572607,
      307.42955712443575,
      307.4689905895656,
      307.5071921518511,
      307.54414925040686,
      307.5797895303174,
      307.61400250570244
    ],
    "status": "success"
  }
}