{
  "final_status": "weak_pass",
  "final_lambda": 9.211707177659636e-09,
  "final_reg_order": 1,
  "final_residual_norm": 7.738560870661427,
  "final_reg_norm": 29735.927531711055,
  "n_iterations": 1,
  "summary_notes": [
    "Completed in 1 iteration(s)"
  ],
  "final_config": {
    "parameterization_type": "piecewise_constant",
    "num_parameters": 24,
    "reg_order": 1,
    "lambda_strategy": "discrepancy",
    "lambda_value": 9.211707177659636e-09,
    "lambda_grid": null,
    "max_retries": 1,
    "physical_bounds": [
      -500000.0,
      500000.0
    ],
    "planner_notes": [
      "num_parameters=24 (\u2248 N_t/5)",
      "reg_order=1 (default first-difference smoothness)",
      "noise_std provided \u2192 using discrepancy principle for lambda",
      "physical_bounds=(-500000.0, 500000.0) applied"
    ],
    "stop_tolerance": 0.001,
    "iteration_budget": 1,
    "skip_verifier": false
  },
  "final_result": {
    "estimated_x": [
      1693.9193168557456,
      4671.656486587948,
      12773.922478837276,
      23609.188153646122,
      34481.95819326875,
      41291.00908569288,
      44228.25284821787,
      40689.30638679259,
      35834.40742473539,
      34711.24516505977,
      37953.11178313431,
      43601.715947965335,
      45804.66529832103,
      42954.34274115547,
      37699.30184266766,
      35950.244545972506,
      39369.85243302572,
      43783.31738605622,
      42799.39837586174,
      36246.25960135066,
      24991.51375083343,
      12941.164450627793,
      6057.546558991725,
      4904.964141568418
    ],
    "fitted_y": [
      300.0,
      300.002461058776,
      300.008029078881,
      300.0160569864165,
      300.0256802115836,
      300.0405509070769,
      300.061359059071,
      300.08669109751094,
      300.1148603923497,
      300.1445823756962,
      300.18678709631365,
      300.24404522585473,
      300.3129504660265,
      300.3891840898059,
      300.46941627219417,
      300.56720112943646,
      300.6853215267253,
      300.8188306002897,
      300.9617234306997,
      301.10941620174304,
      301.2747087350291,
      301.459909443725,
      301.6597735416402,
      301.8681197267226,
      302.08026900870357,
      302.3030739032163,
      302.537282399981,
      302.7792108843373,
      303.0247728263736,
      303.27093401099415,
      303.52002155834595,
      303.77200240036166,
      304.0251055672993,
      304.27749253697226,
      304.5278426780321,
      304.7702036495309,
      305.00277721429546,
      305.2266964333205,
      305.44368882116106,
      305.65516775178503,
      305.855064562694,
      306.04218748266004,
      306.2188377557663,
      306.38780699597595,
      306.5512580869192,
      306.70901397846995,
      306.86158131120754,
      307.00998753208245,
      307.15519498383924,
      307.29791022356943,
      307.4433172520928,
      307.5929624144681,
      307.74581170791146,
      307.9003481723316,
      308.0553772061341,
      308.21832172181917,
      308.39085840823003,
      308.5705498944907,
      308.75435451234705,
      308.93993867934165,
      309.12897620312935,
      309.3213718836713,
      309.5157297256211,
      309.7106052225261,
      309.9049441582553,
      310.09393555761403,
      310.27609636849763,
      310.4522941004622,
      310.62386986685925,
      310.7919097973352,
      310.94951999208746,
      311.09517670694754,
      311.2311978215521,
      311.3604709825097,
      311.4852285485446,
      311.60441217911875,
      311.71828696502837,
      311.82809755415104,
      311.93509335263013,
      312.04019235200775,
      312.14896157397897,
      312.2630769949113,
      312.3814588636516,
      312.50249801493663,
      312.62491399185694,
      312.7542657504598,
      312.89170335672515,
      313.035215253644,
      313.182350703554,
      313.33123273122646,
      313.4791981911195,
      313.625108985644,
      313.7688812199701,
      313.9107444040559,
      314.0509317572212,
      314.1800928995651,
      314.2958446261898,
      314.4007693038839,
      314.4982684769927,
      314.59099364048006,
      314.6643516718041,
      314.7151493864894,
      314.7483582214437,
      314.7701319011561,
      314.7851984389139,
      314.7791602772764,
      314.74934646090645,
      314.70151994663706,
      314.64251971953394,
      314.57754246038223,
      314.4999808109277,
      314.4092903413866,
      314.3093362499984,
      314.20434700451386,
      314.0974598242508,
      313.98901416677313,
      313.8797774760421,
      313.77087990342534,
      313.6632814676916,
      313.5576192765543,
      313.4542575243934,
      300.0,
      300.00000096028174,
      300.0000068535989,
      300.00002657813326,
      300.00007449160574,
      300.00017101071967,
      300.0003441092691,
      300.0006303784736,
      300.0010740761932,
      300.0017239909401,
      300.00263375798556,
      300.0038675868875,
      300.0055063617523,
      300.00764852372805,
      300.01040439178104,
      300.01389265585254,
      300.0182434698584,
      300.02360285445155,
      300.0301315539617,
      300.037996542786,
      300.047364508358,
      300.0584025440171,
      300.0712812531827,
      300.08617347899076,
      300.1032466249177,
      300.12265524816456,
      300.1445385535433,
      300.1690206833731,
      300.1962098461292,
      300.226194734038,
      300.25904123540687,
      300.29479178724654,
      300.33346664567,
      300.37506535018963,
      300.4195674582105,
      300.4669308655887,
      300.5170881242602,
      300.5699437762903,
      300.62537538532206,
      300.68323853025504,
      300.7433714319895,
      300.80559684730105,
      300.8697232443367,
      300.9355481951068,
      301.00286462477095,
      301.0714678571499,
      301.1411614506472,
      301.2117612306899,
      301.2830979602425,
      301.3550189822233,
      301.42739082441534,
      301.50010310836643,
      301.5730714075633,
      301.64623697450355,
      301.7195629556792,
      301.7930317383696,
      301.86664562987954,
      301.94042793055087,
      302.01442098134663,
      302.08868017065953,
      302.1632670138331,
      302.2382438743989,
      302.3136703038905,
      302.38960018678546,
      302.46607896658514,
      302.5431396654375,
      302.62079793229117,
      302.69904829517515,
      302.77786384197987,
      302.8571992920708,
      302.93699325802675,
      303.01716766689117,
      303.09762678844976,
      303.17825933204824,
      303.25894417038467,
      303.33955711184734,
      303.41997642431704,
      303.50008662034975,
      303.5797813879558,
      303.65896596504757,
      303.73756085055925,
      303.8155069949265,
      303.89276966534453,
      303.96933878828816,
      304.04522535718263,
      304.1204579307299,
      304.19508160151173,
      304.2691573779916,
      304.34275961071506,
      304.41597065637194,
      304.4888735706539,
      304.56154466453853,
      304.634047630582,
      304.7064306251771,
      304.77872603952517,
      304.85094847327144,
      304.9230895332902,
      304.9951131997286,
      305.0669563319636,
      305.13853490203985,
      305.20974725995916,
      305.28047058621297,
      305.3505562224442,
      305.4198314168386,
      305.48810908229024,
      305.5551953306013,
      305.6208892703171,
      305.68498019530864,
      305.74724992208246,
      305.8074822831626,
      305.86547265696447,
      305.921032594698,
      305.97399103309056,
      306.0241962590574,
      306.0715200357418,
      306.11586200776964,
      306.15715250713674,
      306.1953529530377,
      306.23045466261414,
      306.2624765614224,
      306.29146217714145
    ],
    "status": "success"
  }
}