{
  "final_status": "weak_pass",
  "final_lambda": 1.7199925460644103e-08,
  "final_reg_order": 2,
  "final_residual_norm": 7.791554548403592,
  "final_reg_norm": 13208.895564287868,
  "n_iterations": 1,
  "summary_notes": [
    "Completed in 1 iteration(s)"
  ],
  "final_config": {
    "parameterization_type": "piecewise_constant",
    "num_parameters": 24,
    "reg_order": 2,
    "lambda_strategy": "discrepancy",
    "lambda_value": 1.7199925460644103e-08,
    "lambda_grid": null,
    "max_retries": 8,
    "physical_bounds": [
      -500000.0,
      500000.0
    ],
    "planner_notes": [
      "num_parameters=24 (\u2248 N_t/5)",
      "reg_order=2 (default first-difference smoothness)",
      "noise_std provided \u2192 using discrepancy principle for lambda",
      "physical_bounds=(-500000.0, 500000.0) applied"
    ],
    "stop_tolerance": 0.001,
    "iteration_budget": 12,
    "skip_verifier": false
  },
  "final_result": {
    "estimated_x": [
      -4845.13297589747,
      4738.870646541414,
      15048.779507348589,
      25784.00009346945,
      35362.1609781301,
      41454.2083998739,
      43006.6838852544,
      40355.199013013655,
      36831.488611728266,
      35934.586003606855,
      38465.0427318681,
      42293.09060458029,
      43885.87281578705,
      42007.17062733389,
      38742.431639264105,
      37649.89967645845,
      39887.48643362931,
      42882.36105957708,
      42597.58855410151,
      37161.995072495774,
      27021.69419326776,
      14510.192143267284,
      2155.4954343316904,
      -9503.484534663063
    ],
    "fitted_y": [
      300.0,
      299.9929606109853,
      299.97703435195245,
      299.9540720543153,
      299.926546655008,
      299.9103107859009,
      299.91029300373447,
      299.9236219083658,
      299.9458829756587,
      299.9735466273689,
      300.01923898456425,
      300.08542495382136,
      300.1672739592533,
      300.2589850285064,
      300.3561311089506,
      300.4714051662895,
      300.60710824341345,
      300.75806253557494,
      300.91815304747087,
      301.082741053119,
      301.2627180686904,
      301.4598869915455,
      301.66949522677015,
      301.8860259361444,
      302.1053228731678,
      302.3335471484715,
      302.57139557776327,
      302.8155978310876,
      303.06252151855824,
      303.30947455987985,
      303.5569980984595,
      303.80467309569616,
      304.0513455796926,
      304.2959382796122,
      304.5377154375787,
      304.7723991434456,
      304.99876807884687,
      305.21776035690294,
      305.4307362888508,
      305.6388061815526,
      305.8376303239305,
      306.0263946701923,
      306.2068109478516,
      306.38094036922297,
      306.55038330929676,
      306.71491981531665,
      306.8749111975045,
      307.03115712742846,
      307.18441884708193,
      307.3352613370116,
      307.4877449317493,
      307.6430902620564,
      307.80050337337303,
      307.9588128247945,
      308.11709827749394,
      308.2803212057061,
      308.4495799107145,
      308.62320442118886,
      308.7991271853805,
      308.975767558637,
      309.1544098503957,
      309.3350348507374,
      309.5166668471798,
      309.6982850595668,
      309.87914465831403,
      310.0560452848221,
      310.2279950043909,
      310.39556063692356,
      310.5596268492393,
      310.7209135645028,
      310.8751718753446,
      311.0214802889098,
      311.16129804937924,
      311.2964345979819,
      311.4282898296078,
      311.5562090452232,
      311.68036494071924,
      311.801542441337,
      311.92052952816283,
      312.0379070784127,
      312.1573073254828,
      312.279822950302,
      312.40474753337514,
      312.53103066680916,
      312.6578384322271,
      312.7889684048867,
      312.9252190325459,
      313.06523851479096,
      313.20737397488557,
      313.3503599406747,
      313.4929525078138,
      313.63453150049963,
      313.77489924099854,
      313.91402112142435,
      314.05190774813036,
      314.18068135572224,
      314.2982895593514,
      314.4068287439186,
      314.5090931647867,
      314.60726605947434,
      314.68806420587873,
      314.74852686271583,
      314.7930824913947,
      314.82724516764995,
      314.85525691695835,
      314.8617320701985,
      314.84362794159694,
      314.8067664018323,
      314.7581530846362,
      314.70312912624286,
      314.62723871424134,
      314.5279166990123,
      314.41116082844525,
      314.2840205427906,
      314.15183041165676,
      314.0011188162787,
      313.8295501222036,
      313.64281586529023,
      313.44756760064786,
      313.24881937904047,
      313.0498122045753,
      300.0,
      299.99999725329684,
      299.99998039658766,
      299.9999239783209,
      299.9997869309757,
      299.99952111805743,
      299.9990889808389,
      299.99848093913744,
      299.997723828655,
      299.996878237715,
      299.99603402827535,
      299.9953099532965,
      299.9948537746264,
      299.9948372738807,
      299.9954449078014,
      299.99686528637704,
      299.99929042928767,
      300.0029178367557,
      300.0079484940163,
      300.0145786992842,
      300.0229938992449,
      300.0333692852039,
      300.04587299119737,
      300.0606658901512,
      300.0778960342994,
      300.0976935380543,
      300.120169839294,
      300.14541931380717,
      300.17351964996686,
      300.20452956240035,
      300.2384859569894,
      300.2754025803645,
      300.31527033568693,
      300.35805853138453,
      300.4037164238091,
      300.452173469237,
      300.5033381971779,
      300.5570976483258,
      300.61331925861316,
      300.67185535394765,
      300.7325471306191,
      300.7952264430367,
      300.859716880601,
      300.9258363270624,
      300.9934014835173,
      301.0622328650248,
      301.13215883227286,
      301.2030182953832,
      301.27466250870293,
      301.34695618476394,
      301.4197794679699,
      301.4930309893945,
      301.56663012653263,
      301.6405168435535,
      301.7146487617479,
      301.7889987853366,
      301.8635549476733,
      301.93832058817515,
      302.0133126526454,
      302.0885573706332,
      302.16408548608143,
      302.2399287622131,
      302.3161175984066,
      302.39267916995277,
      302.46963550849074,
      302.5470007360589,
      302.624777681158,
      302.7029552952506,
      302.78150840566485,
      302.86039973098127,
      302.93958150438414,
      303.01899539465006,
      303.09857212689764,
      303.17823299566885,
      303.25789354533987,
      303.33746784120046,
      303.4168719619395,
      303.496026336,
      303.5748575787077,
      303.6532999472903,
      303.7312976829171,
      303.8088083822489,
      303.8858054835303,
      303.96227851891337,
      304.0382307775308,
      304.1136770978717,
      304.1886433795793,
      304.2631663183928,
      304.3372918035391,
      304.4110713766026,
      304.4845575259023,
      304.5577991370023,
      304.63083793106125,
      304.7037066088991,
      304.776428431219,
      304.8490147742866,
      304.92145988509355,
      304.99373615919694,
      305.0657938935711,
      305.1375660085068,
      305.20897003021116,
      305.27990407043933,
      305.3502420138859,
      305.4198347482683,
      305.48851883454586,
      305.5561223832045,
      305.62246301289326,
      305.6873436198,
      305.7505541646664,
      305.8118814679834,
      305.8711165285152,
      305.928053631395,
      305.98248644925786,
      306.03420915875773,
      306.0830247382024,
      306.12875067380014,
      306.1712167449778,
      306.210259844875,
      306.2457234926812,
      306.2774641660072,
      306.3053615303237
    ],
    "status": "success"
  }
}