{
  "final_status": "weak_pass",
  "final_lambda": 0.00390625,
  "final_reg_order": 1,
  "final_residual_norm": 22.229313122129504,
  "final_reg_norm": 7.012862347584109,
  "n_iterations": 9,
  "summary_notes": [
    "Completed in 9 iteration(s)"
  ],
  "final_config": {
    "parameterization_type": "piecewise_constant",
    "num_parameters": 24,
    "reg_order": 1,
    "lambda_strategy": "fixed",
    "lambda_value": 0.00390625,
    "lambda_grid": null,
    "max_retries": 8,
    "physical_bounds": [
      -500000.0,
      500000.0
    ],
    "planner_notes": [
      "num_parameters=24 (\u2248 N_t/5)",
      "reg_order=1 (default first-difference smoothness)",
      "noise_std provided \u2192 using discrepancy principle for lambda",
      "lambda_value=1.0 supplied \u2192 strategy forced to 'fixed'",
      "physical_bounds=(-500000.0, 500000.0) applied",
      "iter0: lambda decreased to 5.000e-01 (factor=2.0)",
      "iter1: lambda decreased to 2.500e-01 (factor=2.0)",
      "iter2: lambda decreased to 1.250e-01 (factor=2.0)",
      "iter3: lambda decreased to 6.250e-02 (factor=2.0)",
      "iter4: lambda decreased to 3.125e-02 (factor=2.0)",
      "iter5: lambda decreased to 1.562e-02 (factor=2.0)",
      "iter6: lambda decreased to 7.812e-03 (factor=2.0)",
      "iter7: lambda decreased to 3.906e-03 (factor=2.0)"
    ],
    "stop_tolerance": 0.001,
    "iteration_budget": 12
  },
  "final_result": {
    "estimated_x": [
      35480.88566167556,
      35481.006036883,
      35481.25924628781,
      35481.59269596117,
      35481.92796233366,
      35482.17051721627,
      35482.22264795557,
      35481.99054389297,
      35481.4004503316,
      35480.40560744005,
      35478.991978747756,
      35477.18192578587,
      35475.03118811395,
      35472.626795273594,
      35470.079524594184,
      35467.514995293284,
      35465.0603711566,
      35462.83235833824,
      35460.92709128226,
      35459.4134306976,
      35458.32238310084,
      35457.64251653834,
      35457.315130222465,
      35457.22758191371
    ],
    "fitted_y": [
      300.0,
      300.05154941216347,
      300.1681773310617,
      300.3363301270842,
      300.5378984948622,
      300.7587621123685,
      300.98959071615747,
      301.2246014896629,
      301.46030047295477,
      301.69460340436336,
      301.9262850540674,
      302.15464472261385,
      302.37930479056723,
      302.60008827168537,
      302.8169432601397,
      303.02989609204707,
      303.23902053577945,
      303.4444186506123,
      303.6462085942962,
      303.8445166338624,
      304.0394724221851,
      304.2312047319678,
      304.41983945285426,
      304.60549841794926,
      304.78829874488844,
      304.96835276084346,
      305.14576720700796,
      305.3206432961971,
      305.4930769646616,
      305.66315907809104,
      305.83097573929206,
      305.9966083315421,
      306.16013380108046,
      306.3216249032374,
      306.4811504426615,
      306.63877518275376,
      306.7945606278665,
      306.94856515667396,
      307.10084408065364,
      307.2514497745746,
      307.4004309785767,
      307.54783446291464,
      307.6937050173765,
      307.8380852032223,
      307.9810153799599,
      308.12253234757685,
      308.2626720190809,
      308.40146925856425,
      308.53895732316477,
      308.6751677559858,
      308.81012841638733,
      308.9438671696343,
      309.07641157324525,
      309.2077880518248,
      309.3380216656868,
      309.4671335215494,
      309.5951454821317,
      309.72207968819885,
      309.8479575152149,
      309.9727992051932,
      310.09662077173056,
      310.21943955589603,
      310.3412736811013,
      310.4621407377085,
      310.5820573597815,
      310.7010357418808,
      310.8190898275401,
      310.93623468543717,
      311.0524850746115,
      311.167854879286,
      311.2823534744152,
      311.39599224153363,
      311.5087839253236,
      311.62074107488644,
      311.7318754990281,
      311.84219451747094,
      311.95170759549114,
      312.0604256588832,
      312.16835953246726,
      312.2755193676023,
      312.38191109057533,
      312.48754272101735,
      312.5924237259807,
      312.6965635350646,
      312.79997097673487,
      312.90265106679993,
      313.0046107490745,
      313.1058582913221,
      313.20640195975113,
      313.30624951832243,
      313.4054054297325,
      313.5038758312588,
      313.601668001609,
      313.69878920624313,
      313.7952463030027,
      313.8910435070241,
      313.98618633911457,
      314.08068122726246,
      314.174534581995,
      314.26775247685794,
      314.36033905713305,
      314.45229938347796,
      314.54363915668443,
      314.6343640287176,
      314.72447941270383,
      314.81398946838317,
      314.9028988925392,
      314.99121276210815,
      315.07893608480526,
      315.1660737050286,
      315.25262980636455,
      315.338608789111,
      315.424015203831,
      315.5088535226503,
      315.5931281250514,
      315.6768431182418,
      315.76000265075487,
      315.84261085744737,
      315.92467178949187,
      316.00618945587536,
      316.0871677686439,
      300.0,
      300.0000201140933,
      300.0001435556941,
      300.0005567063923,
      300.0015603034475,
      300.0035466372966,
      300.0069553603927,
      300.0122252885442,
      300.01975478387305,
      300.02987615278187,
      300.0428437848243,
      300.0588331625725,
      300.07794677720386,
      300.100223938476,
      300.12565182890546,
      300.15417646524355,
      300.185712607365,
      300.22015224733616,
      300.2573716986206,
      300.2972371946061,
      300.33960935775616,
      300.3843465677822,
      300.4313075130644,
      300.48035305822316,
      300.53134760727954,
      300.58415999489694,
      300.6386640994694,
      300.6947391961184,
      300.75227015634584,
      300.8111475124431,
      300.8712673847209,
      300.93253139870836,
      300.99484649754487,
      301.0581247866924,
      301.1222833040509,
      301.18724382223155,
      301.2529325841451,
      301.31928012333196,
      301.3862210260047,
      301.45369371348386,
      301.52164024056873,
      301.59000610161274,
      301.65874002649355,
      301.72779381326154,
      301.7971221551994,
      301.86668246960704,
      301.93643475015824,
      302.00634140706194,
      302.07636714207035,
      302.14647883429177,
      302.2166453731847,
      302.2868375914869,
      302.35702810115544,
      302.42719124500815,
      302.49730297068777,
      302.5673407303895,
      302.6372834258023,
      302.7071112700894,
      302.7768057919494,
      302.8463497037471,
      302.9157268296379,
      302.984922082709,
      303.05392135705563,
      303.1227115116431,
      303.19128030314045,
      303.25961630610993,
      303.3277089143079,
      303.3955482346599,
      303.46312511948804,
      303.5304310752373,
      303.5974582049418,
      303.66419923775055,
      303.7306474309006,
      303.796796589798,
      303.86264101104786,
      303.9281754390798,
      303.99339507351004,
      304.0582955094221,
      304.1228727513505,
      304.1871231764143,
      304.25104347882797,
      304.3146306914316,
      304.37788215021686,
      304.4407954860802,
      304.50336862008606,
      304.5655996837073,
      304.6274870827836,
      304.68902942584015,
      304.75022555210506,
      304.8110745205206,
      304.8715755238183,
      304.9317279828234,
      304.9915314426449,
      305.050985632934,
      305.11009044253365,
      305.16884585760636,
      305.22725202579204,
      305.2853091848436,
      305.3430177188368,
      305.40037812045307,
      305.45739094506877,
      305.5140568810664,
      305.5703766625258,
      305.62635114560055,
      305.6819812604545,
      305.7372679792866,
      305.79221236454714,
      305.8468155221514,
      305.90107862543,
      305.95500293137366,
      306.008589698064,
      306.06184026118626,
      306.1147559672334,
