{
  "final_status": "weak_pass",
  "final_lambda": 1.714218826732012e-10,
  "final_reg_order": 1,
  "final_residual_norm": 14.686580374800585,
  "final_reg_norm": 133810.06188361256,
  "n_iterations": 9,
  "summary_notes": [
    "Completed in 9 iteration(s)"
  ],
  "final_config": {
    "parameterization_type": "piecewise_constant",
    "num_parameters": 24,
    "reg_order": 1,
    "lambda_strategy": "fixed",
    "lambda_value": 1.714218826732012e-10,
    "lambda_grid": null,
    "max_retries": 8,
    "physical_bounds": null,
    "planner_notes": [
      "num_parameters=24 (\u2248 N_t/5)",
      "reg_order=1 (default first-difference smoothness)",
      "noise_std provided \u2192 using discrepancy principle for lambda",
      "iter0: lambda decreased to 2.194e-08 (factor=2.0)",
      "iter1: lambda decreased to 1.097e-08 (factor=2.0)",
      "iter2: lambda decreased to 5.486e-09 (factor=2.0)",
      "iter3: lambda decreased to 2.743e-09 (factor=2.0)",
      "iter4: lambda decreased to 1.371e-09 (factor=2.0)",
      "iter5: lambda decreased to 6.857e-10 (factor=2.0)",
      "iter6: lambda decreased to 3.428e-10 (factor=2.0)",
      "iter7: lambda decreased to 1.714e-10 (factor=2.0)"
    ],
    "stop_tolerance": 0.001,
    "iteration_budget": 12,
    "skip_verifier": false
  },
  "final_result": {
    "estimated_x": [
      11962.726891588223,
      -10066.43981609997,
      18389.492734532076,
      20453.183661711402,
      53117.506324108304,
      13869.234852666801,
      73442.15179764085,
      38294.827148860124,
      23031.613023795424,
      34635.058815731405,
      19614.536695344294,
      55123.49088565059,
      54784.39540166254,
      58253.909189463935,
      28485.41374565898,
      20490.664369453207,
      31350.025138393492,
      66442.15173698305,
      32866.45528531074,
      43755.362985557236,
      39213.91723311028,
      -5821.259957494091,
      -13178.079700996936,
      28048.913934643984
    ],
    "fitted_y": [
      300.0,
      300.0173803874293,
      300.0567026285655,
      300.11339698490315,
      300.18135772739157,
      300.2238182935937,
      300.22923300779405,
      300.2040672564807,
      300.15838663701413,
      300.1002554861876,
      300.0763965595546,
      300.1010143825763,
      300.1652808357247,
      300.255906533518,
      300.3623101814622,
      300.4804509347288,
      300.6067370930245,
      300.73772246313064,
      300.87075425566644,
      301.00405478619643,
      301.1839744626597,
      301.4223092258449,
      301.7062053436278,
      302.0187909524672,
      302.34697527235227,
      302.62512189130285,
      302.8329592145244,
      302.9823064873537,
      303.09133506884103,
      303.17460276253746,
      303.32840793360106,
      303.5815869192108,
      303.91515612095696,
      304.3010370287302,
      304.7169678384441,
      305.0971255249851,
      305.41897211157203,
      305.6904306874578,
      305.92617021966004,
      306.1382637857577,
      306.3126887238315,
      306.4487698549031,
      306.555527987249,
      306.64274144377475,
      306.7177423546892,
      306.8022144242564,
      306.9036050153391,
      307.0193458512459,
      307.1446608360467,
      307.2756362771594,
      307.387828128198,
      307.4738765961217,
      307.53852721122615,
      307.58884598949663,
      307.6304468780144,
      307.7186494965566,
      307.8693091291131,
      308.07026246874784,
      308.3042244465021,
      308.55756025565427,
      308.82072819300845,
      309.0879723992708,
      309.356007301448,
      309.6229523607805,
      309.887717571289,
      310.1547142299961,
      310.4249140525513,
      310.6968128902584,
      310.9685693526788,
      311.2388003148096,
      311.46338379336646,
      311.6304700420777,
      311.7511710735694,
      311.8405674607611,
      311.9104809580061,
      311.9571511383179,
      311.98243863554166,
      311.99240343950675,
      311.9929584519877,
      311.9884014411715,
      311.99728877733287,
      312.02546866038546,
      312.0698139828336,
      312.1253778648346,
      312.18817224106965,
      312.30649794149,
      312.49203754629673,
      312.7303259796744,
      313.00278552219993,
      313.2950231749658,
      313.548749412847,
      313.7452539673476,
      313.8937771898265,
      314.0093024851184,
      314.10391286903047,
      314.20151454278005,
      314.31131976812753,
      314.43226987996195,
      314.56070363556057,
      314.69345252214066,
      314.82177379727756,
      314.9426046903059,
      315.0568793693167,
      315.16643892166235,
      315.2728078952958,
      315.31158344974864,
      315.26623758609736,
      315.15436801302894,
      314.9992011476322,
      314.81880721887285,
      314.61443102065306,
      314.3906630221913,
      314.15478228345603,
      313.9132095224979,
      313.67043993382975,
      313.48920170934633,
      313.38689605324197,
      313.3487240009702,
      313.35414080970315,
      313.38695910830535,
      313.43638764325215,
      300.0,
      300.00000678166276,
      300.0000484012033,
      300.0001876989935,
      300.0005260715357,
      300.00118329503465,
      300.00225593494383,
      300.00377622757003,
      300.0056917642392,
      300.0078710168698,
      300.0101429227992,
      300.01236093145826,
      300.0144617449145,
      300.0164934940777,
      300.01860852480746,
      300.0210334688023,
      300.02403271818116,
      300.0278757904107,
      300.0328129265988,
      300.0390593978915,
      300.0468059516919,
      300.0562562360648,
      300.06766566985175,
      300.08135631293646,
      300.0977016326695,
      300.11706967674405,
      300.1397369342853,
      300.1658127237293,
      300.1952076460222,
      300.22765157253383,
      300.2627782107844,
      300.3002584070153,
      300.3399219310799,
      300.3818161472868,
      300.4261918145573,
      300.47341993074,
      300.52386990186204,
      300.5777993210069,
      300.6352929958975,
      300.69625775436714,
      300.7604479529882,
      300.82749769097063,
      300.8969530384002,
      300.9683061328482,
      301.0410309138676,
      301.1146230384222,
      301.1886404756276,
      301.26273376979054,
      301.3366576812016,
      301.41026422386193,
      301.4834751408573,
      301.5562405609025,
      301.6285005481121,
      301.7001635159914,
      301.77110422938455,
      301.8411954756889,
      301.91036778149964,
      301.9786647837224,
      302.04626525580125,
      302.1134658957295,
      302.18063836605813,
      302.24817918863886,
      302.3164665555949,
      302.38583084762223,
      302.45653909057154,
      302.528792694816,
      302.6027350389896,
      302.67846283585425,
      302.756036569629,
      302.8354876055757,
      302.9168056440537,
      302.99990544992374,
      303.08459559404713,
      303.170571616617,
      303.2574379686784,
      303.3447434621709,
      303.43201499475913,
      303.5187844004997,
      303.6046097755528,
      303.68909248649686,
      303.7718956986634,
      303.8527646504036,
      303.9315405481912,
      304.0081611295915,
      304.08264764614563,
      304.1551033692032,
      304.2257331150332,
      304.2948626429132,
      304.3629347005685,
      304.4304765671083,
      304.4980318168954,
      304.5660696695912,
      304.63490750570406,
      304.7046758861869,
      304.775329833329,
      304.84669733243203,
      304.91854570848636,
      304.99064241462816,
      305.06279499083126,
      305.1348670807195,
      305.2067739075208,
      305.2784655151279,
      305.3499077201634,
      305.4210684220381,
      305.49191126948597,
      305.5623696849972,
      305.6322950585095,
      305.70140932303343,
      305.76929356029433,
      305.83541869303116,
      305.899197971358,
      305.9600392322944,
      306.01738623601244,
      306.07074801812445,
      306.1197177573816,
      306.16400569194747,
      306.2034908214253,
