{
  "final_status": "fail",
  "final_lambda": 8.859127898186546e-06,
  "final_reg_order": 1,
  "final_residual_norm": 77.9111129419082,
  "final_reg_norm": 5115.411815098711,
  "n_iterations": 9,
  "summary_notes": [
    "Completed in 9 iteration(s)"
  ],
  "final_config": {
    "parameterization_type": "piecewise_constant",
    "num_parameters": 24,
    "reg_order": 1,
    "lambda_strategy": "fixed",
    "lambda_value": 8.859127898186546e-06,
    "lambda_grid": null,
    "max_retries": 8,
    "physical_bounds": [
      -500000.0,
      500000.0
    ],
    "planner_notes": [
      "num_parameters=24 (\u2248 N_t/5)",
      "reg_order=1 (default first-difference smoothness)",
      "noise_std provided \u2192 using discrepancy principle for lambda",
      "physical_bounds=(-500000.0, 500000.0) applied",
      "iter0: lambda decreased to 1.772e-06 (factor=5.0)",
      "iter1: lambda increased to 8.859e-06 (factor=5.0)",
      "iter2: lambda decreased to 1.772e-06 (factor=5.0)",
      "iter3: lambda increased to 8.859e-06 (factor=5.0)",
      "iter4: lambda decreased to 1.772e-06 (factor=5.0)",
      "iter5: lambda increased to 8.859e-06 (factor=5.0)",
      "iter6: lambda decreased to 1.772e-06 (factor=5.0)",
      "iter7: lambda increased to 8.859e-06 (factor=5.0)"
    ],
    "stop_tolerance": 0.001,
    "iteration_budget": 12,
    "skip_verifier": false
  },
  "final_result": {
    "estimated_x": [
      21727.83210680371,
      21920.972199585747,
      22376.11705222302,
      23078.806471664866,
      24024.251754094974,
      25198.000337032056,
      26603.999837677526,
      28160.326435956376,
      29816.910452271713,
      31523.012035169224,
      33222.15025631903,
      34869.71614363185,
      36387.17011111649,
      37718.99576797124,
      38838.09501369509,
      39768.84739461945,
      40537.02994762265,
      41149.28521654191,
      41597.57135641991,
      41911.773946362366,
      42097.03772920515,
      42177.23831535923,
      42212.10831460832,
      42230.66065536021
    ],
    "fitted_y": [
      300.0,
      300.03156789780763,
      300.10298865840963,
      300.20596229201914,
      300.3293989980497,
      300.46493225681337,
      300.6069220066516,
      300.7517532076131,
      300.8971876835402,
      301.0418722359674,
      301.1856668316941,
      301.32828439959746,
      301.4693008756234,
      301.60836431053843,
      301.74525517498716,
      301.88088676160385,
      302.01549589740534,
      302.1488309672723,
      302.28057877412374,
      302.41052149517037,
      302.5399185301004,
      302.66909038530935,
      302.797682274158,
      302.9252451161766,
      303.0514512211318,
      303.17781367781964,
      303.3046858183944,
      303.4315869108639,
      303.5579224118124,
      303.6832510328072,
      303.80934460429614,
      303.93659192603457,
      304.06438719384454,
      304.19199154285326,
      304.3188521850728,
      304.4468835604107,
      304.5764821261747,
      304.7069519628513,
      304.83745545384636,
      304.967364650377,
      305.09868902952934,
      305.23183044927083,
      305.3660334128977,
      305.50039507589713,
      305.6342380647024,
      305.7696107723026,
      305.90691279014584,
      306.0453562518038,
      306.18400438227053,
      306.3221544264763,
      306.4618278595189,
      306.6034109678617,
      306.7461118641186,
      306.8889931330338,
      307.0313521426011,
      307.1751355851504,
      307.320710155902,
      307.4673036746521,
      307.61400504848314,
      307.7601321650105,
      307.90745624789196,
      308.0563027966147,
      308.2059544503312,
      308.3555695861434,
      308.5045196983243,
      308.6543416021892,
      308.80531182577005,
      308.9567970412607,
      309.10805816621973,
      309.2585450813635,
      309.40953688606817,
      309.5612605536633,
      309.7131828521885,
      309.8646842526237,
      310.01530551693304,
      310.1661113156549,
      310.31729298033963,
      310.4684105752407,
      310.6189529263692,
      310.76854240949694,
      310.918060316749,
      311.0676679002581,
      311.2170058196625,
      311.36565612586634,
      311.51331112708004,
      311.6606705178748,
      311.80786294487143,
      311.9546038716484,
      312.10056305761225,
      312.24549868913516,
      312.38991443360146,
      312.53390147362023,
      312.67725197893407,
      312.81972672015536,
      312.9611523996492,
      313.1018818119803,
      313.24198107699675,
      313.38130821101146,
      313.51970003819895,
      313.6570400006521,
      313.7935296616476,
      313.9292071451782,
      314.06399134444916,
      314.19779066322076,
      314.33054211835895,
      314.46232868311745,
      314.5931683285867,
      314.7230309456991,
      314.8518838923905,
      314.97970800113836,
      315.10654802803583,
      315.2324206177381,
      315.35732147133916,
      315.48124502528145,
      315.60419136569936,
      315.72619303116403,
      315.84726646542714,
      315.9674161419543,
      316.0866452666494,
      316.2049596268599,
      316.3223675901288,
      300.0,
      300.00001231749525,
      300.00008791082746,
      300.0003409166033,
      300.00095550070716,
      300.00217200392945,
      300.00426011404704,
      300.00748956780683,
      300.0121059511741,
      300.01831489704733,
      300.0262748390623,
      300.03609669445444,
      300.0478477844669,
      300.06155784642334,
      300.07722544590234,
      300.094824515582,
      300.11431068864556,
      300.13562683503557,
      300.1587073573938,
      300.1834810749669,
      300.20987366238984,
      300.2378100261122,
      300.2672163122056,
      300.29802101577764,
      300.33015513742106,
      300.36355234226176,
      300.3981497146936,
      300.4338885363568,
      300.47071439814954,
      300.50857644726943,
      300.5474268935256,
      300.5872214303656,
      300.62791981948135,
      300.66948582007285,
      300.71188614226804,
      300.7550897612765,
      300.7990682102415,
      300.843796204243,
      300.8892515179856,
      300.9354138779694,
      300.98226422574635,
      301.0297850833079,
      301.07796122735243,
      301.126779650236,
      301.1762284677328,
      301.22629618661057,
      301.27697211882503,
      301.32824712283053,
      301.38011362394525,
      301.43256456934836,
      301.48559269241434,
      301.53919096843623,
      301.5933533551853,
      301.64807488339005,
      301.7033506419329,
      301.75917510156864,
      301.815542565856,
      301.8724479131731,
      301.9298867417419,
      301.98785441171833,
      302.0463453963539,
      302.1053536796266,
      302.1648734341276,
      302.2248991551895,
      302.2854248433727,
      302.3464434065097,
      302.4079470136069,
      302.4699276898617,
      302.5323774964555,
      302.5952878387412,
      302.6586489756788,
      302.7224503470344,
      302.7866810873632,
      302.85133021262976,
      302.9163860953022,
      302.981836098661,
      303.04766688192797,
      303.11386487668915,
      303.1804164804941,
      303.24730765633626,
      303.3145236379121,
      303.3820492102855,
      303.44986912011257,
      303.51796823749726,
      303.5863312464222,
      303.6549423712548,
      303.7237856174458,
      303.79284505633973,
      303.86210497673795,
      303.93154963400053,
      304.0011629997514,
      304.0709289456747,
      304.1408314004966,
      304.2108544935919,
      304.2809823726645,
      304.3511990324063,
      304.421488461881,
      304.49183476561103,
      304.5622223006849,
      304.6326355553191,
      304.7030590235624,
      304.7734773080759,
      304.843875150212,
      304.91423755632724,
      304.98454972573825,
      305.0547969764117,
      305.1249648128171,
      305.1950389290455,
      305.2650052928085,
      305.3348501609598,
      305.40456002896855,
      305.47412174287194,
      305.5435224867625,
      305.6127498857594,
