{
  "final_status": "fail",
  "final_lambda": 1.0,
  "final_reg_order": 1,
  "final_residual_norm": 22.23792433099519,
  "final_reg_norm": 0.02742241346311747,
  "n_iterations": 1,
  "summary_notes": [
    "Completed in 1 iteration(s)"
  ],
  "final_config": {
    "parameterization_type": "piecewise_constant",
    "num_parameters": 24,
    "reg_order": 1,
    "lambda_strategy": "fixed",
    "lambda_value": 0.5,
    "lambda_grid": null,
    "max_retries": 1,
    "physical_bounds": null,
    "planner_notes": [
      "num_parameters=24 (\u2248 N_t/5)",
      "reg_order=1 (default first-difference smoothness)",
      "noise_std provided \u2192 using discrepancy principle for lambda",
      "lambda_value=1.0 supplied \u2192 strategy forced to 'fixed'",
      "iter0: lambda decreased to 5.000e-01 (factor=2.0)"
    ],
    "stop_tolerance": 0.001,
    "iteration_budget": 1,
    "skip_verifier": false
  },
  "final_result": {
    "estimated_x": [
      35475.79304377962,
      35475.79351301905,
      35475.794499886026,
      35475.79579892009,
      35475.79710379181,
      35475.79804529267,
      35475.79824180618,
      35475.7973269915,
      35475.79501288531,
      35475.79111700697,
      35475.78558473288,
      35475.77850364598,
      35475.7700917325,
      35475.760689215815,
      35475.75072908377,
      35475.74070228719,
      35475.73110578321,
      35475.72239563724,
      35475.714947500615,
      35475.70903041715,
      35475.70476548072,
      35475.702107915764,
      35475.70082819825,
      35475.70048598448
    ],
    "fitted_y": [
      300.0,
      300.0515420132089,
      300.16815319234956,
      300.33628185318145,
      300.5378212895882,
      300.7586530320671,
      300.9894481106431,
      301.2244245845625,
      301.4600890565786,
      301.69435761189123,
      301.92600486166884,
      302.15433013041013,
      302.3789559610204,
      302.59970552841776,
      302.8165270387286,
      303.0294464104696,
      303.238537317169,
      303.4439019557473,
      303.64565865148865,
      303.8439337940929,
      304.03885662475346,
      304.2305558268325,
      304.4191574330189,
      304.60478344880823,
      304.7875511187656,
      304.96757249636477,
      305.1449542721664,
      305.3197977700241,
      305.49219905452463,
      305.66224908445145,
      305.83003394296674,
      305.9956350225978,
      306.15912930152905,
      306.3205895635057,
      306.4800846297696,
      306.63767960576223,
      306.7934360830609,
      306.947412346792,
      307.09966358274977,
      307.25024206471164,
      307.3991973164112,
      307.54657628478515,
      307.69242350263346,
      307.8367812081659,
      307.9796895098168,
      308.1211864793528,
      308.2613083009367,
      308.4000893930226,
      308.53756246442134,
      308.6737586364105,
      308.80870753545935,
      308.9424373900237,
      309.0749751136835,
      309.20634634811233,
      309.3365755545713,
      309.4656860660483,
      309.5937001900468,
      309.72063923282883,
      309.8465235636285,
      309.9713726574025,
      310.09520513896825,
      310.2180388589682,
      310.33989093994603,
      310.46077777321085,
      310.5807150814592,
      310.6997179453277,
      310.8178008597319,
      310.93497776557484,
      311.05126207828357,
      311.16666666350346,
      311.28120392131257,
      311.39488579964717,
      311.50772383999436,
      311.6197291652711,
      311.73091250581604,
      311.8412841947756,
      311.9508542502875,
      312.0596323788281,
      312.1676279670991,
      312.2748500817976,
      312.3813075019303,
      312.4870087595858,
      312.5919621474524,
      312.69617571703014,
      312.79965726035795,
      312.90241435169264,
      313.0044543840125,
      313.1057845525947,
      313.20641187192905,
      313.3063431677347,
      313.4055850599919,
      313.5041440547061,
      313.60202650767684,
      313.69923861395694,
      313.79578643242445,
      313.8916758609755,
      313.9869126981587,
      314.08150263358294,
      314.1754512282332,
      314.26876392527356,
      314.3614460518617,
      314.45350285436905,
      314.54493949730437,
      314.6357610224563,
      314.7259723943497,
      314.81557847820227,
      314.9045840730355,
      314.9929939190966,
      315.0808126478933,
      315.1680448320433,
      315.25469496525113,
      315.3407674858255,
      315.42626678244545,
      315.5111971530926,
      315.5955628572217,
      315.67936806283234,
      315.7626169240249,
      315.84531353860336,
      315.92746192369714,
      316.00906607216666,
      316.0901298961462,
      300.0,
      300.00002011120625,
      300.0001435350893,
      300.0005566264874,
      300.0015600794951,
      300.0035461281751,
      300.00695436159566,
      300.01222353195146,
      300.0197519431709,
      300.02987185263464,
      300.042837611755,
      300.0588246758426,
      300.0779355186934,
      300.1002094411625,
      300.1256336239583,
      300.15415408767427,
      300.1856856001755,
      300.2201201643222,
      300.2573341061975,
      300.29719367309116,
      300.33955950220803,
      300.3842899883323,
      300.43124383478306,
      300.48028192075344,
      300.5312686645083,
      300.58407291470485,
      300.63856856342886,
      300.69463489909344,
      300.752156806079,
      300.81102482926286,
      300.87113510142245,
      300.9323892605554,
      300.99469426233895,
      301.05796222485446,
      301.1221101986991,
      301.1870599693621,
      301.252737793054,
      301.31907421723156,
      301.38600384264316,
      301.45346510554083,
      301.5214000760239,
      301.5897542644475,
      301.6584764177483,
      301.7275183520695,
      301.79683477933855,
      301.8663831358596,
      301.93612343510284,
      302.0060181083939,
      302.0760318798867,
      302.14613165162257,
      302.21628633615677,
      302.2864667900097,
      302.35664565032243,
      302.42679728645953,
      302.4968976729692,
      302.5669242887573,
      302.6368560626378,
      302.7066732362028,
      302.7763573678559,
      302.84589119972367,
      302.9152585850621,
      302.984444466072,
      303.05343476701654,
      303.1222163780893,
      303.1907770868561,
      303.2591054975958,
      303.32719103331436,
      303.3950238308787,
      303.46259477328164,
      303.5298953968857,
      303.59691783294664,
      303.66365483785887,
      303.7300996963557,
      303.7962462416745,
      303.86208879708244,
      303.9276221315158,
      303.9928414676436,
      304.05774242338214,
      304.12232102601075,
      304.18657367386254,
      304.2504970798645,
      304.31408829371696,
      304.3773446676077,
      304.4402638481447,
      304.50284377031153,
      304.56508257680866,
      304.62697868258095,
      304.68853070423364,
      304.7497374882636,
      304.8105980989641,
      304.8711117317156,
      304.9312778077627,
      304.99109587136525,
      305.05056565029446,
      305.10968702962117,
      305.16845998920445,
      305.2268846682206,
      305.2849612945799,
      305.34269024138996,
      305.40007198864294,
      305.45710707683645,
      305.51379617755236,
      305.5701400067422,
      305.6261394013555,
      305.68179527094367,
      305.7371085653961,
      305.7920803233369,
      305.8467116257424,
      305.9010036201389,
      305.95495753673583,
      306.0085746057467,
      306.06185613401834,
      306.1148034384832,
      306.16741790463897,
      306.2197009764654,
      306.2716540697118,
      306.32327868684104,
      306.37457630611783,
      306.4255484703367,
      306.47619676060634,
      306.52652273181866
    ],
    "status": "success"
  }
}