{
  "final_status": "weak_pass",
  "final_lambda": 2.856706006006389e-07,
  "final_reg_order": 1,
  "final_residual_norm": 15.524796449036117,
  "final_reg_norm": 9645.258367343082,
  "n_iterations": 1,
  "summary_notes": [
    "Completed in 1 iteration(s)"
  ],
  "final_config": {
    "parameterization_type": "piecewise_constant",
    "num_parameters": 24,
    "reg_order": 1,
    "lambda_strategy": "discrepancy",
    "lambda_value": 2.856706006006389e-07,
    "lambda_grid": null,
    "max_retries": 8,
    "physical_bounds": null,
    "planner_notes": [
      "num_parameters=24 (\u2248 N_t/5)",
      "reg_order=1 (default first-difference smoothness)",
      "noise_std provided \u2192 using discrepancy principle for lambda"
    ],
    "stop_tolerance": 0.001,
    "iteration_budget": 12,
    "skip_verifier": false
  },
  "final_result": {
    "estimated_x": [
      52967.27024680803,
      52605.888554801284,
      51424.77841089275,
      49400.87029251229,
      46552.18061593811,
      43090.494543055116,
      39548.40814118164,
      36603.121555706995,
      34696.88156714871,
      34146.76000698786,
      35078.88286708356,
      37126.368015859065,
      39607.732533297894,
      41849.13132839971,
      43340.24193476407,
      43521.389639958994,
      42429.78512212768,
      40315.51135858373,
      37743.05156053339,
      35374.645562044636,
      33391.39947648852,
      32153.41590113979,
      31622.59446443495,
      31485.45386223013
    ],
    "fitted_y": [
      300.0,
      300.07695500250924,
      300.25106177530824,
      300.50208692373906,
      300.8029961600842,
      301.1321848041046,
      301.4755864034756,
      301.8247062566104,
      302.1745129813557,
      302.52203900167484,
      302.86383376625025,
      303.19845966224136,
      303.5258398944526,
      303.8463345166925,
      304.1603487331056,
      304.465298477641,
      304.76071836432664,
      305.0476522167211,
      305.32737960530113,
      305.6009352351667,
      305.86492806727586,
      306.1188053961737,
      306.3640475711569,
      306.6024100399752,
      306.8352692921212,
      307.05854854089733,
      307.2715682522095,
      307.476087488962,
      307.67418140369176,
      307.8674549428444,
      308.0518474109089,
      308.2267131573696,
      308.39386347288456,
      308.5554103605458,
      308.7129717466058,
      308.8633478790876,
      309.0061022384612,
      309.142792590152,
      309.27519714855606,
      309.40466563280626,
      309.5293199782498,
      309.64899210811024,
      309.7647545644918,
      309.8777917705788,
      309.9889922024829,
      310.0981372459332,
      310.2053757616671,
      310.31113381744416,
      310.4158198641925,
      310.51972649508946,
      310.6243931686141,
      310.73028510695354,
      310.83710797877586,
      310.9444181750515,
      311.05185892638406,
      311.1621632209294,
      311.27595679792194,
      311.3923589059203,
      311.5102608780121,
      311.6288057764776,
      311.7510316589297,
      311.8775309246642,
      312.0071396482211,
      312.1384603895609,
      312.27042683958973,
      312.40559633294015,
      312.54439251846975,
      312.68570088533954,
      312.8282257690552,
      312.97098862334855,
      313.1155199533489,
      313.2620012315198,
      313.40963573436363,
      313.5575338699551,
      313.70503382085764,
      313.851974972972,
      313.9981742172658,
      314.14342017586847,
      314.28754582986005,
      314.43044557564764,
      314.5704772030745,
      314.70720139995166,
      314.84103279017114,
      314.9725386208839,
      315.10217068871634,
      315.2271657744875,
      315.3469192826819,
      315.46237095929973,
      315.57468883725267,
      315.6847765491958,
      315.7894980624549,
      315.888251896591,
      315.98225674776785,
      316.07297287416117,
      316.1615169145964,
      316.24518356654124,
      316.3235272812696,
      316.3977311205995,
      316.4691715445921,
      316.5388910374659,
      316.6046893301783,
      316.66622883899686,
      316.7245170144076,
      316.7807118170617,
      316.8356847497404,
      316.8882020827877,
      316.9381345737951,
      316.98615538780234,
      317.0330088680936,
      317.0792468563152,
      317.1244504122279,
      317.16862594195356,
      317.21209327054703,
      317.2551840666831,
      317.29813632786767,
      317.3408966217963,
      317.38349322998585,
      317.4260176853227,
      317.468553951334,
      317.51115565956826,
      317.55384915204024,
      300.0,
      300.00003002711446,
      300.0002143056213,
      300.00083107333364,
      300.0023292827344,
      300.0052943555431,
      300.01038177432895,
      300.01824472149156,
      300.02947482316415,
      300.0445641618509,
      300.0638873504478,
      300.08769911341386,
      300.116142188207,
      300.14926185724636,
      300.1870233308552,
      300.229328444666,
      300.2760295437427,
      300.3269410907539,
      300.3818503474815,
      300.44052731818465,
      300.5027322599826,
      300.56821972351094,
      300.6367410111362,
      300.708047095879,
      300.7818927559768,
      300.85803918515774,
      300.9362539332698,
      301.01630989961814,
      301.09798575378636,
      301.181068429766,
      301.2653547193603,
      301.350650505422,
      301.4367691039487,
      301.52353114681415,
      301.6107665123978,
      301.69831586584087,
      301.7860300847144,
      301.87376899829235,
      301.961401038286,
      302.048804519985,
      302.1358687665547,
      302.22249386414046,
      302.30858968798407,
      302.39407540649677,
      302.4788798469469,
      302.56294203837655,
      302.64621130571317,
      302.7286468567912,
      302.8102171881079,
      302.89089948986845,
      302.9706794802219,
      303.04955189275375,
      303.12752062941706,
      303.2045981998234,
      303.28080411267723,
      303.35616391906984,
      303.43070959079387,
      303.5044799446585,
      303.57752006962625,
      303.6498790789065,
      303.7216085135748,
      303.79276244883647,
      303.8633979585064,
      303.9335745768042,
      304.0033521632837,
      304.0727891583461,
      304.1419425044476,
      304.2108680459247,
      304.2796203176522,
      304.3482509552622,
      304.41680732340217,
      304.4853323560963,
      304.55386481678715,
      304.6224393733144,
      304.6910859314353,
      304.7598287295067,
      304.82868572563774,
      304.8976683525293,
      304.9667817370929,
      305.03602515391367,
      305.10539201178295,
      305.174869337711,
      305.24443735159,
      305.31406992088864,
      305.38373604677287,
      305.4534006118748,
      305.5230239778695,
      305.59256123061266,
      305.6619627227938,
      305.73117610398384,
      305.8001476469593,
      305.8688221130423,
      305.937141900554,
      306.0050475712617,
      306.0724798955073,
      306.139381420164,
      306.2056965578546,
      306.27137090138945,
      306.3363515503654,
      306.4005886337445,
      306.4640364407099,
      306.5266532687831,
      306.58840050908185,
      306.64924261422345,
      306.7091479799465,
      306.7680897872162,
      306.8260460340069,
      306.8829989984951,
      306.93893503980144,
      306.99384495076424,
      307.04772419265265,
      307.1005728932406,
      307.1523953748336,
      307.2031998371918,
      307.25299811316836,
      307.30180535457356,
      307.3496398478644,
      307.3965224389534,
      307.44247619239394,
      307.48752593565007,
      307.5316978128703
    ],
    "status": "success"
  }
}