{
  "final_status": "fail",
  "final_lambda": 0.38904376894686815,
  "final_reg_order": 1,
  "final_residual_norm": 45.570092486142904,
  "final_reg_norm": 0.21024898447783447,
  "n_iterations": 9,
  "summary_notes": [
    "Completed in 9 iteration(s)"
  ],
  "final_config": {
    "parameterization_type": "piecewise_constant",
    "num_parameters": 24,
    "reg_order": 1,
    "lambda_strategy": "fixed",
    "lambda_value": 0.38904376894686815,
    "lambda_grid": null,
    "max_retries": 8,
    "physical_bounds": [
      -500000.0,
      500000.0
    ],
    "planner_notes": [
      "num_parameters=24 (\u2248 N_t/5)",
      "reg_order=1 (default first-difference smoothness)",
      "noise_std provided \u2192 using discrepancy principle for lambda",
      "physical_bounds=(-500000.0, 500000.0) applied",
      "iter0: lambda increased to 4.980e-06 (factor=5.0)",
      "iter1: lambda increased to 2.490e-05 (factor=5.0)",
      "iter2: lambda increased to 1.245e-04 (factor=5.0)",
      "iter3: lambda increased to 6.225e-04 (factor=5.0)",
      "iter4: lambda increased to 3.112e-03 (factor=5.0)",
      "iter5: lambda increased to 1.556e-02 (factor=5.0)",
      "iter6: lambda increased to 7.781e-02 (factor=5.0)",
      "iter7: lambda increased to 3.890e-01 (factor=5.0)"
    ],
    "stop_tolerance": 0.001,
    "iteration_budget": 12,
    "skip_verifier": false
  },
  "final_result": {
    "estimated_x": [
      31044.40438869421,
      31044.412622355972,
      31044.431496186688,
      31044.46076198891,
      31044.499936367494,
      31044.548126579477,
      31044.604285105645,
      31044.66626259563,
      31044.731959131488,
      31044.799287433863,
      31044.866281951054,
      31044.931273994593,
      31044.992469887773,
      31045.04846647054,
      31045.098299517915,
      31045.141654892268,
      31045.17841480288,
      31045.20847440398,
      31045.23178728345,
      31045.248851245833,
      31045.26014612813,
      31045.266541191857,
      31045.26946535672,
      31045.27030925983
    ],
    "fitted_y": [
      300.0,
      300.04510374437837,
      300.14714866827944,
      300.29427586934736,
      300.47064040491557,
      300.66388739759395,
      300.8658531902584,
      301.07147807888197,
      301.2777050330459,
      301.4827104429399,
      301.6854220108688,
      301.8852265904208,
      302.08179386615876,
      302.27496909110505,
      302.4647069336775,
      302.6510301108099,
      302.83400310095465,
      303.0137153227476,
      303.19027030567736,
      303.363778639913,
      303.5343534702594,
      303.702107415599,
      303.86715074813435,
      304.0295902122228,
      304.1895283909901,
      304.34706339929807,
      304.50228861230937,
      304.6552926753163,
      304.8061596268265,
      304.95496904363335,
      305.1017963242726,
      305.24671270767556,
      305.38978553038504,
      305.531078453275,
      305.6706516772064,
      305.808562250907,
      305.9448640869504,
      306.0796081604498,
      306.21284272866507,
      306.34461350909993,
      306.4749639204813,
      306.60393506086115,
      306.7315658683963,
      306.85789326727246,
      306.9829523271841,
      307.1067764484714,
      307.22939731122995,
      307.35084500114493,
      307.47114810164027,
      307.59033381662647,
      307.70842815691395,
      307.8254558406728,
      307.94144038556243,
      308.0564041900312,
      308.1703686294826,
      308.28335420622466,
      308.3953804567491,
      308.50646599207346,
      308.61662859718496,
      308.7258852843748,
      308.8342524323344,
      308.9417456766192,
      309.04837996830355,
      309.1541696128302,
      309.2591283401086,
      309.36326942187344,
      309.46660555600704,
      309.56914891138047,
      309.6709111917353,
      309.7719036287111,
      309.8721371413443,
      309.97162219733275,
      310.0703688685277,
      310.1683868557466,
      310.2656855245191,
      310.3622739774428,
      310.45816099204626,
      310.5533550374651,
      310.6478642988353,
      310.7416966886427,
      310.8348599411764,
      310.92736153201366,
      311.0192086964451,
      311.11040845515,
      311.2009676081842,
      311.29089282667616,
      311.38019058773295,
      311.4688671698826,
      311.55692869055605,
      311.64438110739735,
      311.7312302471337,
      311.8174818089652,
      311.90314134054336,
      311.98821424664584,
      312.0727058172106,
      312.15662123822057,
      312.23996558820585,
      312.32274383550174,
      312.40496083431583,
      312.48662133901894,
      312.567730027753,
      312.64829149434655,
      312.7283102511007,
      312.8077907019528,
      312.8867371854844,
      312.965153968404,
      313.0430452518392,
      313.1204151798983,
      313.1972678010583,
      313.2736071136208,
      313.34943705410194,
      313.4247615071996,
      313.4995843117178,
      313.5739092269436,
      313.64773997911743,
      313.7210802167734,
      313.7939335755225,
      313.8663036411249,
      313.938193928762,
      314.00960793259566,
      314.0805490763437,
      300.0,
      300.0000175990546,
      300.000125605687,
      300.0004870965886,
      300.0013652052447,
      300.003103170579,
      300.0060856712772,
      300.010696653711,
      300.01728466852614,
      300.026140469915,
      300.0374866375924,
      300.0514767103542,
      300.068200361867,
      300.0876919840231,
      300.1099403590824,
      300.1348982506473,
      300.1624910734982,
      300.1926243211034,
      300.2251897684333,
      300.2600703706619,
      300.29714417366273,
      300.3362872610214,
      300.3773759863611,
      300.4202886074258,
      300.46490647896917,
      300.5111148327223,
      300.5588033138688,
      300.6078662898848,
      300.6582030252409,
      300.7097177378389,
      300.76231953546477,
      300.8159223434544,
      300.870444740607,
      300.9258098233057,
      300.98194500430924,
      301.03878183979236,
      301.0962557981923,
      301.1543061031833,
      301.2128755254467,
      301.27191019204867,
      301.3313594099491,
      301.3911754966127,
      301.4513136018091,
      301.5117315611484,
      301.57238974428026,
      301.63325090487245,
      301.69428005180964,
      301.75544430981773,
      301.81671281005805,
      301.87805658950305,
      301.93944844444377,
      302.0008628722756,
      302.0622759285931,
      302.1236651848432,
      302.18500961711385,
      302.24628951787656,
      302.30748644835967,
      302.36858311858333,
      302.42956339089466,
      302.49041216346484,
      302.5511153067381,
      302.61165964403807,
      302.67203285807113,
      302.7322234768151,
      302.79222081348894,
      302.85201489594476,
      302.91159646844835,
      302.97095689994524,
      303.03008821230134,
      303.0889829991007,
      303.14763437445083,
      303.2060359994673,
      303.26418199759524,
      303.3220669722624,
      303.3796859556801,
      303.43703437000414,
      303.49410803440634,
      303.5509031139219,
      303.60741613180824,
      303.66364393599696,
      303.71958364966883,
      303.77523269067626,
      303.8305887415634,
      303.88564974251335,
      303.9404138860382,
      303.99487954638016,
      304.04904533599034,
      304.10291004378047,
      304.1564726598343,
      304.20973236480654,
      304.2626884540325,
      304.3153404204744,
      304.367687864735,
      304.41973054800275,
      304.471468369102,
      304.5229013097807,
      304.5740294911852,
      304.6248531121057,
      304.6753724983914,
      304.725588069416,
      304.77550029748465,
      304.8251097696015,
      304.87441711159437,
      304.9234230551759,
      304.9721283955886,
      305.0205339633665,
      305.06864066669027,
      305.11644945080224,
      305.1639613191863,
      305.2111773476842,
      305.2580986121424,
      305.3047262554721,
      305.35106142941606,
      305.3971053457275,
