{
  "final_status": "weak_pass",
  "final_lambda": 4.2999813651610255e-07,
  "final_reg_order": 2,
  "final_residual_norm": 8.448578985186632,
  "final_reg_norm": 3969.262494487355,
  "n_iterations": 4,
  "summary_notes": [
    "Completed in 4 iteration(s)"
  ],
  "final_config": {
    "parameterization_type": "piecewise_constant",
    "num_parameters": 24,
    "reg_order": 2,
    "lambda_strategy": "fixed",
    "lambda_value": 4.2999813651610255e-07,
    "lambda_grid": null,
    "max_retries": 8,
    "physical_bounds": null,
    "planner_notes": [
      "num_parameters=24 (\u2248 N_t/5)",
      "reg_order=1 (default first-difference smoothness)",
      "noise_std provided \u2192 using discrepancy principle for lambda",
      "iter0: oscillatory solution \u2192 increase reg_order to 2",
      "iter1: lambda increased to 8.600e-08 (factor=5.0)",
      "iter2: lambda increased to 4.300e-07 (factor=5.0)"
    ],
    "stop_tolerance": 0.001,
    "iteration_budget": 12
  },
  "final_result": {
    "estimated_x": [
      1279.6173434016443,
      9089.36974136882,
      16748.359532418566,
      23893.500030874657,
      30056.09964809476,
      34824.57249059523,
      38038.83739693844,
      39834.3255514634,
      40654.762390851145,
      41021.93329280349,
      41296.74151195784,
      41594.26854342928,
      41835.1809853359,
      41922.96729868038,
      41811.05721268185,
      41435.23989423808,
      40568.01002793019,
      38813.058952460204,
      35788.27396047427,
      31368.097980840026,
      25731.39906471535,
      19294.46765690907,
      12516.969370084082,
      5676.284390211883
    ],
    "fitted_y": [
      300.0,
      300.0018591283904,
      300.00606531166244,
      300.01212973846924,
      300.0193992971199,
      300.0387113522849,
      300.07270731818977,
      300.11819532727606,
      300.17106330551695,
      300.2281280023498,
      300.29841908755606,
      300.3835588579696,
      300.4798389324585,
      300.58288505276573,
      300.6893775079539,
      300.8075299369724,
      300.9387381119801,
      301.0794831621758,
      301.2256611949162,
      301.374174336649,
      301.5319667675059,
      301.70016944085825,
      301.8757170776085,
      302.0550656311247,
      302.23555401113117,
      302.422396826171,
      302.6163855599226,
      302.8151122670443,
      303.015827261593,
      303.2164810121262,
      303.42043700843925,
      303.62815115070583,
      303.83796941895673,
      304.0480355737583,
      304.25698185728055,
      304.46655949373036,
      304.6769626850744,
      304.88724926935674,
      305.0963894106479,
      305.3036408219876,
      305.5097465296112,
      305.71477971771185,
      305.9183200749321,
      306.1199222533946,
      306.31928064033553,
      306.5167613908701,
      306.7124346838863,
      306.90615145243265,
      307.09775164213033,
      307.2871371265669,
      307.47466985880476,
      307.6604595812198,
      307.8444320867536,
      308.02649251037064,
      308.2065845687079,
      308.3851248638913,
      308.5622396692756,
      308.7378454149137,
      308.91182991141653,
      309.08411924173924,
      309.25503166269533,
      309.4246573413783,
      309.59292107150077,
      309.7597272971623,
      309.92501319076536,
      310.08887870238533,
      310.2513547647268,
      310.4124207617457,
      310.57205369737693,
      310.7302452327948,
      310.8868386516028,
      311.04180683970344,
      311.1952138034209,
      311.3471409272109,
      311.4976583574809,
      311.64627548793453,
      311.79289304596324,
      311.93769086321976,
      312.0808918456497,
      312.2226730951997,
      312.3618984765044,
      312.4983216903396,
      312.6323326571141,
      312.7644164680518,
      312.89495054306036,
      313.02163899862126,
      313.14397555114556,
      313.26273464734885,
      313.37887957939284,
      313.49315386466634,
      313.60165550093757,
      313.70353954290624,
      313.8001510547609,
      313.8931501041576,
      313.9838118152603,
      314.0665533972036,
      314.14020910390593,
      314.20678132506663,
      314.2687130993353,
      314.3278731109016,
      314.3772964725556,
      314.41558732913944,
      314.44534914353414,
      314.4697223136081,
      314.49109971263385,
      314.50169162406826,
      314.49999976654595,
      314.4890493393055,
      314.47245197806495,
      314.45294953679485,
      314.4224788791691,
      314.3795414105622,
      314.32736325517305,
      314.2697647331489,
      314.20963639499166,
      314.138912988518,
      314.05611971686733,
      313.9645282410238,
      313.8679964678164,
      313.76943591266934,
      313.6707268944991,
      300.0,
      300.0000007254142,
      300.00000517733275,
      300.0000200776034,
      300.00005627230865,
      300.0001323367358,
      300.0002824440513,
      300.0005634430776,
      300.0010558964404,
      300.0018581381277,
      300.0030804552517,
      300.0048437309798,
      300.0072795742527,
      300.0105274651381,
      300.014727616611,
      300.0200156609494,
      300.02652257049687,
      300.03437661584354,
      300.04370281300226,
      300.05461836785383,
      300.0672293975023,
      300.08163197483225,
      300.09791484314775,
      300.11615992898857,
      300.1364393755887,
      300.1588132780684,
      300.18333071764226,
      300.21003215612717,
      300.23895027178855,
      300.27010819389005,
      300.3035180606159,
      300.33918181884457,
      300.37709306580234,
      300.41723800179653,
      300.4595947397692,
      300.5041326797341,
      300.550813146056,
      300.5995907244397,
      300.65041422128235,
      300.7032267924321,
      300.75796603225257,
      300.81456464920956,
      300.8729514676588,
      300.93305232166927,
      300.9947905593569,
      301.0580875080109,
      301.12286316633725,
      301.18903696755007,
      301.25652846172335,
      301.3252577415495,
      301.3951458446923,
      301.4661153061965,
      301.53809065534506,
      301.61099880329544,
      301.6847691272865,
      301.7593335779769,
      301.83462695322805,
      301.91058710924864,
      301.98715507626974,
      302.0642748524191,
      302.1418932105755,
      302.2199596788602,
      302.29842649326275,
      302.3772485434897,
      302.4563831059445,
      302.53578955148197,
      302.61542918218987,
      302.6952650474226,
      302.775261877225,
      302.85538593138364,
      302.93560479820655,
      303.0158872088008,
      303.0962027983443,
      303.17652209292146,
      303.256816545494,
      303.33705843960934,
      303.4172206449786,
      303.4972762712999,
      303.5771986816675,
      303.6569617336769,
      303.73653970582393,
      303.8159067667702,
      303.89503629972677,
      303.973900876459,
      304.05247284213834,
      304.13072429533776,
      304.20862606763694,
      304.28614648547847,
      304.36325131097436,
      304.4399049681009,
      304.5160708322304,
      304.59170973334955,
      304.66677808522064,
      304.7412278729432,
      304.81500881316487,
      304.88806930240736,
      304.96035467596136,
      305.03180483327174,
      305.1023543434374,
      305.1719355945269,
      305.24048053172254,
      305.30791888702714,
      305.37417544205016,
      305.4391702078666,
      305.50282231535766,
      305.5650524138767,
      305.6257809852839,
      305.68492538719903,
      305.7423999870639,
      305.7981203764942,
      305.8520060859373,
      305.9039789460147,
      305.9539599640621,
      306.00186928684764,
      306.0476303302924,
      306.09117241838635,
      306.13242900789646,
      306.1713343426422,
      306.2078231564565,
      306.2418345397106,
      306.27331819282745
    ],
    "status": "success"
  }
}