{
  "final_status": "weak_pass",
  "final_lambda": 2.3502809753699754e-08,
  "final_reg_order": 1,
  "final_residual_norm": 1.5737250959915072,
  "final_reg_norm": 24229.870761731676,
  "n_iterations": 1,
  "summary_notes": [
    "Completed in 1 iteration(s)"
  ],
  "final_config": {
    "parameterization_type": "piecewise_constant",
    "num_parameters": 24,
    "reg_order": 1,
    "lambda_strategy": "discrepancy",
    "lambda_value": 2.3502809753699754e-08,
    "lambda_grid": null,
    "max_retries": 8,
    "physical_bounds": [
      -500000.0,
      500000.0
    ],
    "planner_notes": [
      "num_parameters=24 (\u2248 N_t/5)",
      "reg_order=1 (default first-difference smoothness)",
      "noise_std provided \u2192 using discrepancy principle for lambda",
      "physical_bounds=(-500000.0, 500000.0) applied"
    ],
    "stop_tolerance": 0.001,
    "iteration_budget": 1,
    "skip_verifier": false
  },
  "final_result": {
    "estimated_x": [
      12657.397735922586,
      15002.556076596054,
      19654.861920758034,
      26058.762778748318,
      33412.31270498507,
      40863.761605543536,
      47721.829466180585,
      53405.6262257928,
      57229.52736745483,
      58787.88876613618,
      58059.92306253071,
      55098.44168034411,
      50136.77595853151,
      43733.31327525005,
      36653.793942726916,
      29322.90580297984,
      22406.001449360938,
      16287.259702713798,
      11292.134408241882,
      7635.326534228853,
      4957.465166716906,
      3310.143806141534,
      2527.8324114372194,
      2287.319256456025
    ],
    "fitted_y": [
      300.0,
      300.0183896596897,
      300.05999532789895,
      300.1199819032049,
      300.19188909927317,
      300.2740868210405,
      300.3641408127976,
      300.4590922911948,
      300.5564978886263,
      300.6546807722532,
      300.75934626985924,
      300.87163612244564,
      300.9894075517336,
      301.11008519002746,
      301.231718053101,
      301.3623497531434,
      301.5036652289092,
      301.6527848520787,
      301.80620560360177,
      301.96126500308833,
      302.1269219433021,
      302.3049398245574,
      302.491908598488,
      302.68374395570197,
      302.87735194171916,
      303.0815565300328,
      303.2979921679018,
      303.52311611004365,
      303.7527424522892,
      303.9837131884898,
      304.22395547791706,
      304.4748623597192,
      304.7331148283589,
      304.9948342733982,
      305.2571076098322,
      305.526323192359,
      305.8035355441802,
      306.0859457534517,
      306.37032262542755,
      306.65425396161413,
      306.9417591520712,
      307.2333935215986,
      307.52719903788073,
      307.8209749247815,
      308.1131000745839,
      308.4048236298142,
      308.6961607209796,
      308.9862150466027,
      309.2740598138375,
      309.5590451243144,
      309.83973421840125,
      310.11566152809684,
      310.3870377016978,
      310.65423935040417,
      310.9176037043035,
      311.1730912102875,
      311.419776034963,
      311.6589521944118,
      311.89226719053073,
      312.12101760673073,
      312.3388788597331,
      312.54453762991733,
      312.7402694040953,
      312.92886294502017,
      313.1124723017117,
      313.2832298025538,
      313.4396023439664,
      313.58460401697994,
      313.72186007185405,
      313.8541460745274,
      313.973007055045,
      314.0768836497678,
      314.16917523082816,
      314.25391514836326,
      314.3341724856037,
      314.4013061504345,
      314.45375867877306,
      314.4950715701774,
      314.52942123196124,
      314.5599728926622,
      314.5787382424873,
      314.58433765327794,
      314.58015492340684,
      314.57014406156554,
      314.55728788399233,
      314.5346276780078,
      314.500997843659,
      314.4594130997851,
      314.41337244875825,
      314.36550395997267,
      314.3102412547986,
      314.246691485102,
      314.17733922238557,
      314.1050431672633,
      314.0319385796853,
      313.9540756684409,
      313.87086490524916,
      313.78415068459077,
      313.69602805781255,
      313.6080488386829,
      313.51730118635703,
      313.423329861562,
      313.32745997691234,
      313.23119947447736,
      313.13565856082823,
      313.03913497811067,
      312.9413901414055,
      312.8432507735463,
      312.74563826079793,
      312.6492190888063,
      312.55325965837324,
      312.4576762809867,
      312.36286300453366,
      312.26924219956925,
      312.1771057893809,
      312.0862660781496,
      311.99670125661913,
      311.9085155893468,
      311.8218101045174,
      311.73663934936366,
      311.65301476818786,
      300.0,
      300.0000071754713,
      300.0000512118421,
      300.0001985986002,
      300.0005566203028,
      300.0012665514943,
      300.002490733401,
      300.00439802690437,
      300.0071504203905,
      300.0108923893794,
      300.01574638011044,
      300.0218149097206,
      300.02918530693455,
      300.0379329915596,
      300.04812164161524,
      300.05980487475875,
      300.0730316151855,
      300.08785179733377,
      300.1043183016081,
      300.1224839987593,
      300.1424000601889,
      300.1641187150785,
      300.18769704870203,
      300.21319720895923,
      300.24068175015,
      300.2702103541391,
      300.30184145230623,
      300.33563534890106,
      300.3716541867112,
      300.40995733493753,
      300.4505980287744,
      300.4936246617915,
      300.53908367905973,
      300.58701982622955,
      300.6374723503502,
      300.6904721275355,
      300.7460426573095,
      300.80420260412615,
      300.8649663120105,
      300.92834114041386,
      300.99432513807716,
      301.0629073942371,
      301.13406966643913,
      301.2077870257512,
      301.28402661874384,
      301.36274624302354,
      301.44389414133065,
      301.52740969455164,
      301.613224221225,
      301.70126136700094,
      301.79143683695804,
      301.88365785684624,
      301.97782299703863,
      302.07382309309264,
      302.1715430788848,
      302.2708627153526,
      302.3716555092008,
      302.47378748491064,
      302.57711799511117,
      302.68150275648566,
      302.78679544584156,
      302.89284615012565,
      302.99949917849665,
      303.10659368021123,
      303.21396768162833,
      303.3214605140915,
      303.42891113346735,
      303.5361553303595,
      303.64302619779556,
      303.74935871433917,
      303.8549927706132,
      303.95977158789935,
      304.0635386561691,
      304.1661379626899,
      304.26741855862906,
      304.36723753491646,
      304.4654581662034,
      304.5619464298481,
      304.65657080649373,
      304.7492065144518,
      304.83973844423815,
      304.92805956325367,
      305.01406763520134,
      305.09766483769783,
      305.1787614247382,
      305.2572782735955,
      305.33314542897165,
      305.4062990022217,
      305.4766805509185,
      305.54423993845126,
      305.60893739388774,
      305.6707423438087,
      305.729630748648,
      305.78558437770386,
      305.8385928088745,
      305.888654960325,
      305.9357782684026,
      305.97997662903856,
      306.02126963152705,
      306.05968366459297,
      306.09525261172683,
      306.128016855166,
      306.1580213577332,
      306.18531477960335,
      306.20995001029405,
      306.2319846300228,
      306.2514804199592,
      306.2685022045153,
      306.28311722694144,
      306.29539532932836,
      306.3054090977945,
      306.3132336326344,
      306.318945837348,
      306.3226239193161,
      306.3243471877275,
      306.32419583466395,
      306.32225073081565,
      306.3185929161457,
      306.31330319891254,
      306.3064618023431,
      306.2981479989993
    ],
    "status": "success"
  }
}