{
  "final_status": "fail",
  "final_lambda": 1.0,
  "final_reg_order": 1,
  "final_residual_norm": 18.796339497134934,
  "final_reg_norm": 0.01731460239812295,
  "n_iterations": 1,
  "summary_notes": [
    "Completed in 1 iteration(s)"
  ],
  "final_config": {
    "parameterization_type": "piecewise_constant",
    "num_parameters": 24,
    "reg_order": 1,
    "lambda_strategy": "fixed",
    "lambda_value": 0.5,
    "lambda_grid": null,
    "max_retries": 1,
    "physical_bounds": null,
    "planner_notes": [
      "num_parameters=24 (\u2248 N_t/5)",
      "reg_order=1 (default first-difference smoothness)",
      "noise_std provided \u2192 using discrepancy principle for lambda",
      "lambda_value=1.0 supplied \u2192 strategy forced to 'fixed'",
      "iter0: lambda decreased to 5.000e-01 (factor=2.0)"
    ],
    "stop_tolerance": 0.001,
    "iteration_budget": 1,
    "skip_verifier": false
  },
  "final_result": {
    "estimated_x": [
      41584.594839023324,
      41584.59393957103,
      41584.591810041115,
      41584.58850314554,
      41584.58414240509,
      41584.578952876596,
      41584.57327966859,
      41584.56751665584,
      41584.56197698061,
      41584.55690694023,
      41584.55245632617,
      41584.54858980202,
      41584.54514439074,
      41584.541934748675,
      41584.53881364944,
      41584.535625624005,
      41584.53240083641,
      41584.529246761034,
      41584.52637034734,
      41584.52400282928,
      41584.52221785947,
      41584.521103747764,
      41584.5205845414,
      41584.52044625618
    ],
    "fitted_y": [
      300.0,
      300.060417359348,
      300.1971085569846,
      300.3941883582139,
      300.6304321483588,
      300.88929030700626,
      301.1598274491232,
      301.43526600546164,
      301.7115110292873,
      301.98611976387093,
      302.2576558085132,
      302.52529783293767,
      302.7886033847165,
      303.0473651918983,
      303.30152254325156,
      303.55110581424276,
      303.79620136342186,
      304.0369289878208,
      304.273427390565,
      304.505844727233,
      304.7343324866529,
      304.95904150956295,
      305.1801195337574,
      305.3977095769216,
      305.6119490752091,
      305.82296936978116,
      306.03089552151994,
      306.23584630486795,
      306.43793432993107,
      306.63726622095055,
      306.83394287746177,
      307.0280597062952,
      307.2197069438698,
      307.4089699103852,
      307.5959292803805,
      307.78066136503475,
      307.9632383609634,
      308.1437285921349,
      308.32219674983725,
      308.49870411121987,
      308.67330872500577,
      308.84606562190953,
      309.0170270046242,
      309.18624238628905,
      309.35375878308565,
      309.5196208226329,
      309.68387092011903,
      309.8465494211499,
      310.0076946672311,
      310.16734313883416,
      310.3255295670638,
      310.48228704202205,
      310.6376471109174,
      310.7916398297453,
      310.9442938710391,
      311.09563659148256,
      311.2456941411387,
      311.39449149316494,
      311.5420525218502,
      311.68840005376427,
      311.8335559288979,
      311.9775410733471,
      312.1203755551371,
      312.26207858450493,
      312.4026685887784,
      312.54216325495156,
      312.6805795757538,
      312.8179338889824,
      312.9542419157436,
      313.0895187337376,
      313.2237788885139,
      313.3570363873017,
      313.48930475490636,
      313.62059702472425,
      313.75092577113924,
      313.88030311667274,
      314.00874080634804,
      314.13625021392204,
      314.26284233758213,
      314.38852780159544,
      314.5133169059516,
      314.63721965354523,
      314.7602457611257,
      314.88240466206395,
      315.00370548671924,
      315.1241571216396,
      315.24376823420357,
      315.36254725522775,
      315.48050240305366,
      315.5976416757512,
      315.71397283981025,
      315.8295035226298,
      315.94424117157064,
      316.05819304512323,
      316.1713662429983,
      316.2837676837445,
      316.39540416521265,
      316.5062823544854,
      316.61640876754166,
      316.7257897829191,
      316.8344316485523,
      316.9423405147455,
      317.0495224337176,
      317.15598331362173,
      317.2617289725241,
      317.3667651154959,
      317.47109736823256,
      317.57473128623826,
      317.67767229743697,
      317.77992576103077,
      317.8814969454649,
      317.982391053427,
      318.0826132288253,
      318.1821685092144,
      318.28106188714935,
      318.37929824852614,
      318.4768824627811,
      318.57381933323086,
      318.67011356863486,
      318.76576984935826,
      318.86079276118807,
      300.0,
      300.0000235742824,
      300.00016825130666,
      300.00065247553255,
      300.0018287194776,
      300.0041567584747,
      300.0081518772182,
      300.0143283794183,
      300.0231531554706,
      300.0350156762452,
      300.05021409151755,
      300.0689540693352,
      300.0913557290735,
      300.1174651390096,
      300.14726727236996,
      300.18069885464115,
      300.2176599769702,
      300.2580240454411,
      300.30164608986956,
      300.3483693257432,
      300.3980303924274,
      300.4504633007275,
      300.50550242310726,
      300.5629846825772,
      300.6227511506343,
      300.6846480920676,
      300.74852768355544,
      300.8142484273298,
      300.8816753851937,
      300.95068025416657,
      301.02114128138936,
      301.0929431672068,
      301.1659768453303,
      301.2401393008247,
      301.3153333006373,
      301.391467161947,
      301.46845444250334,
      301.5462137302451,
      301.62466836437017,
      301.7037461800476,
      301.78337927203864,
      301.8635037677699,
      301.9440595885852,
      302.0249902535497,
      302.1062426761646,
      302.1877669634455,
      302.2695162433631,
      302.3514464780994,
      302.433516317491,
      302.5156869642946,
      302.5979219779923,
      302.68018719678474,
      302.7624505461201,
      302.8446819819621,
      302.9268533418719,
      303.0089382268191,
      303.0909119373577,
      303.17275131288443,
      303.2544347363663,
      303.33594197833037,
      303.4172541117677,
      303.4983534861304,
      303.57922360204725,
      303.659849092413,
      303.74021564202025,
      303.8203098930075,
      303.90011944722215,
      303.97963274330044,
      304.05883909448755,
      304.13772857990426,
      304.2162919759969,
      304.2945207919936,
      304.37240715643946,
      304.44994384083435,
      304.527124191084,
      304.60394207549683,
      304.6803918942384,
      304.75646851077886,
      304.8321672684394,
      304.9074839454815,
      304.9824146889215,
      305.0569560405313,
      305.1311048966521,
      305.20485849873893,
      305.27821442627084,
      305.35117050220015,
      305.42372486859307,
      305.4958759038952,
      305.56762225602444,
      305.6389628281901,
      305.70989667725024,
      305.7804231248102,
      305.8505416366671,
      305.9202518937236,
      305.9895537612603,
      306.0584472156589,
      306.12693242004315,
      306.19500964154525,
      306.26267931749186,
      306.3299420104928,
      306.39679835407475,
      306.4632491354139,
      306.52929519369127,
      306.5949375099176,
      306.66017715020206,
      306.7250152279323,
      306.7894529605057,
      306.8534916149609,
      306.9171325363437,
      306.9803771666173,
      307.0432269477468,
      307.10568341152356,
      307.1677481015592,
      307.229422641836,
      307.2907087248873,
      307.3516080101541,
      307.41212225872164,
      307.47225320331,
      307.53200265228105,
      307.59137245890884,
      307.6503644457376
    ],
    "status": "success"
  }
}