{
  "final_status": "weak_pass",
  "final_lambda": 0.00390625,
  "final_reg_order": 1,
  "final_residual_norm": 15.02653128625562,
  "final_reg_norm": 5.777126409221546,
  "n_iterations": 9,
  "summary_notes": [
    "Completed in 9 iteration(s)"
  ],
  "final_config": {
    "parameterization_type": "piecewise_constant",
    "num_parameters": 24,
    "reg_order": 1,
    "lambda_strategy": "fixed",
    "lambda_value": 0.00390625,
    "lambda_grid": null,
    "max_retries": 8,
    "physical_bounds": [
      -500000.0,
      500000.0
    ],
    "planner_notes": [
      "num_parameters=24 (\u2248 N_t/5)",
      "reg_order=1 (default first-difference smoothness)",
      "noise_std provided \u2192 using discrepancy principle for lambda",
      "lambda_value=1.0 supplied \u2192 strategy forced to 'fixed'",
      "physical_bounds=(-500000.0, 500000.0) applied",
      "iter0: lambda decreased to 5.000e-01 (factor=2.0)",
      "iter1: lambda decreased to 2.500e-01 (factor=2.0)",
      "iter2: lambda decreased to 1.250e-01 (factor=2.0)",
      "iter3: lambda decreased to 6.250e-02 (factor=2.0)",
      "iter4: lambda decreased to 3.125e-02 (factor=2.0)",
      "iter5: lambda decreased to 1.562e-02 (factor=2.0)",
      "iter6: lambda decreased to 7.812e-03 (factor=2.0)",
      "iter7: lambda decreased to 3.906e-03 (factor=2.0)"
    ],
    "stop_tolerance": 0.001,
    "iteration_budget": 12,
    "skip_verifier": false
  },
  "final_result": {
    "estimated_x": [
      32731.11109685338,
      32731.500693235717,
      32732.363984799333,
      32733.646145013743,
      32735.254379714042,
      32737.077359146635,
      32739.00979473824,
      32740.969649303446,
      32742.898749996395,
      32744.75251661563,
      32746.486352874017,
      32748.051377224278,
      32749.406245046648,
      32750.531253932597,
      32751.429627749923,
      32752.113321741286,
      32752.5942468855,
      32752.880258171732,
      32752.98844131111,
      32752.957920491288,
      32752.84755281985,
      32752.72612615599,
      32752.644865152717,
      32752.61771275125
    ],
    "fitted_y": [
      300.0,
      300.047554324111,
      300.1551435598153,
      300.3102644860611,
      300.49621127167023,
      300.6999583266307,
      300.91289859068524,
      301.1296973101118,
      301.3471311652875,
      301.5632773143142,
      301.77700632452286,
      301.9876719954973,
      302.1949257053953,
      302.39860384667605,
      302.59865827599265,
      302.79511453322175,
      302.98804093568293,
      303.1775311973661,
      303.3636937839714,
      303.54664476741937,
      303.72650537154897,
      303.9033947197237,
      304.0774283507457,
      304.2487179354797,
      304.4173709657872,
      304.58349302842964,
      304.7471829826623,
      304.90853345668023,
      305.06763206085964,
      305.22456194135145,
      305.37940482465245,
      305.53223623670914,
      305.68312628281524,
      305.8321410284175,
      305.9793431477948,
      306.12479502534813,
      306.26855391325705,
      306.4106726518204,
      306.5512010532588,
      306.6901865140314,
      306.82767699454143,
      306.9637162229481,
      307.0983443636637,
      307.2315993006646,
      307.36351722133537,
      307.49413542426714,
      307.62348768805396,
      307.7516048803145,
      307.87851613617727,
      308.0042493853427,
      308.12883398605953,
      308.25229634738344,
      308.374660468651,
      308.49594903258816,
      308.61618387679687,
      308.7353883451488,
      308.8535833427129,
      308.97078777376555,
      309.0870195513316,
      309.2022959853383,
      309.3166358204852,
      309.43005580043643,
      309.5425710679479,
      309.6541959840432,
      309.76494448696104,
      309.87483177814084,
      309.98387145461004,
      310.0920758333166,
      310.1994566597356,
      310.3060253349693,
      310.41179432335986,
      310.5167748254207,
      310.6209770542749,
      310.7244107693455,
      310.8270854992697,
      310.92901155298426,
      311.03019830723497,
      311.1306543866784,
      311.23038807115034,
      311.329407446553,
      311.42772115233225,
      311.5253371526004,
      311.62226286593847,
      311.7185054553662,
      311.81407191732444,
      311.9089695510635,
      312.0032052284131,
      312.0967854491935,
      312.1897165297148,
      312.2820046575917,
      312.3736560446605,
      312.46467670773114,
      312.5550724582686,
      312.6448489572534,
      312.7340117602677,
      312.8225662575981,
      312.9105177884069,
      312.99787161889884,
      313.08463290468376,
      313.1708066924853,
      313.2563977652838,
      313.3414109435738,
      313.42585105196446,
      313.5097228142397,
      313.5930308698862,
      313.6757795786467,
      313.7579733552466,
      313.83961664340165,
      313.9207137968675,
      314.0012690984748,
      314.0812866236681,
      314.16077046917854,
      314.23972473827,
      314.3181534552052,
      314.39606059611117,
      314.4734500005877,
      314.5503255145852,
      314.6266909463183,
      314.70255002901274,
      314.7779064679234,
      314.85276388852395,
      300.0,
      300.00001855524766,
      300.0001324301038,
      300.0005135615539,
      300.0014393796697,
      300.00327177247163,
      300.0064163199276,
      300.0112778310107,
      300.01822379707295,
      300.02756077379496,
      300.0395234393061,
      300.0542736811719,
      300.0719060539213,
      300.09245682874564,
      300.1159141904778,
      300.1422283493129,
      300.1713206821282,
      300.20309156412037,
      300.2374269085376,
      300.2742033305687,
      300.3132922697167,
      300.35456309736026,
      300.3978854710443,
      300.4431310572642,
      300.4901747880489,
      300.5388956825943,
      300.5891774133457,
      300.64090863239767,
      300.69398315566025,
      300.7483000211992,
      300.80376342148196,
      300.86028262760465,
      300.9177718171488,
      300.97614993095794,
      301.03534045986083,
      301.09527126157343,
      301.1558743175093,
      301.217085568133,
      301.27884469351756,
      301.34109491129215,
      301.4037827898614,
      301.4668580703545,
      301.5302734796727,
      301.5939845762145,
      301.657949588828,
      301.7221292579835,
      301.7864867005093,
      301.85098726355386,
      301.91559840941045,
      301.9802896085034,
      302.04503218432194,
      302.1097992525385,
      302.17456557119345,
      302.23930749622974,
      302.30400286340563,
      302.3686308946692,
      302.43317214837464,
      302.49760839356225,
      302.56192261386786,
      302.6260988839665,
      302.6901223020575,
      302.75397896977756,
      302.81765589428227,
      302.8811409735489,
      302.94442293249483,
      303.00749124810716,
      303.0703361516225,
      303.1329485323616,
      303.1953199676863,
      303.2574426369331,
      303.3193092671072,
      303.38091316105937,
      303.4422481086594,
      303.5033084055842,
      303.56408879900965,
      303.6245844464137,
      303.6847909232319,
      303.74470416927244,
      303.80432050190603,
      303.8636365804718,
      303.92264935398555,
      303.9813560817563,
      304.039754302015,
      304.0978418246146,
      304.1556167253007,
      304.2130772711512,
      304.2702219801963,
      304.327049556446,
      304.38355891605306,
      304.43974917609586,
      304.4956195744972,
      304.5511695575026,
      304.60639868484355,
      304.6613066856511,
      304.7158934343002,
      304.77015889272366,
      304.82410316996203,
      304.8777264570328,
      304.9310290791095,
      304.9840114602642,
      305.0366740807221,
      305.0890175419987,
      305.14104248685186,
      305.192749670052,
      305.2441399138393,
      305.2952140782305,
      305.34597310570985,
      305.3964179783878,
      305.44654974037724,
      305.4963695127572,
      305.5458784173486,
      305.5950776474633,
