{
  "final_status": "weak_pass",
  "final_lambda": 0.00390625,
  "final_reg_order": 1,
  "final_residual_norm": 20.18945580614782,
  "final_reg_norm": 4.048829138662049,
  "n_iterations": 9,
  "summary_notes": [
    "Completed in 9 iteration(s)"
  ],
  "final_config": {
    "parameterization_type": "piecewise_constant",
    "num_parameters": 24,
    "reg_order": 1,
    "lambda_strategy": "fixed",
    "lambda_value": 0.00390625,
    "lambda_grid": null,
    "max_retries": 8,
    "physical_bounds": [
      -500000.0,
      500000.0
    ],
    "planner_notes": [
      "num_parameters=24 (\u2248 N_t/5)",
      "reg_order=1 (default first-difference smoothness)",
      "noise_std provided \u2192 using discrepancy principle for lambda",
      "lambda_value=1.0 supplied \u2192 strategy forced to 'fixed'",
      "physical_bounds=(-500000.0, 500000.0) applied",
      "iter0: lambda decreased to 5.000e-01 (factor=2.0)",
      "iter1: lambda decreased to 2.500e-01 (factor=2.0)",
      "iter2: lambda decreased to 1.250e-01 (factor=2.0)",
      "iter3: lambda decreased to 6.250e-02 (factor=2.0)",
      "iter4: lambda decreased to 3.125e-02 (factor=2.0)",
      "iter5: lambda decreased to 1.562e-02 (factor=2.0)",
      "iter6: lambda decreased to 7.812e-03 (factor=2.0)",
      "iter7: lambda decreased to 3.906e-03 (factor=2.0)"
    ],
    "stop_tolerance": 0.001,
    "iteration_budget": 12,
    "skip_verifier": false
  },
  "final_result": {
    "estimated_x": [
      42123.697962827006,
      42123.46423079993,
      42122.93539631582,
      42122.11289863676,
      42121.03483281683,
      42119.76897271526,
      42118.41897252624,
      42117.063990791255,
      42115.79380693071,
      42114.671567474295,
      42113.71817604225,
      42112.91978668676,
      42112.21554311683,
      42111.538211612446,
      42110.83391752601,
      42110.08794402634,
      42109.311454596915,
      42108.533310651976,
      42107.79469138629,
      42107.15904815418,
      42106.66697829459,
      42106.340886388796,
      42106.18335847362,
      42106.14629693308
    ],
    "fitted_y": [
      300.0,
      300.0612006106285,
      300.1996638743854,
      300.3992986202257,
      300.6386050773447,
      300.9008187376164,
      301.1748623607851,
      301.4538706020613,
      301.733695546609,
      302.01186286243205,
      302.2869168233435,
      302.55802528845277,
      302.8247402934904,
      303.0868521619196,
      303.34429961309417,
      303.5971123692434,
      303.8453776844404,
      304.0892172747037,
      304.32877209067544,
      304.56419255264706,
      304.7956307787963,
      305.0232392944134,
      305.24716824521033,
      305.4675630989995,
      305.68456352800484,
      305.8983010411674,
      306.1089020213409,
      306.3164873715594,
      306.52117186683296,
      306.7230640492021,
      306.92226452161856,
      307.1188696271798,
      307.3129714099447,
      307.5046570526688,
      307.69400884828235,
      307.8811025081938,
      308.0660108750294,
      308.2488038042335,
      308.42954758682083,
      308.60830486857236,
      308.78513298422655,
      308.9600874186066,
      309.1332216622211,
      309.30458658524094,
      309.47423035099155,
      309.6421968881203,
      309.8085289418337,
      309.97326792425554,
      310.13645330603356,
      310.29812251387534,
      310.4583096529757,
      310.6170480593007,
      310.7743701509589,
      310.9303069087951,
      311.0848877762561,
      311.23813956386766,
      311.3900886058125,
      311.5407605831091,
      311.6901801244324,
      311.8383706830032,
      311.9853535724377,
      312.13114984326444,
      312.27578015532333,
      312.4192643551024,
      312.5616213965851,
      312.70286839755073,
      312.8430224175317,
      312.98210031780565,
      313.120118391422,
      313.25709218587133,
      313.3930355892233,
      313.5279626218973,
      313.66188730376285,
      313.79482321825077,
      313.92678338782224,
      314.0577791932373,
      314.18782235268446,
      314.3169247265749,
      314.445097860566,
      314.5723528202345,
      314.69869910838895,
      314.82414667493924,
      314.9487057186333,
      315.0723862189735,
      315.1951977426709,
      315.3171483678559,
      315.43824669705026,
      315.5585016308973,
      315.6779219214311,
      315.7965159906404,
      315.9142908405592,
      316.0312540361574,
      316.1474134674923,
      316.2627768946685,
      316.3773518143066,
      316.49114450821327,
      316.6041617338306,
      316.7164105478785,
      316.82789790375585,
      316.93863052544117,
      317.0486141954507,
      317.1578550526774,
      317.2663594660831,
      317.3741336942827,
      317.48118383307536,
      317.5875153156616,
      317.69313378823904,
      317.7980450389756,
      317.9022547472174,
      318.0057684734056,
      318.10859140650473,
      318.2107288001959,
      318.3121859449977,
      318.4129680296315,
      318.5130801711407,
      318.6125272987518,
      318.7113143460691,
      318.8094461962581,
      318.90692763448703,
      319.00376340898265,
      319.09995816493176,
      300.0,
      300.0000238798997,
      300.0001704325184,
      300.0006609342322,
      300.00185242701605,
      300.0042106466032,
      300.00825755729795,
      300.0145141290264,
      300.0234533029825,
      300.0354695965669,
      300.0508650215881,
      300.0698479082618,
      300.0925399278117,
      300.11898773909974,
      300.14917611305276,
      300.1830409467239,
      300.220481026933,
      300.2613681081255,
      300.30555532893027,
      300.35288385980004,
      300.4031882094871,
      300.45630022344875,
      300.51205211234395,
      300.5702786693472,
      300.6308188895766,
      300.6935170289216,
      300.7582233316057,
      300.8247944486491,
      300.89309367494536,
      300.96299102673316,
      301.0343631559538,
      301.1070932517436,
      301.1810708171516,
      301.2561914847627,
      301.3323567445732,
      301.40947370989574,
      301.487454803343,
      301.56621754309367,
      301.6456842602923,
      301.7257818412265,
      301.8064414884216,
      301.887598490461,
      301.9691919795481,
      302.0511647326788,
      302.13346296639145,
      302.21603613371565,
      302.29883674909536,
      302.3818201986779,
      302.46494459173607,
      302.54817062472296,
      302.6314613829109,
      302.71478226110736,
      302.7981007692031,
      302.881386474557,
      302.9646108515559,
      303.0477471621721,
      303.13077039105286,
      303.2136570822478,
      303.29638534383946,
      303.37893469022686,
      303.46128595611634,
      303.5434212699005,
      303.6253239263215,
      303.70697836715976,
      303.7883701001052,
      303.86948560313255,
      303.9503123265995,
      304.0308385683202,
      304.1110535117446,
      304.1909471161258,
      304.27051004724785,
      304.3497337130463,
      304.42861014826906,
      304.50713203832333,
      304.58529265021264,
      304.6630857800819,
      304.74050576252444,
      304.817547400759,
      304.8942059833281,
      304.970477239041,
      305.04635727020764,
      305.12184257873525,
      305.1969300250551,
      305.2716168185005,
      305.3459005105916,
      305.4197788995711,
      305.49325010680934,
      305.5663124926487,
      305.63896468988395,
      305.7112055898582,
      305.78303423982584,
      305.8544499553044,
      305.9254521976347,
      305.99604064576664,
      306.0662151655512,
      306.13597573583303,
      306.20532252494115,
      306.2742558066233,
      306.34277602703673,
      306.41088375958736,
      306.4785796501248,
      306.54586450065165,
      306.61273916615716,
      306.6792046455325,
      306.7452620243206,
      306.81091243659597,
      306.8761571223641,
      306.9409973723478,
      307.0054345566325,
      307.0694701439193,
      307.13310560346235,
      307.1963424960181,
