{
  "final_status": "fail",
  "final_lambda": 390625.0,
  "final_reg_order": 1,
  "final_residual_norm": 36.5196206843635,
  "final_reg_norm": 2.1596327814739052e-07,
  "n_iterations": 9,
  "summary_notes": [
    "Completed in 9 iteration(s)"
  ],
  "final_config": {
    "parameterization_type": "piecewise_constant",
    "num_parameters": 24,
    "reg_order": 1,
    "lambda_strategy": "fixed",
    "lambda_value": 390625.0,
    "lambda_grid": null,
    "max_retries": 8,
    "physical_bounds": [
      -500000.0,
      500000.0
    ],
    "planner_notes": [
      "num_parameters=24 (\u2248 N_t/5)",
      "reg_order=1 (default first-difference smoothness)",
      "noise_std provided \u2192 using discrepancy principle for lambda",
      "lambda_value=1.0 supplied \u2192 strategy forced to 'fixed'",
      "physical_bounds=(-500000.0, 500000.0) applied",
      "iter0: lambda increased to 5.000e+00 (factor=5.0)",
      "iter1: lambda increased to 2.500e+01 (factor=5.0)",
      "iter2: lambda increased to 1.250e+02 (factor=5.0)",
      "iter3: lambda increased to 6.250e+02 (factor=5.0)",
      "iter4: lambda increased to 3.125e+03 (factor=5.0)",
      "iter5: lambda increased to 1.562e+04 (factor=5.0)",
      "iter6: lambda increased to 7.812e+04 (factor=5.0)",
      "iter7: lambda increased to 3.906e+05 (factor=5.0)"
    ],
    "stop_tolerance": 0.001,
    "iteration_budget": 12,
    "skip_verifier": false
  },
  "final_result": {
    "estimated_x": [
      31710.72081561013,
      31710.720815617817,
      31710.720815635046,
      31710.72081566167,
      31710.720815697143,
      31710.72081574064,
      31710.720815791192,
      31710.72081584762,
      31710.720815908604,
      31710.72081597268,
      31710.720816038527,
      31710.720816104717,
      31710.72081616958,
      31710.72081623169,
      31710.7208162899,
      31710.720816342815,
      31710.72081638958,
      31710.720816429384,
      31710.720816461846,
      31710.720816486784,
      31710.72081650419,
      31710.720816514822,
      31710.720816519875,
      31710.720816521225
    ],
    "fitted_y": [
      300.0,
      300.0460718211183,
      300.1503069693261,
      300.3005920106827,
      300.48074191722156,
      300.67813662247073,
      300.8844372467978,
      301.09447549127003,
      301.30512871569573,
      301.51453417286484,
      301.72159652420027,
      301.9256894571433,
      302.1264755747788,
      302.3237968190771,
      302.51760689345207,
      302.7079289642224,
      302.89482888559564,
      303.07839800878975,
      303.25874210178375,
      303.43597414093733,
      303.6102096496074,
      303.7815636536481,
      303.95014881036855,
      304.11607417739384,
      304.27944455653846,
      304.44036010806167,
      304.59891619925327,
      304.75520340082886,
      304.9093075824645,
      305.0613100497904,
      305.21128774988114,
      305.3593134370897,
      305.50545591999634,
      305.6497802578861,
      305.79234796804155,
      305.93321724745596,
      306.07244315128526,
      306.2100777785103,
      306.34617045759904,
      306.48076791414326,
      306.6139144186675,
      306.74565193624034,
      306.8760202724802,
      307.00505718170865,
      307.1327985147587,
      307.25927830729995,
      307.38452890421405,
      307.5085810695499,
      307.6314640387975,
      307.7532056288435,
      307.8738323280981,
      307.9933693704,
      308.1118408107225,
      308.2292695666328,
      308.3456775012086,
      308.46108547891754,
      308.57551344132366,
      308.68898043052053,
      308.8015046504181,
      308.91310350639833,
      309.023793655787,
      309.133591056522,
      309.2425110104143,
      309.3505681649511,
      309.4577765709767,
      309.5641497187438,
      309.6697005667541,
      309.77444157240154,
      309.87838472261546,
      309.981541514033,
      310.0839230413234,
      310.185539986373,
      310.2864026615463,
      310.38652100427817,
      310.4859046023095,
      310.58456270270045,
      310.6825042623008,
      310.77973795315853,
      310.87627216071644,
      310.9721149856153,
      311.0672742851523,
      311.16175768770114,
      311.2555726017251,
      311.34872621938166,
      311.4412255021028,
      311.5330772292631,
      311.62428801079807,
      311.714864274586,
      311.80481228627593,
      311.89413814388024,
      311.98284777236705,
      312.0709469885515,
      312.1584414704529,
      312.2453367518867,
      312.33163824589803,
      312.41735123034084,
      312.5024808893368,
      312.58703230606517,
      312.671010448342,
      312.7544201794358,
      312.83726626527766,
      312.91955339609177,
      313.0012861863953,
      313.08246914075016,
      313.1631066952215,
      313.24320320115487,
      313.3227629486093,
      313.4017901735673,
      313.48028901467404,
      313.5582635583008,
      313.6357178223221,
      313.71265577414124,
      313.78908133609787,
      313.8649983494171,
      313.9404106210755,
      314.0153218769353,
      314.0897358302408,
      314.163656143765,
      314.2370864081792,
      314.310030192524,
      314.3824909937382,
      300.0,
      300.000017976789,
      300.0001283016038,
      300.0004975513055,
      300.00139450710117,
      300.0031697749615,
      300.00621629003973,
      300.01092623943265,
      300.01765565477365,
      300.02670153071665,
      300.038291224164,
      300.052581569217,
      300.06966416404225,
      300.08957413845457,
      300.11230003367035,
      300.13779359914406,
      300.1659786484756,
      300.19675864632524,
      300.23002304436255,
      300.2656522851333,
      300.3035217965007,
      300.34350500189714,
      300.3854756005445,
      300.42930923661163,
      300.47488471773505,
      300.52208481174466,
      300.5707967946371,
      300.62091276602166,
      300.6723298275721,
      300.7249501407084,
      300.77868086170474,
      300.8334340677853,
      300.88912658948743,
      300.94567987186593,
      301.00301976900244,
      301.06107636735607,
      301.11978374963,
      301.1790798343448,
      301.23890616313815,
      301.2992077060897,
      301.3599326814667,
      301.42103238267947,
      301.48246099622435,
      301.54417545207224,
      301.60613526865,
      301.66830239962366,
      301.73064110231286,
      301.7931177952896,
      301.8557009466205,
      301.9183609711215,
      301.98107008074686,
      302.0438022251048,
      302.1065329454516,
      302.16923933143033,
      302.23189990751047,
      302.29449454286066,
      302.35700440268005,
      302.41941182562505,
      302.48170032741433,
      302.5438544818612,
      302.60585985598146,
      302.66770299016576,
      302.72937130264455,
      302.79085307506756,
      302.85213739121764,
      302.9132140649085,
      302.9740736417875,
      303.0347073056032,
      303.09510690704616,
      303.15526488083157,
      303.2151741934259,
      303.2748283700847,
      303.33422140833045,
      303.3933477959781,
      303.45220245886134,
      303.51078072117633,
      303.56907831269217,
      303.6270913164769,
      303.6848161815152,
      303.7422496884604,
      303.79938889916275,
      303.85623117649794,
      303.9127741537232,
      303.9690157272677,
      304.02495405132447,
      304.08058746574886,
      304.13591455373995,
      304.1909340787513,
      304.2456450097267,
      304.30004651028486,
      304.3541378612101,
      304.4079185451717,
      304.4613881547944,
      304.51454644673447,
      304.5673933182468,
      304.6199287513059,
      304.67215287028745,
      304.7240658788792,
      304.775668110552,
      304.8269599943118,
      304.8779420132409,
      304.92861476758696,
      304.97897889725385,
      305.029035150298,
      305.07878433966755,
      305.1282273143616,
      305.17736500269115,
      305.2261983708209,
      305.2747284443992,
      305.32295632297917,
      305.3708831061136,
      305.41850996185224,
