{
  "final_status": "weak_pass",
  "final_lambda": 7.578693811968019e-10,
  "final_reg_order": 1,
  "final_residual_norm": 6.8199761853106935,
  "final_reg_norm": 35433.51125798137,
  "n_iterations": 1,
  "summary_notes": [
    "Completed in 1 iteration(s)"
  ],
  "final_config": {
    "parameterization_type": "piecewise_constant",
    "num_parameters": 24,
    "reg_order": 1,
    "lambda_strategy": "discrepancy",
    "lambda_value": 7.578693811968019e-10,
    "lambda_grid": null,
    "max_retries": 8,
    "physical_bounds": [
      -500000.0,
      500000.0
    ],
    "planner_notes": [
      "num_parameters=24 (\u2248 N_t/5)",
      "reg_order=1 (default first-difference smoothness)",
      "noise_std provided \u2192 using discrepancy principle for lambda",
      "physical_bounds=(-500000.0, 500000.0) applied"
    ],
    "stop_tolerance": 0.001,
    "iteration_budget": 12,
    "skip_verifier": false
  },
  "final_result": {
    "estimated_x": [
      5296.812641978423,
      19000.392921121558,
      18457.83906398197,
      25310.768395286817,
      36347.17426604153,
      42168.723411430234,
      45280.73404226443,
      55804.99920682873,
      60253.84316505736,
      56067.04784790786,
      56821.42862747202,
      57940.45938254097,
      51083.55222911049,
      39037.857646647666,
      39597.15428357749,
      27878.953190809956,
      22532.17160392452,
      13784.920716200468,
      4078.874058508716,
      12874.104955855748,
      3791.641198857191,
      2057.632413709737,
      4753.215516642695,
      2296.923043734627
    ],
    "fitted_y": [
      300.0,
      300.0076956246425,
      300.02510658335194,
      300.0502095039569,
      300.0803009139869,
      300.13318245063107,
      300.2126864940875,
      300.31271501128043,
      300.42575215774866,
      300.54603311128403,
      300.6689830498891,
      300.79205703525105,
      300.9140565361323,
      301.03442709152637,
      301.15290355306706,
      301.27931827452926,
      301.41623795007644,
      301.5610451562197,
      301.71027171124996,
      301.8612379466894,
      302.02823479551506,
      302.21441806353624,
      302.41496427086975,
      302.623905753729,
      302.8366806177293,
      303.0587746201173,
      303.29059894365815,
      303.52886927948515,
      303.77001372129877,
      304.0113941174216,
      304.2558493216925,
      304.5035688286265,
      304.75280518171627,
      305.0016805631181,
      305.24883021927144,
      305.5086986106232,
      305.7848230789846,
      306.0729436406383,
      306.3675928469309,
      306.6645725468224,
      306.967620049937,
      307.2767872409906,
      307.5894255977077,
      307.9027419148587,
      308.21470122581655,
      308.5179422419052,
      308.81012919581315,
      309.09246585844846,
      309.36690394477193,
      309.63505138104324,
      309.8991228756721,
      310.16015114899943,
      310.4183490306081,
      310.6736803818746,
      310.9260994661203,
      311.17722861826036,
      311.4275277806842,
      311.6766253987733,
      311.9240180478982,
      312.16933317450577,
      312.4023882580328,
      312.620459412557,
      312.8261267834489,
      313.02289274752127,
      313.2135130005313,
      313.3823301800124,
      313.52591645069924,
      313.64959964957774,
      313.75998304305045,
      313.86214958410136,
      313.96026618559563,
      314.0566321411482,
      314.1523022792443,
      314.247755019478,
      314.3432232197098,
      314.4218008469611,
      314.4790776005362,
      314.51955078623445,
      314.54919879313934,
      314.57266755823485,
      314.58524334894514,
      314.586764715129,
      314.580392535985,
      314.5695074475677,
      314.5566053807269,
      314.53057916740323,
      314.48905488051247,
      314.43592576567636,
      314.3759561925366,
      314.31277386061964,
      314.2346307563411,
      314.13924867876256,
      314.03115996685415,
      313.9157758081383,
      313.7971934351707,
      313.69084317663584,
      313.6016785095981,
      313.52726408050495,
      313.463620390357,
      313.40750509466415,
      313.34351515005187,
      313.26676718230436,
      313.17982230942744,
      313.08672435836525,
      312.9906902118465,
      312.89131151387585,
      312.7892059426953,
      312.6857780333062,
      312.5823267773533,
      312.47975877404923,
      312.3825442538676,
      312.2920202470333,
      312.2073115582122,
      312.1271025538753,
      312.05032402411643,
      311.97266836179523,
      311.89271007527844,
      311.8110615995918,
      311.7287523132293,
      311.6465985591995,
      311.56512482359784,
      300.0,
      300.00000300275985,
      300.0000214309084,
      300.0000831086766,
      300.00023293203844,
      300.0005372331508,
      300.00109378669123,
      300.00204008376824,
      300.00355174630283,
      300.00582989810243,
      300.0090820094794,
      300.013502490523,
      300.01925764429257,
      300.02647708345796,
      300.0352511492856,
      300.0456367150755,
      300.0576700091032,
      300.07137998160033,
      300.0867962289368,
      300.1039498049409,
      300.12287546753566,
      300.1436194371119,
      300.166247146048,
      300.1908440826594,
      300.21750815342233,
      300.2463403275846,
      300.27743880149404,
      300.31089577819637,
      300.34679397135494,
      300.3852015801627,
      300.42616856270735,
      300.46972609456736,
      300.51588797355316,
      300.56465194873687,
      300.61599995650994,
      300.6699036994061,
      300.7263371779504,
      300.7852891461296,
      300.84676792226355,
      300.91079681099933,
      300.97740610704005,
      301.04662686505463,
      301.1184866692218,
      301.1930056905338,
      301.27019216888124,
      301.35003567808803,
      301.43249894446086,
      301.5175118798898,
      301.604970981238,
      301.69474418521264,
      301.7866795327585,
      301.8806151989631,
      301.97638831502314,
      302.0738413099324,
      302.17282538066274,
      302.27320241892005,
      302.3748463368316,
      302.4776435572273,
      302.5814925113709,
      302.6863019850622,
      302.7919850551138,
      302.8984486736302,
      303.00558412026,
      303.1132636755324,
      303.2213442798574,
      303.3296688800116,
      303.43806112453296,
      303.5463194278962,
      303.6542183087884,
      303.76151851662644,
      303.867982634493,
      303.9733911138602,
      304.07755445236967,
      304.1803199932411,
      304.28157341654753,
      304.38122976346034,
      304.47921480067777,
      304.5754463650095,
      304.66982537237845,
      304.76223847619553,
      304.8525654581307,
      304.9406853518428,
      305.02648074664154,
      305.1098425120882,
      305.19067551605036,
      305.2688994200116,
      305.3444425689119,
      305.4172341575552,
      305.48720126282785,
      305.554272311206,
      305.6183790926998,
      305.6794531450896,
      305.7374206409979,
      305.79220212950395,
      305.84371858019597,
      305.8919060834866,
      305.93673622487603,
      305.9782327782695,
      306.0164775693218,
      306.0516044433005,
      306.0837803115066,
      306.11317812143653,
      306.13995203867574,
      306.1642237007751,
      306.1860809705351,
      306.20558440217116,
      306.222776154217,
      306.2376882367446,
      306.25034954266164,
      306.26079140027406,
      306.26905297865466,
      306.2751869296344,
      306.2792631531433,
      306.2813692541691,
      306.28160759525804,
      306.2800888243935,
      306.27692355826474,
      306.2722148464239,
      306.2660539804075,
      306.25851993235847,
      306.2496812402407
    ],
    "status": "success"
  }
}