{
  "final_status": "weak_pass",
  "final_lambda": 1.6668710743109944e-07,
  "final_reg_order": 2,
  "final_residual_norm": 14.051555670024056,
  "final_reg_norm": 5555.677765870254,
  "n_iterations": 7,
  "summary_notes": [
    "Completed in 7 iteration(s)"
  ],
  "final_config": {
    "parameterization_type": "piecewise_constant",
    "num_parameters": 24,
    "reg_order": 2,
    "lambda_strategy": "fixed",
    "lambda_value": 1.6668710743109944e-07,
    "lambda_grid": null,
    "max_retries": 8,
    "physical_bounds": [
      -500000.0,
      500000.0
    ],
    "planner_notes": [
      "num_parameters=24 (\u2248 N_t/5)",
      "reg_order=1 (default first-difference smoothness)",
      "noise_std provided \u2192 using discrepancy principle for lambda",
      "physical_bounds=(-500000.0, 500000.0) applied",
      "iter0: lambda decreased to 2.667e-07 (factor=2.0)",
      "iter1: lambda decreased to 1.333e-07 (factor=2.0)",
      "iter2: lambda decreased to 6.667e-08 (factor=2.0)",
      "iter3: lambda decreased to 3.334e-08 (factor=2.0)",
      "iter4: oscillatory solution \u2192 increase reg_order to 2",
      "iter5: lambda increased to 1.667e-07 (factor=5.0)"
    ],
    "stop_tolerance": 0.001,
    "iteration_budget": 12
  },
  "final_result": {
    "estimated_x": [
      -3414.0277366883665,
      6740.29140830805,
      16552.28691133071,
      25559.58375481219,
      33016.34153264986,
      38181.555018879066,
      40820.07044468275,
      41374.69764612105,
      40693.651425984615,
      39744.80373314829,
      39185.88536991209,
      39047.33985313674,
      39045.45932569465,
      39067.72927449127,
      39212.960541759705,
      39377.924798457156,
      39290.46423436703,
      38349.45768299045,
      35980.93387042737,
      31920.395755949103,
      26199.332799583364,
      19430.977062073096,
      12220.87964977444,
      4891.289605442892
    ],
    "fitted_y": [
      300.0,
      299.99503983286627,
      299.9838177074158,
      299.9676377756325,
      299.9482425439297,
      299.9417436994831,
      299.9529109304692,
      299.9784217317931,
      300.013429567745,
      300.05409382315725,
      300.11211780439237,
      300.1896553435279,
      300.28199467935235,
      300.3835483378783,
      300.49006563468316,
      300.61184978828254,
      300.7506210283399,
      300.9019119243925,
      301.06052259568804,
      301.22252470030213,
      301.3961982332676,
      301.58283094033317,
      301.7786602197813,
      301.97936117173595,
      302.1816879431567,
      302.3910526103925,
      302.60816761346473,
      302.83033857179356,
      303.0545372727358,
      303.27851616356116,
      303.5046796910845,
      303.7331947258669,
      303.9625914459666,
      304.1912924086102,
      304.4181563970008,
      304.6432880676819,
      304.8665115205073,
      305.08742696825703,
      305.3056846797207,
      305.5210695818289,
      305.73249448361844,
      305.93968177977666,
      306.1429227733743,
      306.3426247072219,
      306.53913392905895,
      306.73133413955134,
      306.9190608098289,
      307.1028299876025,
      307.2832510069158,
      307.460807557206,
      307.6350300635183,
      307.8059434493619,
      307.9739307392407,
      308.13940314337077,
      308.30268117155765,
      308.4637903436736,
      308.6228364030903,
      308.7799860894873,
      308.93539534611824,
      309.0891861507379,
      309.2414469384665,
      309.39224608512194,
      309.5416386456495,
      309.68967015469525,
      309.83637932618416,
      309.981832375393,
      310.12606813230275,
      310.26910576322973,
      310.41095950210297,
      310.55164439201815,
      310.6913880885843,
      310.8302636551372,
      310.96823367555504,
      311.10524201759785,
      311.24124853432056,
      311.37647189880136,
      311.510968019056,
      311.644675698519,
      311.7775177649319,
      311.90943853483645,
      312.04027914350144,
      312.1699917601442,
      312.298606288762,
      312.42617044927556,
      312.55272597258875,
      312.67693782114645,
      312.7984717962617,
      312.9177069476003,
      313.03513991381243,
      313.15115943149266,
      313.2625846095876,
      313.368677543132,
      313.4704467903757,
      313.5691670588547,
      313.6658235185449,
      313.7551677836199,
      313.8360569073974,
      313.91028894185047,
      313.98008559315434,
      314.0471524201049,
      314.1042982198486,
      314.15003378690653,
      314.1869608472638,
      314.2182455982417,
      314.2463073405327,
      314.26289596464505,
      314.2664031478704,
      314.25999372205723,
      314.2474593670834,
      314.23168331004746,
      314.2040695413707,
      314.1630162807638,
      314.11195470328425,
      314.05495205926,
      313.9950887432868,
      313.923715331298,
      313.8392501182105,
      313.7452009312954,
      313.64570595288626,
      313.54389053253135,
      313.44177570573993,
      300.0,
      299.99999806458953,
      299.9999861868407,
      299.99994643281775,
      299.9998498650991,
      299.99966449335386,
      299.9993718296505,
      299.99898298896085,
      299.998545708714,
      299.9981402863641,
      299.9978736290091,
      299.9978774533776,
      299.9983074427582,
      299.99933808518693,
      300.0011519043359,
      300.00393100372844,
      300.0078554016598,
      300.0131042064449,
      300.01985389915563,
      300.0282718399767,
      300.0385114070027,
      300.0507125584888,
      300.0650046456412,
      300.08150679451455,
      300.10032426074275,
      300.1215454301846,
      300.145242494581,
      300.1714738606638,
      300.2002851700998,
      300.2317077406356,
      300.26575703980365,
      300.3024331036919,
      300.34172215878243,
      300.38359791711963,
      300.4280218376489,
      300.4749430961412,
      300.5242990585535,
      300.5760163472885,
      300.6300122467466,
      300.6861961658939,
      300.74447070730275,
      300.80473232327256,
      300.8668720053138,
      300.93077653202323,
      300.99633025126315,
      301.0634165932233,
      301.131918889755,
      301.20172088373647,
      301.2727076013784,
      301.34476665916276,
      301.4177894623784,
      301.4916719212942,
      301.56631476737107,
      301.6416239151381,
      301.71751086223003,
      301.79389305467964,
      301.8706940636852,
      301.94784348383376,
      302.02527679013883,
      302.10293504349823,
      302.18076457535267,
      302.25871667215137,
      302.3367471472858,
      302.4148159832578,
      302.49288689028833,
      302.5709268992162,
      302.6489060599168,
      302.7267970879937,
      302.80457512530194,
      302.8822174410206,
      302.9597032438215,
      303.0370136828701,
      303.11413177699364,
      303.1910423590002,
      303.26773182846875,
      303.3441879311181,
      303.42039973086014,
      303.49635750736127,
      303.57205269509086,
      303.6474776473458,
      303.72262529345073,
      303.7974888474688,
      303.8720614679056,
      303.9463361710044,
      304.02030581727786,
      304.0939626501225,
      304.1672973670556,
      304.24029814633724,
      304.31295050706524,
      304.38523796913444,
      304.457141873957,
      304.52863986956993,
      304.5997042308342,
      304.6703018179564,
      304.7403958775938,
      304.8099466433868,
      304.8789095183557,
      304.9472327990904,
      305.0148578302155,
      305.08172208395575,
      305.1477607032611,
      305.21290451712173,
      305.2770772066375,
      305.3401955668968,
      305.40217366986633,
      305.4629254458405,
      305.5223630012432,
      305.58039366135455,
      305.63692031361927,
      305.69184607734763,
      305.745077367417,
      305.7965223055336,
      305.84608756437547,
      305.89367848452036,
      305.9392036258018,
      305.98257769568625,
      306.02371971187523,
      306.0625495004338,
      306.09898744063673,
