{
  "final_status": "weak_pass",
  "final_lambda": 6.741350437731557e-09,
  "final_reg_order": 0,
  "final_residual_norm": 7.913413234399671,
  "final_reg_norm": 187097.2364787573,
  "n_iterations": 1,
  "summary_notes": [
    "Completed in 1 iteration(s)"
  ],
  "final_config": {
    "parameterization_type": "piecewise_constant",
    "num_parameters": 24,
    "reg_order": 0,
    "lambda_strategy": "discrepancy",
    "lambda_value": 6.741350437731557e-09,
    "lambda_grid": null,
    "max_retries": 8,
    "physical_bounds": [
      -500000.0,
      500000.0
    ],
    "planner_notes": [
      "num_parameters=24 (\u2248 N_t/5)",
      "reg_order=0 (default first-difference smoothness)",
      "noise_std provided \u2192 using discrepancy principle for lambda",
      "physical_bounds=(-500000.0, 500000.0) applied"
    ],
    "stop_tolerance": 0.001,
    "iteration_budget": 12,
    "skip_verifier": false
  },
  "final_result": {
    "estimated_x": [
      -1090.2261877172682,
      2660.0976857347414,
      216.22949222449247,
      801.6051558131686,
      2970.218996279967,
      5351.633303209994,
      12676.40874551783,
      30772.908243621703,
      43182.82742657881,
      45613.63138211692,
      47626.005685720775,
      49611.467584142556,
      49385.96900110501,
      47287.246578604434,
      50671.60288736519,
      48614.56498677269,
      49147.32888238993,
      48012.2140506543,
      45842.69360445025,
      51039.34234201313,
      47904.88208930007,
      45718.15146850226,
      38427.194084413604,
      16777.4097201284
    ],
    "fitted_y": [
      300.0,
      299.9984160339278,
      299.99483239138254,
      299.98966553665673,
      299.98347191693546,
      299.9821341790344,
      299.98736904064725,
      299.9979215724734,
      300.0119849815914,
      300.0281307761191,
      300.04185975729627,
      300.05165035828605,
      300.0580784271909,
      300.0621764371067,
      300.0647890369415,
      300.0673344937267,
      300.0703921573241,
      300.07395723585154,
      300.0778654007493,
      300.0819669582852,
      300.0893107917606,
      300.1006612527429,
      300.1151531084488,
      300.1316583009483,
      300.149301829697,
      300.17096685068805,
      300.19720474099074,
      300.2268909721816,
      300.25868257097085,
      300.2915574625231,
      300.3354895735535,
      300.3928619002465,
      300.4606324174075,
      300.5349209203186,
      300.6127330570425,
      300.7183935134534,
      300.85759104442894,
      301.022688195362,
      301.20402380784105,
      301.39415375750525,
      301.6062186459625,
      301.8419387590786,
      302.09477145370226,
      302.3573256725981,
      302.62405931417743,
      302.89491448547466,
      303.16863952569696,
      303.4430329422038,
      303.7161389491429,
      303.98661490639734,
      304.25657721511703,
      304.5263553084527,
      304.79497632721353,
      305.0613518464981,
      305.32470547962237,
      305.5874678981059,
      305.8501725302679,
      306.1119828865866,
      306.3718949270489,
      306.6291787382032,
      306.88307358564776,
      307.13327419629616,
      307.3797826799294,
      307.622711190099,
      307.86219377188655,
      308.09531159932584,
      308.3213866541533,
      308.54133531891637,
      308.7563369509189,
      308.9673292409331,
      309.1798783622632,
      309.39570914765903,
      309.6138230714847,
      309.8326992014535,
      310.05114202032934,
      310.26538920619004,
      310.4741981154922,
      310.67809904791477,
      310.87801002127384,
      311.07469181917696,
      311.2694457035297,
      311.46282261854935,
      311.6548495806446,
      311.84541233136514,
      312.0344115192834,
      312.2201424056386,
      312.4021518703031,
      312.58087569396196,
      312.7569084509646,
      312.93072424081015,
      313.0994955371883,
      313.26260778582656,
      313.42102970073006,
      313.57596327962204,
      313.72833857189977,
      313.8863252770979,
      314.0522963969038,
      314.2245110204996,
      314.40046986423073,
      314.5782019294651,
      314.7518493059677,
      314.9194109452371,
      315.0815999724078,
      315.2397297356939,
      315.394881345203,
      315.5446089238571,
      315.68854146110033,
      315.8278027756773,
      315.96369027494586,
      316.0971904486908,
      316.2183619759361,
      316.3248331336349,
      316.41964090868726,
      316.5066616693202,
      316.5888927572801,
      316.6368560889283,
      316.6435211549117,
      316.6178981820824,
      316.57147846574327,
      316.5131372147129,
      316.44871529948125,
      300.0,
      299.9999993819513,
      299.99999558894376,
      299.9999828940039,
      299.99995205633536,
      299.999893148033,
      299.9998014559132,
      299.99968319609115,
      299.99955791594874,
      299.9994568705823,
      299.9994173282614,
      299.9994745490561,
      299.99965465230787,
      299.9999708400276,
      300.00042337571455,
      300.0010025143087,
      300.001692857902,
      300.00247751396125,
      300.0033410038225,
      300.0042706799577,
      300.0052582117625,
      300.0063018014696,
      300.0074079723637,
      300.0085916070948,
      300.0098740317887,
      300.0112812961257,
      300.012843875985,
      300.01459679937824,
      300.0165787675272,
      300.0188298685485,
      300.02139269717065,
      300.0243183658473,
      300.027672719409,
      300.0315376271998,
      300.03600615371704,
      300.0411842450345,
      300.0472036297992,
      300.05423515520823,
      300.06249031984333,
      300.0722081935329,
      300.08364057935177,
      300.097044423734,
      300.11267820483204,
      300.1307955643259,
      300.15163389034905,
      300.1754020200274,
      300.2022713236091,
      300.2323711355039,
      300.2657875109333,
      300.3025640635818,
      300.34270549367886,
      300.3861837039915,
      300.43294472601895,
      300.4829146552132,
      300.5360037950666,
      300.5921104924072,
      300.6511255550031,
      300.7129363252817,
      300.7774292769545,
      300.8444907960207,
      300.91400662576655,
      300.98586084947163,
      301.05993511806787,
      301.1361086146272,
      301.2142586839566,
      301.2942607273988,
      301.3759869573622,
      301.4593052261535,
      301.5440794450555,
      301.6301717298767,
      301.7174475012626,
      301.80578284470863,
      301.8950708554365,
      301.9852243651761,
      302.07617443662866,
      302.1678649610237,
      302.2602451201095,
      302.3532625151004,
      302.44685930353387,
      302.54097152657766,
      302.6355310800608,
      302.73046906240666,
      302.82571894922387,
      302.9212188466504,
      303.01691239546426,
      303.1127480737813,
      303.2086772930657,
      303.30465230314985,
      303.4006251754942,
      303.4965479109767,
      303.59237215410286,
      303.6880478505431,
      303.7835217926128,
      303.87873765888156,
      303.9736376451656,
      304.06816802641225,
      304.1622881937942,
      304.255978508677,
      304.349243152657,
      304.4421070694542,
      304.53460736559083,
      304.62678182659243,
      304.7186586300683,
      304.81025075764467,
      304.9015553854078,
      304.992555577998,
      305.0832222020853,
      305.1735157765099,
      305.2633893012809,
      305.35279194128174,
      305.4416688377736,
      305.5299558376257,
      305.61757365250384,
      305.7044269178888,
      305.7904091897048,
      305.87539930647745,
      305.9592443551317,
      306.0417423284272,
      306.12263958335006,
      306.20164624423285,
      306.27846246873554
    ],
    "status": "success"
  }
}