{
  "final_status": "weak_pass",
  "final_lambda": 7.578693811968019e-10,
  "final_reg_order": 0,
  "final_residual_norm": 1.5556536446910432,
  "final_reg_norm": 199956.50399956165,
  "n_iterations": 1,
  "summary_notes": [
    "Completed in 1 iteration(s)"
  ],
  "final_config": {
    "parameterization_type": "piecewise_constant",
    "num_parameters": 24,
    "reg_order": 0,
    "lambda_strategy": "discrepancy",
    "lambda_value": 7.578693811968019e-10,
    "lambda_grid": null,
    "max_retries": 8,
    "physical_bounds": [
      -500000.0,
      500000.0
    ],
    "planner_notes": [
      "num_parameters=24 (\u2248 N_t/5)",
      "reg_order=0 (default first-difference smoothness)",
      "noise_std provided \u2192 using discrepancy principle for lambda",
      "physical_bounds=(-500000.0, 500000.0) applied"
    ],
    "stop_tolerance": 0.001,
    "iteration_budget": 12,
    "skip_verifier": false
  },
  "final_result": {
    "estimated_x": [
      -1673.8758301298344,
      2367.628872446803,
      -900.8568892159115,
      -118.40796516971936,
      814.91940454704,
      -535.1327701020036,
      3508.992736904503,
      35773.790823705305,
      51685.144020005035,
      49049.438846918645,
      49391.95482617691,
      50459.385863949465,
      50489.60624094814,
      47863.727007908674,
      51824.57905954348,
      48850.91266151553,
      50352.03654344913,
      50117.975871824245,
      47042.077378720125,
      52640.65882833823,
      48804.78180492167,
      50026.49285711406,
      52296.59285046028,
      32472.536333119944
    ],
    "fitted_y": [
      300.0,
      299.9975680619729,
      299.9920659260786,
      299.9841330096427,
      299.9746236523466,
      299.9700758291506,
      299.9724707676909,
      299.9805374328833,
      299.99237788782,
      300.006482042706,
      300.0170962187625,
      300.0223484873091,
      300.0231072352912,
      300.02081162198834,
      300.01662526766347,
      300.0124634327355,
      300.0091107005945,
      300.0065650673222,
      300.00460768669893,
      300.00303705173724,
      300.00307026617895,
      300.00497603483024,
      300.0083446033139,
      300.0126670569555,
      300.01755173016886,
      300.02077885957027,
      300.0216731266526,
      300.02065265949864,
      300.0183477302817,
      300.01526052570745,
      300.01760111569746,
      300.0271200017873,
      300.0423993077918,
      300.0614517837333,
      300.08271436923496,
      300.1520282355636,
      300.28105339784645,
      300.45707575522283,
      300.6633946579626,
      300.88703174555684,
      301.1425399334007,
      301.43068368919364,
      301.7421858577177,
      302.0670220428757,
      302.3977460870954,
      302.7257131903127,
      303.0469909862334,
      303.36086974617086,
      303.66772501183164,
      303.9680921700962,
      304.26292721830106,
      304.55272629053354,
      304.83765835533353,
      305.117806644024,
      305.39326605397804,
      305.6657100245565,
      305.935688215627,
      306.2029457956355,
      306.4670939653527,
      306.72786250965777,
      306.9851651879653,
      307.23898458143344,
      307.4893428135894,
      307.7362939714325,
      307.97991476061395,
      308.2164801810114,
      308.44508551542833,
      308.6668323554334,
      308.88315866486874,
      309.09520482696945,
      309.30950809107907,
      309.5280951029995,
      309.74979586735344,
      309.97282351964617,
      310.1957690273397,
      310.4133951131022,
      310.62401946510226,
      310.8284667701175,
      311.0280883264052,
      311.22398807947366,
      311.41910155163566,
      311.61448957056655,
      311.8098938628173,
      312.00475612993864,
      312.19862096421434,
      312.3908547275001,
      312.5811989010406,
      312.7696537494353,
      312.9562981432323,
      313.1412133776393,
      313.3199971196385,
      313.4915295148855,
      313.6570290614415,
      313.818102958289,
      313.9760084333395,
      314.1397186154282,
      314.3118976750708,
      314.4907362508493,
      314.673582507193,
      314.8583383274914,
      315.03804180376954,
      315.21037222441004,
      315.37627968246335,
      315.53741753083693,
      315.6951358240679,
      315.8521196669712,
      316.0094093362205,
      316.1668947345902,
      316.3241748951127,
      316.4809047746422,
      316.64015274372224,
      316.80264602733723,
      316.96743858748596,
      317.1333291450475,
      317.2993932124211,
      317.4362237034491,
      317.535891122991,
      317.60574881936714,
      317.6557884603766,
      317.6938296138594,
      317.72504995665173,
      300.0,
      299.99999905108064,
      299.9999932274968,
      299.9999737363552,
      299.99992638982417,
      299.99983497201305,
      299.9996882205357,
      299.9994866626436,
      299.99924576086033,
      299.9989945234399,
      299.99876917459915,
      299.99860375505864,
      299.9985216358608,
      299.9985311099653,
      299.9986256223295,
      299.9987876495435,
      299.99899430069735,
      299.999222559398,
      299.9994528240365,
      299.9996704707316,
      299.9998664258099,
      300.00003749260657,
      300.0001863146165,
      300.00032063851336,
      300.0004518871965,
      300.00059263938056,
      300.00075333572465,
      300.0009394722932,
      300.0011503713083,
      300.00137967148,
      300.0016192524864,
      300.00186612527125,
      300.0021287728666,
      300.0024297123021,
      300.0028036470073,
      300.00331104215485,
      300.00407173210124,
      300.005296654524,
      300.00729486614534,
      300.0104511491798,
      300.0151944633481,
      300.02197381615895,
      300.0312410806335,
      300.0434338525924,
      300.05895555004474,
      300.0781541811294,
      300.1013038570917,
      300.1285936320032,
      300.1601259146185,
      300.1959232560298,
      300.2359407275355,
      300.28008062244373,
      300.3282067453207,
      300.3801567095577,
      300.435751624775,
      300.49480393777634,
      300.55712400184456,
      300.622525047237,
      300.6908262163058,
      300.7618537826755,
      300.83544112982514,
      300.9114282365348,
      300.9896610681596,
      301.06999115081356,
      301.15227532330374,
      301.236374152783,
      301.32214880571115,
      301.40945813367813,
      301.4981579622463,
      301.58810281820195,
      301.67915144403145,
      301.7711751582535,
      301.864065137238,
      301.9577355014067,
      302.0521214671319,
      302.14717262715254,
      302.24284335448743,
      302.33908406335405,
      302.4358364501087,
      302.5330330294319,
      302.6306006228878,
      302.72846608554374,
      302.82656164683107,
      302.92482823266084,
      303.02321615712503,
      303.12168387131425,
      303.2201957865044,
      303.3187199492581,
      303.41722640065086,
      303.5156861601501,
      303.61406906482904,
      303.71234009168677,
      303.81045598761665,
      303.90836455077175,
      304.0060067464305,
      304.1033237989392,
      304.200268272873,
      304.29681379391764,
      304.39295908698676,
      304.4887253410823,
      304.58414707140327,
      304.67925936629223,
      304.77408633378343,
      304.8686349034118,
      304.96289439185824,
      305.0568408405841,
      305.1504439475774,
      305.24367353047035,
      305.33650396693446,
      305.4289159546177,
      305.5208975642127,
      305.61244584596096,
      305.70356782166056,
      305.7942799151103,
      305.88460547246217,
      305.97455997610473,
      306.0641236543922,
      306.1532163282855,
      306.24168951205525,
      306.32933842253317,
      306.4159265724036
    ],
    "status": "success"
  }
}