{
  "final_status": "weak_pass",
  "final_lambda": 3.0496415674448974e-09,
  "final_reg_order": 2,
  "final_residual_norm": 13.768295284287294,
  "final_reg_norm": 12263.0693143393,
  "n_iterations": 9,
  "summary_notes": [
    "Completed in 9 iteration(s)"
  ],
  "final_config": {
    "parameterization_type": "piecewise_constant",
    "num_parameters": 24,
    "reg_order": 2,
    "lambda_strategy": "fixed",
    "lambda_value": 3.0496415674448974e-09,
    "lambda_grid": null,
    "max_retries": 8,
    "physical_bounds": [
      -500000.0,
      500000.0
    ],
    "planner_notes": [
      "num_parameters=24 (\u2248 N_t/5)",
      "reg_order=1 (default first-difference smoothness)",
      "noise_std provided \u2192 using discrepancy principle for lambda",
      "physical_bounds=(-500000.0, 500000.0) applied",
      "iter0: lambda decreased to 1.952e-07 (factor=2.0)",
      "iter1: lambda decreased to 9.759e-08 (factor=2.0)",
      "iter2: lambda decreased to 4.879e-08 (factor=2.0)",
      "iter3: lambda decreased to 2.440e-08 (factor=2.0)",
      "iter4: lambda decreased to 1.220e-08 (factor=2.0)",
      "iter5: lambda decreased to 6.099e-09 (factor=2.0)",
      "iter6: oscillatory solution \u2192 increase reg_order to 2",
      "iter7: lambda decreased to 3.050e-09 (factor=2.0)"
    ],
    "stop_tolerance": 0.001,
    "iteration_budget": 12
  },
  "final_result": {
    "estimated_x": [
      5273.855155662487,
      16020.96192339249,
      21744.653363265108,
      27820.931316862385,
      35472.63059820202,
      42076.281763650804,
      48040.307013226404,
      54731.4224062475,
      57952.78695418235,
      57107.92609285165,
      56496.86736017962,
      55095.89547773712,
      49708.6802717437,
      42274.40172064065,
      36902.900776804156,
      28865.365799367406,
      20156.035772925057,
      11439.217873459073,
      6330.670335014395,
      7283.188644106946,
      5633.88234398451,
      4549.001925812849,
      4815.22067820642,
      4251.200566438376
    ],
    "fitted_y": [
      300.0,
      300.00766227020665,
      300.0249977662042,
      300.04999188553654,
      300.0799528731445,
      300.12839610639935,
      300.1980326791391,
      300.28389766778923,
      300.37998646093126,
      300.48171218641966,
      300.59438236458743,
      300.7183237238516,
      300.8502354159455,
      300.9865384962973,
      301.124576162703,
      301.27146294849325,
      301.42847952444913,
      301.5927027626724,
      301.7606970302329,
      301.929873058622,
      302.10967846013574,
      302.3020297387185,
      302.50343166960545,
      302.70966999010767,
      302.91755039276137,
      303.1346025566337,
      303.36210327736757,
      303.59681732292364,
      303.8349860559022,
      304.07378984243326,
      304.3200845230973,
      304.57506715279,
      304.8358515718833,
      305.09907361976286,
      305.36221377035673,
      305.63338412124864,
      305.91418619320456,
      306.2015364193867,
      306.4917507710985,
      306.78205361391014,
      307.07534676485903,
      307.37180517455647,
      307.6696095529491,
      307.96681158083373,
      308.26199690312467,
      308.5530618913721,
      308.83919212538194,
      309.1204623915031,
      309.3972048250446,
      309.66974572130385,
      309.93746227663576,
      310.2003326256322,
      310.4587639294038,
      310.7132169820093,
      310.9640670127922,
      311.2095591947663,
      311.449369538571,
      311.68419641220623,
      311.9148872907467,
      312.1421116176657,
      312.35850850793526,
      312.5623394789789,
      312.75587990135756,
      312.9420349371193,
      313.1230650298493,
      313.2896770932687,
      313.4399891716249,
      313.5774350471169,
      313.7061809816233,
      313.82942117284836,
      313.94145784548306,
      314.0415532549448,
      314.13255682253407,
      314.2176908905492,
      314.29938012901226,
      314.3675274307952,
      314.42003776085187,
      314.4605587004182,
      314.4935276577644,
      314.5223304825947,
      314.5365237875149,
      314.534137674803,
      314.51929746919035,
      314.49690658482024,
      314.4706823276718,
      314.43037568491724,
      314.3741306115774,
      314.30613580265856,
      314.23132467555246,
      314.15342302657467,
      314.06741935179093,
      313.9728206038007,
      313.8724196548396,
      313.7692883145212,
      313.6656952543186,
      313.5644646443506,
      313.4668051854537,
      313.3728183239419,
      313.282250246723,
      313.1948135069987,
      313.10786851094036,
      313.020587979919,
      312.9334356195728,
      312.8471082931469,
      312.762132128869,
      312.6772451507185,
      312.592191586913,
      312.5074445978579,
      312.4235574919203,
      312.3409275288224,
      312.2601732620007,
      312.1815095276257,
      312.10487336661384,
      312.03012312924477,
      311.9571214012691,
      311.88493287472716,
      311.8132457410344,
      311.7421924606209,
      311.67198750733354,
      311.60278895577784,
      311.5346840640972,
      300.0,
      300.00000298974527,
      300.0000213380224,
      300.00008274846635,
      300.0002319224626,
      300.00053326231813,
      300.0010773240776,
      300.0019857851947,
      300.0034089506601,
      300.0055150406826,
      300.00847827960587,
      300.0124710952925,
      300.0176594468166,
      300.02419834562664,
      300.032226224848,
      300.04186257883373,
      300.05321082762504,
      300.06636299142633,
      300.0814019171238,
      300.09839958731766,
      300.11741739950816,
      300.13851122437956,
      300.1617373335066,
      300.1871542257663,
      300.2148189845003,
      300.24478407018916,
      300.27709819103893,
      300.3118086212961,
      300.3489610350358,
      300.38859557525495,
      300.4307442003883,
      300.47543219870846,
      300.52268117203835,
      300.5725097467277,
      300.6249307450501,
      300.67995010933146,
      300.7375702594149,
      300.797794583325,
      300.86062868602926,
      300.92607713333405,
      300.9941393284365,
      301.0648074129865,
      301.1380656704691,
      301.2138898336734,
      301.2922455013066,
      301.3730857314498,
      301.4563486193833,
      301.54195598838385,
      301.62981399278755,
      301.7198154120212,
      301.8118426270542,
      301.9057705369186,
      302.001469168586,
      302.09880629408724,
      302.19764988831395,
      302.2978695722698,
      302.39933676965137,
      302.5019243701387,
      302.6055071310091,
      302.7099628764204,
      302.81517119114653,
      302.92100864696175,
      303.0273439190733,
      303.13403678038696,
      303.2409416120538,
      303.34790952153486,
      303.45478610563765,
      303.5614082922573,
      303.6676051982079,
      303.77320395197796,
      303.87803538797095,
      303.9819362210663,
      304.08474924930715,
      304.1863249833059,
      304.2865255297066,
      304.38522510504845,
      304.482304858198,
      304.5776464086415,
      304.6711298770416,
      304.7626376896685,
      304.852057038004,
      304.9392771169869,
      305.02418487077296,
      305.1066649294715,
      305.1866050558788,
      305.2638998537886,
      305.33844881703976,
      305.41015239123914,
      305.47891183656014,
      305.54463432863025,
      305.60723819355644,
      305.666654768398,
      305.7228279745013,
      305.77571481324287,
      305.8252877154369,
      305.87153837208047,
      305.91448175082246,
      305.9541582820428,
      305.99063351069213,
      306.0239952429699,
      306.05434818011184,
      306.0818071274418,
      306.10649044549734,
      306.12851564289167,
      306.1479973046107,
      306.16504613895285,
      306.1797683208174,
      306.19226491149334,
      306.2026319991401,
      306.2109615094663,
      306.21734245769017,
      306.2218624753732,
      306.2246088430044,
      306.22566897365795,
      306.22513025521573,
