{
  "final_status": "weak_pass",
  "final_lambda": 1.25873220671049e-08,
  "final_reg_order": 0,
  "final_residual_norm": 7.879909102271023,
  "final_reg_norm": 166427.07190134944,
  "n_iterations": 1,
  "summary_notes": [
    "Completed in 1 iteration(s)"
  ],
  "final_config": {
    "parameterization_type": "piecewise_constant",
    "num_parameters": 24,
    "reg_order": 0,
    "lambda_strategy": "discrepancy",
    "lambda_value": 1.25873220671049e-08,
    "lambda_grid": null,
    "max_retries": 8,
    "physical_bounds": [
      -500000.0,
      500000.0
    ],
    "planner_notes": [
      "num_parameters=24 (\u2248 N_t/5)",
      "reg_order=0 (default first-difference smoothness)",
      "noise_std provided \u2192 using discrepancy principle for lambda",
      "physical_bounds=(-500000.0, 500000.0) applied"
    ],
    "stop_tolerance": 0.001,
    "iteration_budget": 12
  },
  "final_result": {
    "estimated_x": [
      12482.310240060051,
      19701.22331345768,
      22190.443403344343,
      27682.502613518496,
      34511.17111308061,
      40369.21870229057,
      45228.40532672925,
      50876.504097236175,
      54034.44775021289,
      53991.41694563673,
      53611.97034240048,
      51880.18664012164,
      47325.98448558139,
      40538.46034169694,
      36087.97958094505,
      28469.487442118265,
      22495.465833933737,
      16281.376766147647,
      10546.558550871925,
      9964.197964783483,
      5926.745970966318,
      4071.5654998586065,
      3131.67902387786,
      920.9400692700523
    ],
    "fitted_y": [
      300.0,
      300.01813527884997,
      300.0591654233684,
      300.11832221521695,
      300.18923473203466,
      300.2774235318321,
      300.38235879694463,
      300.4992485142781,
      300.62317901247457,
      300.75054411285214,
      300.8826308509917,
      301.0189652910174,
      301.1577528802278,
      301.29723685966485,
      301.4361590089789,
      301.5817105753888,
      301.735529133906,
      301.89527158567375,
      302.0580196751764,
      302.2215514655687,
      302.3943552523515,
      302.57817932867107,
      302.76993035713946,
      302.9658654092495,
      303.1631465111973,
      303.3684512903932,
      303.58291242289425,
      303.8036611188297,
      304.02736483003633,
      304.25152421288675,
      304.4815961677134,
      304.7184800352707,
      304.95978223855195,
      305.2027404944463,
      305.44529320835346,
      305.6943339406284,
      305.95124568069605,
      306.21344689638283,
      306.4778431115746,
      306.74210286090613,
      307.009322143961,
      307.27982346161195,
      307.5519099891797,
      307.8237188943391,
      308.0938868387684,
      308.3615010704355,
      308.6260625062158,
      308.88733915978435,
      309.1452474128502,
      309.39978445507256,
      309.65044120657865,
      309.8971405574412,
      310.1401090169526,
      310.37962887832737,
      310.61594258101735,
      310.84672541072297,
      311.07146893062605,
      311.29095957211007,
      311.50618792075966,
      311.71793724437,
      311.92013112335087,
      312.11139309860795,
      312.29370555319076,
      312.4695620255642,
      312.6408980015858,
      312.79914338561974,
      312.94252696637454,
      313.0741518609536,
      313.19780285704184,
      313.3163850551589,
      313.42534910007873,
      313.52419087182466,
      313.6153368170977,
      313.70149671896695,
      313.78470378744566,
      313.8552134002439,
      313.91093273256877,
      313.9552552872477,
      313.9923497673746,
      314.0254043162949,
      314.0478230796501,
      314.0586034677767,
      314.0607827880041,
      314.05784526019124,
      314.0524086868776,
      314.03713739669246,
      314.0106847902214,
      313.9760177920439,
      313.9366369380766,
      313.89518355800095,
      313.8450305405676,
      313.7850156140622,
      313.71791733845265,
      313.64698253949143,
      313.5746508418512,
      313.5016432628803,
      313.42867218734415,
      313.35648903894713,
      313.28567133166666,
      313.2165806611298,
      313.14354337008643,
      313.0650995609617,
      312.9828012323173,
      312.89867695175286,
      312.81427713809114,
      312.7278983367482,
      312.6394146616467,
      312.54985323915093,
      312.46031891054906,
      312.3716117583268,
      312.2828585708916,
      312.1939740195467,
      312.1054509513661,
      312.0178183085393,
      311.93144902177943,
      311.8433476076927,
      311.75277667234377,
      311.6606164201319,
      311.5679890280563,
      311.47574382950273,
      311.38441796742967,
      300.0,
      300.0000070762143,
      300.00005050343793,
      300.00019585142167,
      300.00054892067476,
      300.0012518128354,
      300.0024761305624,
      300.00441417011035,
      300.00726726419305,
      300.01123213572686,
      300.01648914012776,
      300.02319513380786,
      300.0314802961355,
      300.0414471644007,
      300.05317050877795,
      300.0667009958396,
      300.0820731600115,
      300.099313788729,
      300.1184466272207,
      300.13949219843386,
      300.1624683579064,
      300.187394441287,
      300.21429584803957,
      300.24320483034825,
      300.27415641527045,
      300.3071847584774,
      300.3423232244411,
      300.3796058698592,
      300.4190668401117,
      300.46073653136926,
      300.50463871785837,
      300.55079117534285,
      300.59920768377594,
      300.64989841349336,
      300.70286760422573,
      300.7581129264314,
      300.8156286411678,
      300.87540971277434,
      300.9374531035748,
      301.001755192654,
      301.0683086434124,
      301.13710120918944,
      301.2081157345523,
      301.2813296983509,
      301.35671357342704,
      301.43422859815183,
      301.513824918823,
      301.5954407216712,
      301.6790026097776,
      301.7644269420881,
      301.8516215454292,
      301.94048749494806,
      302.0309208160056,
      302.12281438210334,
      302.2160597965377,
      302.31054821800194,
      302.4061698530016,
      302.502813151646,
      302.60036515734373,
      302.69871306990575,
      302.7977440397564,
      302.89734208945714,
      302.99738477759627,
      303.0977429087024,
      303.1982838133083,
      303.29887297037726,
      303.3993715011879,
      303.4996328326892,
      303.59950314853404,
      303.69882648676344,
      303.7974500938745,
      303.8952269464894,
      303.992016472949,
      304.0876862423461,
      304.18211528113534,
      304.2751938847544,
      304.3668179909249,
      304.45688250844177,
      304.5452791439198,
      304.6318999374931,
      304.7166409891141,
      304.799402809259,
      304.8800891238304,
      304.95860779130595,
      305.03487474905717,
      305.1088160590333,
      305.18036562461447,
      305.2494613655463,
      305.31604420634693,
      305.3800609227585,
      305.44146604126206,
      305.5002201799318,
      305.5562869998558,
      305.60963266143995,
      305.6602286580935,
      305.7080562999821,
      305.7531108342231,
      305.7954038490788,
      305.83496412653017,
      305.87183709882714,
      305.9060810208019,
      305.937760054845,
      305.9669371990709,
      305.99367053231,
      306.01801336540194,
      306.0400159755458,
      306.05972703948476,
      306.07719444511537,
      306.09246641184103,
      306.1055930976463,
      306.11662772835365,
      306.1256268945557,
      306.13265007811145,
      306.1377592749388,
      306.1410188936196,
      306.1424945106358,
      306.1422503287578,
      306.1403464389161,
      306.13683773098546,
      306.1317746957823,
      306.12520537188146
    ],
    "status": "success"
  }
}