{
  "final_status": "weak_pass",
  "final_lambda": 9.211707177659636e-09,
  "final_reg_order": 0,
  "final_residual_norm": 7.888172739182624,
  "final_reg_norm": 196945.3573597718,
  "n_iterations": 1,
  "summary_notes": [
    "Completed in 1 iteration(s)"
  ],
  "final_config": {
    "parameterization_type": "piecewise_constant",
    "num_parameters": 24,
    "reg_order": 0,
    "lambda_strategy": "discrepancy",
    "lambda_value": 9.211707177659636e-09,
    "lambda_grid": null,
    "max_retries": 8,
    "physical_bounds": [
      -500000.0,
      500000.0
    ],
    "planner_notes": [
      "num_parameters=24 (\u2248 N_t/5)",
      "reg_order=0 (default first-difference smoothness)",
      "noise_std provided \u2192 using discrepancy principle for lambda",
      "physical_bounds=(-500000.0, 500000.0) applied"
    ],
    "stop_tolerance": 0.001,
    "iteration_budget": 12,
    "skip_verifier": false
  },
  "final_result": {
    "estimated_x": [
      40825.99490564047,
      55881.166113897605,
      55442.02180346614,
      54994.668940574455,
      52159.51369334622,
      45177.23247493121,
      36318.65933501491,
      30717.23770426445,
      26449.695841589146,
      24136.2636463899,
      27896.381181244356,
      35360.888253502584,
      42547.814184257055,
      47595.111777901584,
      54147.392959117395,
      52956.51237385317,
      49820.009324071936,
      42551.904777788746,
      33395.939180973524,
      30493.78459874089,
      23771.547016428893,
      21082.520529958245,
      18354.57632322464,
      8281.791056672471
    ],
    "fitted_y": [
      300.0,
      300.0593152058954,
      300.19351283749336,
      300.38699744380347,
      300.6189315965896,
      300.8949409124758,
      301.21003013269143,
      301.55179427664234,
      301.90852899882873,
      302.2718445273256,
      302.6357336227969,
      302.99676876182485,
      303.35320079140337,
      303.70416598473616,
      304.0492594821004,
      304.3876792815233,
      304.71925098194015,
      305.0442312845826,
      305.36298849959263,
      305.6758722826368,
      305.9790698089435,
      306.2717690565644,
      306.55529454828286,
      306.83131429888437,
      307.1011615286398,
      307.3556288786679,
      307.59269579507344,
      307.81547783200784,
      308.0278646570276,
      308.23288327307415,
      308.4196971857654,
      308.58623053337686,
      308.7366953241859,
      308.87614655047827,
      309.008461517154,
      309.1280701022855,
      309.23444706758556,
      309.330725048723,
      309.4203735673829,
      309.5059977142307,
      309.58310121845113,
      309.6511103768999,
      309.7122906381633,
      309.7691966560884,
      309.8237447076623,
      309.8738162117314,
      309.9192846023479,
      309.96147645904483,
      310.0018226475885,
      310.04137650737124,
      310.08627050116075,
      310.1383329459612,
      310.1963463251433,
      310.25850253774587,
      310.32335104387334,
      310.4007547987056,
      310.49293065040143,
      310.5966266715303,
      310.7077742821749,
      310.8232311970108,
      310.9513587233164,
      311.09359743765987,
      311.24640579362415,
      311.40563068657934,
      311.5681176052842,
      311.7391328298004,
      311.91932570463166,
      312.1060024957338,
      312.29613607868816,
      312.4874591684923,
      312.68802371434697,
      312.8994379827148,
      313.11867973589756,
      313.34211401704596,
      313.5669818780031,
      313.78976377314615,
      314.00892334042527,
      314.2242875569406,
      314.43611563474167,
      314.6447025361875,
      314.84572848431276,
      315.0381781781283,
      315.2233914925562,
      315.4030863095522,
      315.5786121133545,
      315.7403247047514,
      315.8860469488606,
      316.0189411900112,
      316.1429734164873,
      316.26121229874025,
      316.3623924447751,
      316.44430095244127,
      316.51122380095603,
      316.5683196649135,
      316.6195322622835,
      316.6632382684619,
      316.69993752762616,
      316.73170956548813,
      316.76061419034255,
      316.7881451088602,
      316.8054904887033,
      316.81066084583955,
      316.8065541365236,
      316.7967809685885,
      316.7841043136461,
      316.76641663628953,
      316.7437856588127,
      316.71787745224094,
      316.6904241488726,
      316.66268620165783,
      316.63149489277134,
      316.5962734487821,
      316.5583160929006,
      316.51913782412447,
      316.47986879129195,
      316.4265893499721,
      316.3558730220752,
      316.2717897957155,
      316.1795856665697,
      316.08330388580424,
      315.98558588637883,
      300.0,
      300.00002314423256,
      300.0001651820107,
      300.00064057285806,
      300.001795359372,
      300.00408946428,
      300.0080640829286,
      300.0143032185367,
      300.02339285250946,
      300.03588181007825,
      300.05224910194994,
      300.0728818165706,
      300.09806460277326,
      300.1279799683155,
      300.1627162500214,
      300.20228008767856,
      300.246610410804,
      300.29559232028504,
      300.3490701550809,
      300.40685898576373,
      300.4687529371165,
      300.534529772894,
      300.6039539918464,
      300.67678067035087,
      300.75276075005183,
      300.8316429590545,
      300.91317081572623,
      300.99707889141814,
      301.08309324868395,
      301.17093714743186,
      301.2603348023155,
      301.3510095808397,
      301.4426807703318,
      301.5350646911905,
      301.62788149533935,
      301.7208621141904,
      301.8137512312023,
      301.9063080755789,
      301.9983080160953,
      302.0895462592592,
      302.1798401124534,
      302.26902773222133,
      302.35696526736893,
      302.4435252762742,
      302.5285973773488,
      302.61208895733796,
      302.693924314482,
      302.77404288129594,
      302.8523979264,
      302.9289562638322,
      303.00370061126785,
      303.0766344030495,
      303.14778559721924,
      303.21720688479104,
      303.284971611079,
      303.35117140527547,
      303.41591815664714,
      303.4793462630324,
      303.54161069037383,
      303.60287938888376,
      303.66332679059747,
      303.7231321394625,
      303.78247953208023,
      303.8415555050827,
      303.90054269185856,
      303.9596142741195,
      304.01893240180635,
      304.0786485003592,
      304.13890266722433,
      304.1998207465926,
      304.2615139999216,
      304.3240836026153,
      304.38762604911545,
      304.45223529812444,
      304.51800018007145,
      304.5849982592034,
      304.6532887721387,
      304.722907240539,
      304.79386350014914,
      304.8661430006984,
      304.93970855783476,
      305.01450118744583,
      305.0904411564192,
      305.1674310329897,
      305.24536100006145,
      305.3241110377329,
      305.4035482823439,
      305.4835235329426,
      305.5638721140806,
      305.64442016875535,
      305.7249888467006,
      305.80539286148695,
      305.88543738170625,
      305.96491947479905,
      306.0436353881739,
      306.12138949422433,
      306.198001201961,
      306.2733090998012,
      306.3471738160082,
      306.4194801395556,
      306.4901345856637,
      306.55905763979445,
      306.62617506463533,
      306.6914137115795,
      306.7547028254577,
      306.8159775346583,
      306.87518143847876,
      306.9322679141807,
      306.9872014150318,
      307.0399591445103,
      307.09053108798537,
      307.13891782231866,
      307.1851273598885,
      307.229173331412,
      307.2710749078872,
      307.3108521417608,
      307.34851523023525,
      307.3840537910013,
      307.41743372605447,
      307.44860286111816,
      307.4775020922161
    ],
    "status": "success"
  }
}