{
  "final_status": "weak_pass",
  "final_lambda": 1.25873220671049e-08,
  "final_reg_order": 1,
  "final_residual_norm": 1.5551501169272492,
  "final_reg_norm": 24626.54863506899,
  "n_iterations": 1,
  "summary_notes": [
    "Completed in 1 iteration(s)"
  ],
  "final_config": {
    "parameterization_type": "piecewise_constant",
    "num_parameters": 24,
    "reg_order": 1,
    "lambda_strategy": "discrepancy",
    "lambda_value": 1.25873220671049e-08,
    "lambda_grid": null,
    "max_retries": 8,
    "physical_bounds": null,
    "planner_notes": [
      "num_parameters=24 (\u2248 N_t/5)",
      "reg_order=1 (default first-difference smoothness)",
      "noise_std provided \u2192 using discrepancy principle for lambda"
    ],
    "stop_tolerance": 0.001,
    "iteration_budget": 12
  },
  "final_result": {
    "estimated_x": [
      12081.961508171837,
      14452.636157313245,
      19468.807822053892,
      26063.290737121664,
      33421.76350387624,
      40794.75062865299,
      47918.61203716986,
      53608.76570493107,
      57419.02719793964,
      59068.570318714046,
      58384.1391169605,
      55628.61820179662,
      50815.0447213823,
      44318.42361384291,
      36734.78698467081,
      29093.596731702106,
      22176.855052304207,
      16292.895671204558,
      11355.122150947167,
      7613.723234106572,
      4794.838731915727,
      2749.188038999027,
      1753.0511290889604,
      1608.4192901376068
    ],
    "fitted_y": [
      300.0,
      300.0175536208275,
      300.057267793702,
      300.1145272327253,
      300.1831653519646,
      300.2618181375425,
      300.348212384148,
      300.43947334739596,
      300.5332013010151,
      300.62774305952564,
      300.72934577003986,
      300.8392971245881,
      300.9553189587617,
      301.07465155845836,
      301.1951990887934,
      301.32518544533514,
      301.4663074667245,
      301.6155751069671,
      301.769364743892,
      301.92492345030604,
      302.09115792442134,
      302.269796496807,
      302.45740469868724,
      302.649882093467,
      302.84412464149676,
      303.04883629287855,
      303.265618155052,
      303.4909556781881,
      303.7207022596799,
      303.9517310189887,
      304.1923762131264,
      304.44414555969894,
      304.7036269300562,
      304.9668114219017,
      305.23068367393137,
      305.50157372979015,
      305.7804968384585,
      306.06462664163405,
      306.35071393609473,
      306.636335456796,
      306.9254843596968,
      307.21870731035426,
      307.5140498712797,
      307.8093177502307,
      308.1028954871571,
      308.39616892910345,
      308.689191087696,
      308.9810332009627,
      309.27072383357705,
      309.55757838745285,
      309.84020075549313,
      310.1181283395225,
      310.3915472967735,
      310.66080769035113,
      310.9262272275982,
      311.1840532295059,
      311.4334311611831,
      311.6755723990133,
      311.91201736396863,
      312.14397992276173,
      312.3652964682061,
      312.57467699099794,
      312.7743207878878,
      312.96692974195037,
      313.15459272777684,
      313.3292646202508,
      313.48935137343796,
      313.6378879472012,
      313.7785390056006,
      313.91411305914124,
      314.03544551654915,
      314.1407997551002,
      314.23377756767434,
      314.31867628432633,
      314.3987703457409,
      314.4651039115703,
      314.5160860988526,
      314.5554288091681,
      314.5874983137248,
      314.61560237062696,
      314.6318459019041,
      314.63490657676743,
      314.6282023853236,
      314.6157073095011,
      314.6004154652538,
      314.575715235942,
      314.5405332561332,
      314.49779524228387,
      314.45087979910176,
      314.4023202327321,
      314.3465699761728,
      314.2827177640295,
      314.21320100164263,
      314.1408331535933,
      314.06771639210336,
      313.9897562063493,
      313.90631694105275,
      313.819266544807,
      313.73073768158633,
      313.64231226309164,
      313.5508934934534,
      313.4559846389099,
      313.3589720223507,
      313.261439881719,
      313.1645570417534,
      313.06608099730784,
      312.9656449835248,
      312.8642420803376,
      312.7630053197106,
      312.6627644833375,
      312.5625826475597,
      312.462360761918,
      312.3626142018685,
      312.2638977830127,
      312.16660188202496,
      312.0707416134285,
      311.97637011910365,
      311.8835773269943,
      311.7924276971998,
      311.7029439407339,
      311.615114925583,
      300.0,
      300.0000068492568,
      300.0000488836266,
      300.00018956982257,
      300.0005313149838,
      300.0012090458748,
      300.00237803319976,
      300.00420015507814,
      300.0068311554716,
      300.0104104026329,
      300.0150567395345,
      300.02087100633736,
      300.0279410673731,
      300.0363450281275,
      300.0461509805062,
      300.05741816078364,
      300.07020189660716,
      300.08455898871364,
      300.1005493375761,
      300.1182326607639,
      300.1376664927148,
      300.158908701742,
      300.18202114448985,
      300.2070698245304,
      300.23412026243454,
      300.26323425030586,
      300.29447148338284,
      300.3278927092969,
      300.36355978100124,
      300.4015311971856,
      300.44185907956967,
      300.48459096831544,
      300.52977316425165,
      300.57745116680735,
      300.62766576860855,
      300.6804498867928,
      300.73582921357973,
      300.79382446215794,
      300.854451679489,
      300.91771947369665,
      300.9836266480155,
      301.05216255672843,
      301.1233087700072,
      301.1970397823691,
      301.2733218534658,
      301.3521117185532,
      301.4333565702956,
      301.5169949189566,
      301.60295747123257,
      301.6911674968442,
      301.7815404974726,
      301.87398361240315,
      301.96839539990845,
      302.0646667109547,
      302.16268246626515,
      302.2623224451275,
      302.36346040878226,
      302.4659630799201,
      302.5696910127281,
      302.674501507831,
      302.7802500573712,
      302.8867887212509,
      302.9939639038156,
      303.10161689601773,
      303.2095877706496,
      303.31771758560626,
      303.42584643901665,
      303.5338104768325,
      303.6414422970917,
      303.7485756133138,
      303.85504816831957,
      303.9606997451248,
      304.06536872287415,
      304.16889229312557,
      304.2711114527536,
      304.3718744941626,
      304.47103549216496,
      304.5684510485133,
      304.66398035916563,
      304.7574898097821,
      304.84885630126877,
      304.93796598059913,
      305.0247111565356,
      305.1089899734881,
      305.1907100120323,
      305.26979082864153,
      305.34616260333195,
      305.4197631118378,
      305.490536996235,
      305.5584383093446,
      305.62343217598107,
      305.6854932601773,
      305.74460281263316,
      305.80074772301253,
      305.8539223493384,
      305.90412988270145,
      305.951381354708,
      305.99569346219124,
      306.0370877923236,
      306.0755920266934,
      306.1112407202983,
      306.1440743131422,
      306.1741372092642,
      306.2014769662296,
      306.22614499537434,
      306.248197016109,
      306.26769229553247,
      306.2846922024262,
      306.2992595542102,
      306.31145909095017,
      306.3213579888758,
      306.32902587947297,
      306.3345342944185,
      306.33795633371125,
      306.33936668516196,
      306.3388416935629,
      306.3364594585611,
      306.33229953322103,
      306.3264425575968,
      306.3189697744173,
      306.3099624246912
    ],
    "status": "success"
  }
}