{
  "final_status": "weak_pass",
  "final_lambda": 2.6422094577264397e-09,
  "final_reg_order": 1,
  "final_residual_norm": 1.592321875789906,
  "final_reg_norm": 35603.181818327,
  "n_iterations": 1,
  "summary_notes": [
    "Completed in 1 iteration(s)"
  ],
  "final_config": {
    "parameterization_type": "piecewise_constant",
    "num_parameters": 24,
    "reg_order": 1,
    "lambda_strategy": "discrepancy",
    "lambda_value": 2.6422094577264397e-09,
    "lambda_grid": null,
    "max_retries": 8,
    "physical_bounds": [
      -500000.0,
      500000.0
    ],
    "planner_notes": [
      "num_parameters=24 (\u2248 N_t/5)",
      "reg_order=1 (default first-difference smoothness)",
      "noise_std provided \u2192 using discrepancy principle for lambda",
      "physical_bounds=(-500000.0, 500000.0) applied"
    ],
    "stop_tolerance": 0.001,
    "iteration_budget": 1,
    "skip_verifier": false
  },
  "final_result": {
    "estimated_x": [
      -309.25680065984255,
      3147.3566800805856,
      9873.241149037498,
      21626.269782878873,
      35633.92698946911,
      45535.44345607418,
      46837.69790722471,
      41193.83787054362,
      34353.89814429695,
      33020.27049225884,
      39004.03682591316,
      46046.175835878304,
      46706.165564968134,
      40464.92917047666,
      34387.15023686638,
      33437.80133527064,
      39407.372339726,
      45810.800807916734,
      45734.83415895769,
      38043.45782052668,
      24198.168783334244,
      11894.594089854136,
      4895.500026546451,
      2568.7310166815705
    ],
    "fitted_y": [
      300.0,
      299.9995506874763,
      299.99853414078103,
      299.99706849541326,
      299.9953115948352,
      299.99840855429215,
      300.00775872837346,
      300.0220921001463,
      300.0396748811476,
      300.05914959317795,
      300.0893898338968,
      300.13240296766753,
      300.185282628422,
      300.24439444333893,
      300.3069427361379,
      300.3881660426104,
      300.49141224812496,
      300.61151128362906,
      300.7420632777261,
      300.8781599231799,
      301.03693519152614,
      301.2217520272085,
      301.42607908966005,
      301.64207795800303,
      301.8637844535887,
      302.1016941207811,
      302.35720514127047,
      302.62513064472756,
      302.89961148354985,
      303.17626646879256,
      303.45416563807237,
      303.73210964492824,
      304.00862721141027,
      304.28252391135845,
      304.55302154126394,
      304.8114815702899,
      305.0555426359929,
      305.28729503759814,
      305.509640641766,
      305.7248981649109,
      305.9247161703384,
      306.1075242529773,
      306.2766163529869,
      306.4359426571341,
      306.58854682846504,
      306.73452506284167,
      306.8746631882518,
      307.01028705340707,
      307.1425969811655,
      307.2724602538417,
      307.4091438482999,
      307.5552974509086,
      307.7088711501697,
      307.8669636699749,
      308.02729426780496,
      308.1985883554112,
      308.3826022593578,
      308.5760892294855,
      308.7751269925716,
      308.97672376695135,
      309.1798819050955,
      309.38365249640214,
      309.58706918238295,
      309.78938052853385,
      309.9900920086774,
      310.1798421231823,
      310.3560919230696,
      310.52115129860897,
      310.67818374399593,
      310.82968285898227,
      310.96848844256334,
      311.0933402248361,
      311.2072207244856,
      311.31364795467704,
      311.41530669721084,
      311.51258943823933,
      311.6062404836514,
      311.6972999917625,
      311.78666485008364,
      311.87496259729505,
      311.9712654660632,
      312.07809165777377,
      312.19330245873823,
      312.3139302948945,
      312.43764014798734,
      312.57218254199415,
      312.7190284983996,
      312.87513744953554,
      313.0368784952024,
      313.2014820709743,
      313.36701953537334,
      313.5323377480171,
      313.696788458873,
      313.86000905115714,
      314.0217970669839,
      314.1708687178531,
      314.3042385258479,
      314.4248268080533,
      314.5365632485935,
      314.6425263943109,
      314.72464914027074,
      314.7789364316654,
      314.8114677926328,
      314.8297959905805,
      314.83973130391684,
      314.8272249762724,
      314.7899572103208,
      314.7340618505019,
      314.66667409688114,
      314.5931927839386,
      314.506970402211,
      314.40749573210815,
      314.29872326086684,
      314.1849655580603,
      314.0694185146983,
      313.95075096620377,
      313.82930159337013,
      313.7066576281564,
      313.58438054595644,
      313.46357307951416,
      313.3449042695137,
      300.0,
      299.9999998246824,
      299.9999987487466,
      299.9999951476622,
      299.9999864001575,
      299.9999710465221,
      299.9999533618782,
      299.99994767829935,
      299.9999798219892,
      300.00008511496515,
      300.0003079837848,
      300.0007054252972,
      300.00135068392586,
      300.0023328002501,
      300.00375103295875,
      300.00571295324437,
      300.0083400409708,
      300.0117743129612,
      300.01617821266063,
      300.02172581636006,
      300.02859687307347,
      300.03697974125436,
      300.0470765799253,
      300.05910194653853,
      300.07327235397594,
      300.08979629802263,
      300.10887106293995,
      300.13068298444085,
      300.1554053706602,
      300.18319200343956,
      300.2141691187382,
      300.24842923612835,
      300.2860281113508,
      300.3269845419071,
      300.37128217660006,
      300.418869537431,
      300.4696573465834,
      300.5235168293315,
      300.5802827721883,
      300.6397617948673,
      300.70173971089696,
      300.7659845919606,
      300.832248404142,
      300.90027140568327,
      300.96979035550135,
      301.0405478752365,
      301.1123002453384,
      301.1848227050233,
      301.25791269620044,
      301.331391535976,
      301.4051082016941,
      301.4789459142599,
      301.5528272840222,
      301.62671402809553,
      301.70060055675896,
      301.7745078952807,
      301.8484816168673,
      301.9225908222796,
      301.99692415391274,
      302.07158159138277,
      302.1466645293533,
      302.2222669558962,
      302.2984690642417,
      302.37533363566104,
      302.4529045378361,
      302.53120340545223,
      302.6102235241712,
      302.6899248795372,
      302.77023474006126,
      302.8510541920783,
      302.93226485555476,
      303.01373219551425,
      303.095307418505,
      303.17683160891266,
      303.2581429000208,
      303.33908458496495,
      303.419511932422,
      303.49929666081846,
      303.57832947587633,
      303.6565210189083,
      303.7338049858693,
      303.8101442756383,
      303.8855358653185,
      303.96001052491266,
      304.0336265932993,
      304.1064638192684,
      304.17862094087286,
      304.2502143191177,
      304.32137413165606,
      304.39223694465676,
      304.46293644788085,
      304.53359492402524,
      304.60431696851424,
      304.6751863104524,
      304.7462651965485,
      304.8175913138913,
      304.8891709831745,
      304.9609733328192,
      305.03293086546256,
      305.1049470946416,
      305.1769005644156,
      305.248640556101,
      305.3199815765077,
      305.3907058218973,
      305.46057560603606,
      305.52934451186,
      305.596760619366,
      305.66256630608115,
      305.7265022517241,
      305.7883177881553,
      305.84778056313064,
      305.9046807476632,
      305.9588315216992,
      306.01007022426404,
      306.05826171444215,
      306.1033014352799,
      306.1451161978072,
      306.18366272882736,
      306.21892564294643,
      306.2509154931147,
      306.2796668712485
    ],
    "status": "success"
  }
}