{
  "final_status": "weak_pass",
  "final_lambda": 0.0757869381196803,
  "final_reg_order": 2,
  "final_residual_norm": 1.3842765020559498,
  "final_reg_norm": 0.006038780478755212,
  "n_iterations": 1,
  "summary_notes": [
    "Completed in 1 iteration(s)"
  ],
  "final_config": {
    "parameterization_type": "piecewise_constant",
    "num_parameters": 24,
    "reg_order": 2,
    "lambda_strategy": "discrepancy",
    "lambda_value": 0.0757869381196803,
    "lambda_grid": null,
    "max_retries": 8,
    "physical_bounds": [
      -500000.0,
      500000.0
    ],
    "planner_notes": [
      "num_parameters=24 (\u2248 N_t/5)",
      "reg_order=2 (default first-difference smoothness)",
      "noise_std provided \u2192 using discrepancy principle for lambda",
      "physical_bounds=(-500000.0, 500000.0) applied"
    ],
    "stop_tolerance": 0.001,
    "iteration_budget": 12,
    "skip_verifier": false
  },
  "final_result": {
    "estimated_x": [
      1406.4570952373183,
      4727.7657094687265,
      8049.074316213436,
      11370.382988095465,
      14691.691841588594,
      18013.001047290807,
      21334.31085264881,
      24655.621555271755,
      27976.933450022283,
      31298.24683579618,
      34619.561987615714,
      37940.87908653372,
      41262.19821959069,
      44583.519412457346,
      47904.84262712504,
      51226.16772967171,
      54547.49456477043,
      57868.82292683433,
      61190.15257414081,
      64511.48321655684,
      67832.81450274936,
      71154.14615946329,
      74475.47797696873,
      77796.80982755373
    ],
    "fitted_y": [
      300.0,
      300.0020434111252,
      300.006666524697,
      300.0133320768286,
      300.02132221731557,
      300.0349026690698,
      300.05497001752775,
      300.0800263002992,
      300.1082378370145,
      300.1382002131285,
      300.1738169087081,
      300.21578526675654,
      300.2624945313163,
      300.31204740830935,
      300.36300532541946,
      300.4192557722526,
      300.48149145370763,
      300.5481040755049,
      300.6172031953726,
      300.6873597307912,
      300.76247216739677,
      300.84324495707426,
      300.92808182967013,
      301.01510432141845,
      301.1028950853044,
      301.1953639754652,
      301.29322637050456,
      301.39489644333986,
      301.49850567789144,
      301.6026461746801,
      301.7112367494906,
      301.8250012626215,
      301.9423619166316,
      302.0614577882606,
      302.1808881578623,
      302.3045786310576,
      302.43325949136545,
      302.565359012665,
      302.6990220174335,
      302.83285322463917,
      302.9707833894968,
      303.1135476725428,
      303.2595789699291,
      303.40702648311594,
      303.55449908409304,
      303.70593147129534,
      303.86206254771815,
      304.02132876456346,
      304.1818826984312,
      304.3423364284169,
      304.50662770828774,
      304.67549834765884,
      304.8473875623478,
      305.02045056198585,
      305.1933019346231,
      305.3698818291128,
      305.5509343400657,
      305.73490086057177,
      305.9199386811303,
      306.10466437674086,
      306.2930199982589,
      306.4857514598103,
      306.68130189426523,
      306.8778302579435,
      307.0739547195282,
      307.2736188626739,
      307.4775700704678,
      307.68425288410924,
      307.8918276141114,
      308.09891372680534,
      308.3094560586486,
      308.5242031958157,
      308.7416008394544,
      308.9598104144398,
      309.1774524630487,
      309.39847285908434,
      309.62362119250923,
      309.85134413239297,
      310.079804038857,
      310.3076223559415,
      310.53874583556063,
      310.7739249158953,
      311.0116070879803,
      311.24995550799406,
      311.4875923916786,
      311.7284652421741,
      311.9733252289353,
      312.22062055130743,
      312.4685150554778,
      312.715631628312,
      312.9659184258067,
      313.22012725705713,
      313.4767069434037,
      313.73382193730447,
      313.99009571660054,
      314.24947701704906,
      314.5127182136282,
      314.7782686821113,
      315.0442934154928,
      315.3094164213097,
      315.5775869545679,
      315.8495579002752,
      316.1237791349276,
      316.3984161394153,
      316.67209340256164,
      316.94876065053086,
      317.2291712330087,
      317.51177548415126,
      317.7947393319104,
      318.07668770615226,
      318.36157076660106,
      318.65014229081095,
      318.94085303525765,
      319.23186934148794,
      319.5218165488809,
      319.8146452176937,
      320.11110952446586,
      320.40966061949666,
      320.7084652294965,
      321.0061490765545,
      321.3018376006773,
      300.0,
      300.0000007973196,
      300.0000056905265,
      300.0000220677595,
      300.00006185019936,
      300.0001424710265,
      300.0002891478399,
      300.00053672133413,
      300.0009291340157,
      300.0015162808342,
      300.0023512829144,
      300.00348996404364,
      300.00499112197423,
      300.0069155730721,
      300.0093233440003,
      300.0122717587641,
      300.01581590116,
      300.0200099012903,
      300.02490691582994,
      300.03055712350806,
      300.0370064827258,
      300.0442977331471,
      300.0524721047956,
      300.0615696192066,
      300.07162733576354,
      300.0826782808881,
      300.09475258113486,
      300.1078792578927,
      300.12208659023344,
      300.1374003949083,
      300.1538429733946,
      300.17143425120304,
      300.19019356946654,
      300.21014003862655,
      300.2312908029811,
      300.2536599722016,
      300.2772597368318,
      300.30210214547054,
      300.32819943441285,
      300.35556227247616,
      300.38419866951284,
      300.41411507847084,
      300.44531814499834,
      300.47781502477915,
      300.5116116087829,
      300.5467114144749,
      300.5831166725356,
      300.6208300584013,
      300.65985499919566,
      300.70019388600537,
      300.74184694655787,
      300.7848133255118,
      300.82909279827976,
      300.8746860770342,
      300.92159300286664,
      300.9698114124191,
      301.01933821129154,
      301.0701710741791,
      301.1223087499353,
      301.1757492412196,
      301.2304886620516,
      301.28652230966645,
      301.34384635528,
      301.4024581426887,
      301.462354365943,
      301.52352991525345,
      301.5859789494285,
      301.64969657765863,
      301.714679158902,
      301.78092247066803,
      301.8484205505163,
      301.9171667690476,
      301.98715550332366,
      302.0583824369074,
      302.13084272471696,
      302.2045298279103,
      302.2794365882619,
      302.3555568955518,
      302.43288598906406,
      302.5114186187094,
      302.59114787338706,
      302.6720662587543,
      302.75416735953365,
      302.8374461412656,
      302.9218971100658,
      303.00751313360826,
      303.0942865249164,
      303.1822106970021,
      303.27128046813357,
      303.36149021946505,
      303.45283270917105,
      303.54530016272383,
      303.6388859200231,
      303.73358474515334,
      303.8293909808099,
      303.92629735867223,
      304.0242960928249,
      304.1233805223141,
      304.22354542489904,
      304.3247851689207,
      304.42709251808475,
      304.5304597319185,
      304.63488020070315,
      304.7403487649334,
      304.8468598645205,
      304.95440633866014,
      305.06298053163965,
      305.1725759237062,
      305.28318745184583,
      305.3948096613565,
      305.5074354971088,
      305.6210574174587,
      305.73566901751917,
      305.85126535677375,
      305.9678411086665,
      306.08538934452844,
      306.20390265693885,
      306.3233747744416,
      306.44380089564424,
      306.5651758377907,
      306.6874909303996
    ],
    "status": "success"
  }
}