{
  "final_status": "fail",
  "final_lambda": 1.0,
  "final_reg_order": 1,
  "final_residual_norm": 36.99744143168689,
  "final_reg_norm": 0.08178715350988709,
  "n_iterations": 1,
  "summary_notes": [
    "Completed in 1 iteration(s)"
  ],
  "final_config": {
    "parameterization_type": "piecewise_constant",
    "num_parameters": 24,
    "reg_order": 1,
    "lambda_strategy": "fixed",
    "lambda_value": 5.0,
    "lambda_grid": null,
    "max_retries": 1,
    "physical_bounds": null,
    "planner_notes": [
      "num_parameters=24 (\u2248 N_t/5)",
      "reg_order=1 (default first-difference smoothness)",
      "noise_std provided \u2192 using discrepancy principle for lambda",
      "lambda_value=1.0 supplied \u2192 strategy forced to 'fixed'",
      "iter0: lambda increased to 5.000e+00 (factor=5.0)"
    ],
    "stop_tolerance": 0.001,
    "iteration_budget": 1
  },
  "final_result": {
    "estimated_x": [
      30363.68426203536,
      30363.6876005779,
      30363.695128779735,
      30363.70681394721,
      30363.72241741899,
      30363.741517730134,
      30363.763552132095,
      30363.78779555965,
      30363.813340959423,
      30363.839332905896,
      30363.865067594586,
      30363.889910847127,
      30363.91331701406,
      30363.934871950423,
      30363.95428302155,
      30363.971271149505,
      30363.98572715703,
      30363.99759925707,
      30364.006945234374,
      30364.01391366986,
      30364.01863053747,
      30364.021434907376,
      30364.022742772297,
      30364.023079535866
    ],
    "fitted_y": [
      300.0,
      300.0441147408142,
      300.1439220945351,
      300.2878231925768,
      300.4603205291649,
      300.6493301292256,
      300.84686734083755,
      301.04798340744867,
      301.2496883334852,
      301.45019849786183,
      301.6484651008395,
      301.84388843725463,
      302.0361454392377,
      302.2250847588518,
      302.41066206302764,
      302.59289954893546,
      302.7718602765618,
      302.94763171140363,
      303.1203151221213,
      303.290018681055,
      303.45685302371174,
      303.6209282937487,
      303.7823523557788,
      303.9412296261297,
      304.0976604481543,
      304.2517407508581,
      304.40356185508284,
      304.553210475345,
      304.70076882302686,
      304.846314741891,
      304.98992193712866,
      305.1316600777608,
      305.27159503915294,
      305.40978910462735,
      305.54630116893696,
      305.6811869860871,
      305.814499278116,
      305.94628791949077,
      306.0766001296842,
      306.2054806391592,
      306.33297186833533,
      306.45911400537176,
      306.5839451529024,
      306.7075014471611,
      306.8298172052551,
      306.950925047829,
      307.07085595149675,
      307.1896393611401,
      307.30730325577474,
      307.42387425966166,
      307.53937776631955,
      307.65383794325436,
      307.76727781136395,
      307.87971930027055,
      307.9911833334716,
      308.10168991825236,
      308.2112581543975,
      308.3199062632746,
      308.4276516615918,
      308.5345110049137,
      308.6405002702901,
      308.7456347427378,
      308.8499290629002,
      308.9533972429566,
      309.0560527270673,
      309.15790845748006,
      309.2589768467559,
      309.35926981282967,
      309.458798821398,
      309.55757487172434,
      309.65560860965746,
      309.75291026737085,
      309.8494897099153,
      309.9453564417756,
      310.0405196353394,
      310.13498816442296,
      310.22877060889664,
      310.3218752643284,
      310.4143101505115,
      310.50608301694785,
      310.59720140373025,
      310.6876726181382,
      310.7775037470474,
      310.86670166909204,
      310.9552730440465,
      311.04322437682384,
      311.13056199897323,
      311.21729205967955,
      311.30342055188805,
      311.38895330973605,
      311.4738960170698,
      311.558254245479,
      311.6420334273588,
      311.72523885633717,
      311.8078757117577,
      311.889949055082,
      311.97146385159317,
      312.052424965262,
      312.13283714910375,
      312.21270505704956,
      312.2920332577617,
      312.3708262431346,
      312.44908842946484,
      312.52682412745753,
      312.6040375829377,
      312.6807329654234,
      312.756914383274,
      312.83258589126433,
      312.9077514508077,
      312.9824149736974,
      313.0565803084859,
      313.1302512543141,
      313.20343156637455,
      313.27612492214126,
      313.3483349665097,
      313.42006526740954,
      313.4913193804778,
      313.5621008128595,
      313.6324130026702,
      313.7022593673806,
      313.7716432554817,
      300.0,
      300.00001721315476,
      300.00012285149273,
      300.0004764158731,
      300.0013352699728,
      300.00303512640824,
      300.0059522288873,
      300.0104621048476,
      300.0169056621185,
      300.02556727938446,
      300.03666465572235,
      300.0503479631521,
      300.066704908928,
      300.08576913068407,
      300.1075296565004,
      300.1319402855779,
      300.1589280679612,
      300.1884005691753,
      300.2202519370296,
      300.2543676929172,
      300.29062855657145,
      300.32891332845094,
      300.36910107310564,
      300.41107271742965,
      300.4547122174097,
      300.49990732099974,
      300.5465500928236,
      300.59453721622964,
      300.64377016416205,
      300.6941552543793,
      300.7456035873115,
      300.7980309753017,
      300.851357782101,
      300.9055087899686,
      300.96041300289676,
      301.01600347745585,
      301.07221709669966,
      301.1289944165646,
      301.1862794622057,
      301.2440195415763,
      301.3021650728209,
      301.3606694185895,
      301.41948871172576,
      301.4785817120128,
      301.53790965772373,
      301.5974361189045,
      301.65712687138495,
      301.7169497604398,
      301.7768745937792,
      301.83687304315424,
      301.89691850109057,
      301.9569860239394,
      302.01705219208617,
      302.077095068529,
      302.13709409012824,
      302.19702998129867,
      302.25688470741534,
      302.3166413574597,
      302.376284147474,
      302.4357983066338,
      302.49517001510384,
      302.5543863850596,
      302.61343536922243,
      302.67230574705377,
      302.73098706606055,
      302.7894695727478,
      302.8477442143511,
      302.9058025490969,
      302.9636367738205,
      303.0212396445607,
      303.0786044264991,
      303.13572491985553,
      303.19259537705125,
      303.2492105199711,
      303.30556548990097,
      303.3616558095499,
      303.4174773899589,
      303.47302648045616,
      303.5282996807416,
      303.5832939080855,
      303.6380063489951,
      303.69243447820503,
      303.746576029343,
      303.80042898802833,
      303.8539915866874,
      303.90726223551013,
      303.96023957768443,
      304.0129224289934,
      304.0653098019811,
      304.11740089559146,
      304.16919502094794,
      304.22069168247657,
      304.2718904898865,
      304.3227912099512,
      304.3733937440668,
      304.42369807474387,
      304.4737043208412,
      304.5234126771599,
      304.57282346277253,
      304.621937088227,
      304.67075401584714,
      304.71927482014297,
      304.7675001135963,
      304.81543061224943,
      304.86306709427987,
      304.91041037238364,
      304.95746133519975,
      305.004220907614,
      305.05069007147205,
      305.09686987938676,
      305.14276138397236,
      305.18836570343234,
      305.23368396460273,
      305.27871735300675,
      305.3234671042248,
      305.3679344296772,
      305.4121206150057,
      305.45602692514456,
      305.4996546802649,
      305.5430052333366,
      305.58607991489794
    ],
    "status": "success"
  }
}