{
  "final_status": "weak_pass",
  "final_lambda": 0.00390625,
  "final_reg_order": 1,
  "final_residual_norm": 22.234420581088134,
  "final_reg_norm": 7.041921392971339,
  "n_iterations": 9,
  "summary_notes": [
    "Completed in 9 iteration(s)"
  ],
  "final_config": {
    "parameterization_type": "piecewise_constant",
    "num_parameters": 24,
    "reg_order": 1,
    "lambda_strategy": "fixed",
    "lambda_value": 0.00390625,
    "lambda_grid": null,
    "max_retries": 8,
    "physical_bounds": [
      -500000.0,
      500000.0
    ],
    "planner_notes": [
      "num_parameters=24 (\u2248 N_t/5)",
      "reg_order=1 (default first-difference smoothness)",
      "noise_std provided \u2192 using discrepancy principle for lambda",
      "lambda_value=1.0 supplied \u2192 strategy forced to 'fixed'",
      "physical_bounds=(-500000.0, 500000.0) applied",
      "iter0: lambda decreased to 5.000e-01 (factor=2.0)",
      "iter1: lambda decreased to 2.500e-01 (factor=2.0)",
      "iter2: lambda decreased to 1.250e-01 (factor=2.0)",
      "iter3: lambda decreased to 6.250e-02 (factor=2.0)",
      "iter4: lambda decreased to 3.125e-02 (factor=2.0)",
      "iter5: lambda decreased to 1.562e-02 (factor=2.0)",
      "iter6: lambda decreased to 7.812e-03 (factor=2.0)",
      "iter7: lambda decreased to 3.906e-03 (factor=2.0)"
    ],
    "stop_tolerance": 0.001,
    "iteration_budget": 12
  },
  "final_result": {
    "estimated_x": [
      35427.86908101569,
      35427.989828198784,
      35428.24146131325,
      35428.57259138186,
      35428.90414571835,
      35429.140577405786,
      35429.18263950702,
      35428.93868440105,
      35428.33399113001,
      35427.32178539461,
      35425.88976994273,
      35424.06078131901,
      35421.892467762955,
      35419.473833021046,
      35416.917268996374,
      35414.34588324934,
      35411.88649275567,
      35409.65566698585,
      35407.75071938908,
      35406.240085172365,
      35405.152597843444,
      35404.476848250626,
      35404.151936582566,
      35404.06455786666
    ],
    "fitted_y": [
      300.0,
      300.0514723855189,
      300.1679260355579,
      300.33582757273757,
      300.53709475114476,
      300.7576283485536,
      300.9881120432823,
      301.22277165940807,
      301.4581184574968,
      301.692071290024,
      301.9234067560573,
      302.15142520260247,
      302.3757495748775,
      302.59620315167723,
      302.8127341051898,
      303.025368729838,
      303.2341806832618,
      303.4392718730476,
      303.6407602813902,
      303.8387719874159,
      304.033436446106,
      304.224882236835,
      304.41323506255236,
      304.5986165760659,
      304.78114372135263,
      304.9609286502518,
      305.13807794280586,
      305.31269266311864,
      305.48486860721925,
      305.6546965074226,
      305.8222623249346,
      305.98764731858296,
      306.1509283240226,
      306.312177993304,
      306.4714650324294,
      306.6288540930319,
      306.78440658458265,
      306.9381808041779,
      307.0902319874486,
      307.2406124360798,
      307.389370798264,
      307.53655377052655,
      307.68220608285736,
      307.8263702415158,
      307.96908655224144,
      308.1103917369037,
      308.25032165025,
      308.3889111129964,
      308.5261933430675,
      308.66219984439454,
      308.79695841009857,
      308.93049685913013,
      309.06284271749314,
      309.19402238179947,
      309.32406088361563,
      309.4529792723152,
      309.5807993731022,
      309.70754330389695,
      309.8332324203609,
      309.95788694343094,
      310.081522838495,
      310.20415741634696,
      310.325808783308,
      310.446494515185,
      310.56623123001395,
      310.6850310839012,
      310.80290799613834,
      310.91987702162777,
      311.0359529074866,
      311.15114952477296,
      311.2654762202459,
      311.3789443563014,
      311.4915666651769,
      311.60335568472533,
      311.714323211668,
      311.82447654277036,
      311.93382512712043,
      312.04237987935585,
      312.1501516140859,
      312.2571504719166,
      312.36338236079075,
      312.4688552867144,
      312.57357870663,
      312.6775620407026,
      312.7808141076368,
      312.8833399089502,
      312.98514637692824,
      313.08624176991697,
      313.18663434513496,
      313.2863318573962,
      313.3853387605544,
      313.483661182563,
      313.581306392592,
      313.67828164664377,
      313.7745937932705,
      313.8702470429464,
      313.96524690874185,
      314.0595998087786,
      314.153312143532,
      314.24638997702056,
      314.3388374507515,
      314.43065961823083,
      314.52186217071085,
      314.61245075047236,
      314.70243076155305,
      314.7918063612598,
      314.88058224002447,
      314.9687634656327,
      315.05635503644186,
      315.14336178814085,
      315.2297878999349,
      315.3156377656252,
      315.40091592775656,
      315.4856268504359,
      315.5697749055743,
      315.65336419359403,
      315.73639885637385,
      315.81888302225883,
      315.90082073612535,
      315.98221600079154,
      316.0630727223229,
      300.0,
      300.00002008403817,
      300.0001433411889,
      300.0005558745452,
      300.0015579719963,
      300.00354133780735,
      300.0069449674913,
      300.0122070211679,
      300.0197252657195,
      300.02983151101273,
      300.04277976649115,
      300.05874525251966,
      300.0778303071302,
      300.10007418133773,
      300.1254640768016,
      300.15394609092357,
      300.1854351109289,
      300.2198232902503,
      300.2569871271406,
      300.29679305483586,
      300.33910190403003,
      300.3837722660125,
      300.43066304027485,
      300.47963529929183,
      300.5305536496469,
      300.5832871219432,
      300.63770978297254,
      300.6937010881805,
      300.75114608102166,
      300.8099354572759,
      300.8699654923884,
      300.9311379587867,
      300.993359938547,
      301.05654366833824,
      301.12060630988765,
      301.18546975255487,
      301.25106034931133,
      301.3173087373345,
      301.3841496004068,
      301.45152145168527,
      301.51936643237866,
      301.58763011810686,
      301.65626131516814,
      301.72521189343706,
      301.7944366136933,
      301.8638929566672,
      301.93354097561087,
      302.00334313668856,
      302.07326419417103,
      302.14327107643106,
      302.2133327191955,
      302.2834199985682,
      302.3535055672066,
      302.42356380603525,
      302.49357069841113,
      302.56350373000924,
      302.6333418338402,
      302.70306525242603,
      302.77265554185533,
      302.84209544012276,
      302.9113687953708,
      302.98046054305934,
      303.0493565981945,
      303.1180438392133,
      303.1865100409297,
      303.25474379485206,
      303.3227345104786,
      303.3904723094234,
      303.45794805759414,
      303.5251532740637,
      303.5920800736301,
      303.6587211962956,
      303.7250699093811,
      303.79112002757535,
      303.8568658560545,
      303.9223021471762,
      303.98742410782506,
      304.05222733977604,
      304.11670785365334,
      304.18086203212226,
      304.24468657448506,
      304.30817851817494,
      304.37133520333015,
      304.43415426455664,
      304.4966336262015,
      304.5587714227141,
      304.6205660625072,
      304.68201615637935,
      304.7431205454886,
      304.803878290382,
      304.86428858520173,
      304.92435085184917,
      304.9840646363296,
      305.04342966891954,
      305.1024458388543,
      305.16111313254896,
      305.2194316976614,
      305.2774017718343,
      305.33502373882067,
      305.39229809081985,
      305.44922538263404,
      305.5058063018734,
      305.56204158177735,
      305.61793207747496,
      305.67347871799075,
      305.728682474316,
      305.7835444075528,
      305.83806562219985,
      305.89224729006554,
      305.946090666487,
      305.999597007881,
      306.0527676481421,
      306.10560393194555,
