{
  "final_status": "weak_pass",
  "final_lambda": 1.9667690729851407e-10,
  "final_reg_order": 2,
  "final_residual_norm": 14.798073003887486,
  "final_reg_norm": 104636.41206135963,
  "n_iterations": 9,
  "summary_notes": [
    "Completed in 9 iteration(s)"
  ],
  "final_config": {
    "parameterization_type": "piecewise_constant",
    "num_parameters": 24,
    "reg_order": 2,
    "lambda_strategy": "fixed",
    "lambda_value": 1.9667690729851407e-10,
    "lambda_grid": null,
    "max_retries": 8,
    "physical_bounds": [
      -500000.0,
      500000.0
    ],
    "planner_notes": [
      "num_parameters=24 (\u2248 N_t/5)",
      "reg_order=0 (default first-difference smoothness)",
      "noise_std provided \u2192 using discrepancy principle for lambda",
      "physical_bounds=(-500000.0, 500000.0) applied",
      "iter0: lambda decreased to 6.294e-09 (factor=2.0)",
      "iter1: lambda decreased to 3.147e-09 (factor=2.0)",
      "iter2: lambda decreased to 1.573e-09 (factor=2.0)",
      "iter3: lambda decreased to 7.867e-10 (factor=2.0)",
      "iter4: oscillatory solution \u2192 increase reg_order to 1",
      "iter5: lambda decreased to 3.934e-10 (factor=2.0)",
      "iter6: lambda decreased to 1.967e-10 (factor=2.0)",
      "iter7: oscillatory solution \u2192 increase reg_order to 2"
    ],
    "stop_tolerance": 0.001,
    "iteration_budget": 12,
    "skip_verifier": false
  },
  "final_result": {
    "estimated_x": [
      8028.410018655791,
      -3696.82046007138,
      12494.665770554098,
      27422.82833053624,
      40114.78933235,
      32370.929892727578,
      58019.57750579053,
      43780.064692672924,
      26696.808942325108,
      26720.731943103285,
      27298.131349503536,
      49551.56767522876,
      59177.557889575524,
      54467.084560246134,
      30091.669608264547,
      20179.94591881593,
      35737.66267404232,
      55903.34451617378,
      42589.040048312294,
      43039.32355243437,
      33247.33202788225,
      -2435.703284297891,
      -10813.313408571876,
      23308.035559986176
    ],
    "fitted_y": [
      300.0,
      300.0116643034511,
      300.03805419578543,
      300.0761028399238,
      300.1217125667707,
      300.1546529384285,
      300.1683418363484,
      300.16594978658185,
      300.1526707210876,
      300.1326993804449,
      300.132366067157,
      300.1595971390381,
      300.20927667471136,
      300.27378935007795,
      300.3470846444867,
      300.44683098525036,
      300.57622307084773,
      300.728045525442,
      300.893771851996,
      301.06692177566936,
      301.26169465498214,
      301.4803200571623,
      301.7163883739607,
      301.9625069615824,
      302.213104748967,
      302.453314883247,
      302.67798631599834,
      302.88878957849914,
      303.0889504336724,
      303.28116577973975,
      303.50455965006034,
      303.7701245658348,
      304.0688532453079,
      304.38818417613226,
      304.71827924621573,
      305.0319754081531,
      305.31986948669356,
      305.58504051465434,
      305.83338674959106,
      306.0698065344592,
      306.2728207839126,
      306.43805533840856,
      306.57339364128427,
      306.6884302536335,
      306.79054498652823,
      306.8846649861296,
      306.9738702562587,
      307.06004778875825,
      307.14435496541427,
      307.22750615922536,
      307.3107827834203,
      307.3946782450397,
      307.4791383500693,
      307.56396654865114,
      307.6489873409665,
      307.76640644130356,
      307.9246229903567,
      308.1150756508517,
      308.32636152691356,
      308.5495891519257,
      308.7928629972839,
      309.0562017835078,
      309.3337152348504,
      309.61916358061376,
      309.907929654173,
      310.1901828908401,
      310.46230697991723,
      310.7250292482363,
      310.9801438569662,
      311.22919816300373,
      311.43786237744354,
      311.5975622477366,
      311.7180908990303,
      311.8122238143242,
      311.889905714109,
      311.9433335473726,
      311.9728519707323,
      311.9847746381337,
      311.98570250911604,
      311.9805200150487,
      311.9950069722748,
      312.03705142597886,
      312.1018827447323,
      312.18224780657414,
      312.2723446959556,
      312.39758676915227,
      312.5632204554489,
      312.76003287331514,
      312.97679656315,
      313.2049011924737,
      313.41932946797544,
      313.61148087091544,
      313.78430268740703,
      313.94330671127517,
      314.093030871567,
      314.23719101402077,
      314.37788826219855,
      314.51614539094766,
      314.6524763251566,
      314.78717221524755,
      314.9061918139128,
      315.00592876597455,
      315.0902153222628,
      315.1641175063274,
      315.23158445219076,
      315.24338900484184,
      315.187554022982,
      315.0787020360592,
      314.935644058866,
      314.7729395645872,
      314.58801177282174,
      314.3836024407381,
      314.1664893557751,
      313.9430726550293,
      313.71792480113106,
      313.5435196787654,
      313.43459649238184,
      313.3791022577422,
      313.36014155113895,
      313.3643728231576,
      313.3828889626957,
      300.0,
      300.00000455130083,
      300.00003248295377,
      300.00012596830913,
      300.00035305645827,
      300.0007958655751,
      300.00152637706867,
      300.00258229337004,
      300.0039543698559,
      300.00558815725935,
      300.0074051084752,
      300.0093378884456,
      300.01136309658506,
      300.0135170534969,
      300.0158918063142,
      300.0186262502284,
      300.02190248714345,
      300.0259432966296,
      300.0310030960422,
      300.0373506047431,
      300.0452547038532,
      300.05498021165647,
      300.06678823179345,
      300.08093302896657,
      300.0976527095555,
      300.1171521979188,
      300.13958230653276,
      300.16502359113656,
      300.1934816122493,
      300.22489401036336,
      300.25915981127594,
      300.2961877736642,
      300.335941184155,
      300.3784584594609,
      300.4238453970858,
      300.4722406194306,
      300.5237664591415,
      300.57848550485244,
      300.63637781682655,
      300.69734112265655,
      300.76119736973845,
      300.8276948752078,
      300.8965111248268,
      300.9672649026224,
      301.03953920203287,
      301.1129094272646,
      301.186969846524,
      301.2613533576846,
      301.33574304111954,
      301.4098762693324,
      301.48354363767345,
      301.5565848997084,
      301.6288831411621,
      301.7003580860407,
      301.7709591252398,
      301.8406713055429,
      301.90953649670564,
      301.97767367950456,
      302.04528225019106,
      302.1126248120964,
      302.1800028339146,
      302.2477366001273,
      302.3161501220215,
      302.3855574551397,
      302.45624854003506,
      302.52847354853316,
      302.6024276738543,
      302.67824097433953,
      302.7559769055547,
      302.83563891124476,
      302.9171683781273,
      303.00042850608196,
      303.085189095481,
      303.1711288754971,
      303.25785850764885,
      303.3449502752039,
      303.43196239307395,
      303.51845683181347,
      303.6040147362474,
      303.68825128772204,
      303.7708375546788,
      303.8515285860085,
      303.9301850297061,
      304.0067772678353,
      304.0813708756086,
      304.15411177684297,
      304.2252217821898,
      304.29499607206907,
      304.36379113392155,
      304.4320002336181,
      304.5000149432821,
      304.5681799542636,
      304.6367562770289,
      304.7059047582325,
      304.7756906391283,
      304.8461025809548,
      304.9170773967836,
      304.98852319967534,
      305.06033748096786,
      305.1324190376657,
      305.2046691245388,
      305.27698266419327,
      305.3492377761106,
      305.4212920841608,
      305.4929877420349,
      305.5641419047882,
      305.63451547656905,
      305.70378248696187,
      305.77152484859545,
      305.83725770452446,
      305.90046860153905,
      305.960653695779,
      306.01734494692937,
