{
  "final_status": "weak_pass",
  "final_lambda": 7.578693811968019e-10,
  "final_reg_order": 1,
  "final_residual_norm": 7.415239554088698,
  "final_reg_norm": 34970.11637450959,
  "n_iterations": 1,
  "summary_notes": [
    "Completed in 1 iteration(s)"
  ],
  "final_config": {
    "parameterization_type": "piecewise_constant",
    "num_parameters": 24,
    "reg_order": 1,
    "lambda_strategy": "discrepancy",
    "lambda_value": 7.578693811968019e-10,
    "lambda_grid": null,
    "max_retries": 8,
    "physical_bounds": [
      -500000.0,
      500000.0
    ],
    "planner_notes": [
      "num_parameters=24 (\u2248 N_t/5)",
      "reg_order=1 (default first-difference smoothness)",
      "noise_std provided \u2192 using discrepancy principle for lambda",
      "physical_bounds=(-500000.0, 500000.0) applied"
    ],
    "stop_tolerance": 0.001,
    "iteration_budget": 12,
    "skip_verifier": false
  },
  "final_result": {
    "estimated_x": [
      12735.577120436466,
      11657.721453395148,
      21595.932609479958,
      28552.953720187736,
      35791.20257552484,
      34240.843004866736,
      51850.35342235826,
      54705.76600434575,
      55985.77310985075,
      58276.336826378436,
      53869.3177370493,
      56711.754244859214,
      54698.494485297,
      49783.458690865176,
      36007.04606277592,
      24826.39459487855,
      20008.532721913987,
      19062.13208082029,
      8627.56700258004,
      9336.606329356964,
      8350.094227421712,
      -2015.9140036491385,
      -2906.8983467831454,
      6116.946636345974
    ],
    "fitted_y": [
      300.0,
      300.01850324482825,
      300.0603658936271,
      300.1207229806002,
      300.1930743169608,
      300.2707854713258,
      300.35009641088624,
      300.42934319590535,
      300.50782185301915,
      300.5852132297703,
      300.67579987301644,
      300.7832954208357,
      300.9038741312615,
      301.0324634162511,
      301.1651267555162,
      301.30938902337783,
      301.4663211379188,
      301.63232894972737,
      301.80332188393277,
      301.97623252644894,
      302.15959557370786,
      302.3549744937912,
      302.5589113302194,
      302.76732848652335,
      302.9771504405217,
      303.1841408347582,
      303.38651787862364,
      303.58419217760513,
      303.7775860128707,
      303.96713690147,
      304.1787722205302,
      304.4194637420193,
      304.6826833632078,
      304.95960475452955,
      305.24335743715403,
      305.5335809353137,
      305.8286042103717,
      306.1257038688631,
      306.4224823474845,
      306.7172831106954,
      307.01094984726285,
      307.303395648238,
      307.59383587024973,
      307.8814928473563,
      308.16583662521475,
      308.4499002950488,
      308.7344272226911,
      309.0185159512651,
      309.30103286106555,
      309.5811377002855,
      309.8519165151254,
      310.1114169875973,
      310.3612027259468,
      310.6034948133314,
      310.8400727438203,
      311.0762817461392,
      311.3139977772902,
      311.55265176168416,
      311.79113842094404,
      312.02856614569515,
      312.2614357856445,
      312.4886473903565,
      312.7107933242559,
      312.92881863695914,
      313.14349780899136,
      313.3482252875387,
      313.5414800534809,
      313.7253736980852,
      313.90257477382664,
      314.07515340102185,
      314.22447194809354,
      314.34614533981727,
      314.4459748638494,
      314.53132709842055,
      314.607895054679,
      314.6631907451158,
      314.6952816496737,
      314.70985046404843,
      314.71344875559697,
      314.71102527228766,
      314.69880770808635,
      314.67693784525403,
      314.6484324310292,
      314.61643192737307,
      314.58323306548664,
      314.5489224378318,
      314.514005728462,
      314.47933053252365,
      314.44563198774307,
      314.4133966921462,
      314.3677373333054,
      314.30480172041916,
      314.2286107675404,
      314.1444700822198,
      314.0564800391063,
      313.9683443508993,
      313.88195428575744,
      313.79798268650256,
      313.71659598666054,
      313.6377890058595,
      313.5600670926145,
      313.4829716924507,
      313.406787495579,
      313.33192091529156,
      313.2586654568293,
      313.17212096712547,
      313.0683982240599,
      312.9514594658434,
      312.8265620790957,
      312.6977780256318,
      312.56647471206765,
      312.4339330165617,
      312.30144373084215,
      312.17000072058977,
      312.0402485695376,
      311.92567117839695,
      311.8299020222424,
      311.74957347549224,
      311.6800902976207,
      311.6178304237086,
      311.56036578390547,
      300.0,
      300.00000721979114,
      300.00005152815595,
      300.00019982525964,
      300.00056005831067,
      300.00127242573024,
      300.0024922090912,
      300.0043712558082,
      300.00704341843556,
      300.0106160577593,
      300.01517276250945,
      300.0207864983226,
      300.0275341546171,
      300.03550398303736,
      300.0447935329403,
      300.0555051879276,
      300.06774446728036,
      300.0816195296112,
      300.0972384114491,
      300.11470291407653,
      300.1341050551788,
      300.15552901273026,
      300.17905495277853,
      300.2047599160872,
      300.2327142538198,
      300.2629745250992,
      300.2955754855789,
      300.33052420013877,
      300.3677981327133,
      300.40734710555574,
      300.44910784461456,
      300.4930309875284,
      300.5391065078074,
      300.5873740954166,
      300.63791562423427,
      300.69083767241455,
      300.7462530484617,
      300.80426570935504,
      300.8649598385373,
      300.92839265603664,
      300.9945913419996,
      301.06355379747134,
      301.1352517124163,
      301.2096343699179,
      301.2866321566238,
      301.36616092811306,
      301.4481275880549,
      301.5324353073753,
      301.6189868640161,
      301.70768562343204,
      301.79843241935833,
      301.89111911435145,
      301.9856226979877,
      302.0818036419159,
      302.1795089982671,
      302.27858018900645,
      302.37886340161396,
      302.4802186645838,
      302.5825249162217,
      302.68568040103514,
      302.78959874549724,
      302.8942024368782,
      302.9994164577306,
      303.1051644942363,
      303.21136801319665,
      303.31794467357975,
      303.42480455528386,
      303.5318466269432,
      303.63895880459626,
      303.7460219330685,
      303.85290836018333,
      303.9594718488035,
      304.06553707352066,
      304.17089837796874,
      304.27532969757107,
      304.37859497007753,
      304.4804520590932,
      304.58065369306,
      304.6789520362585,
      304.77510862071153,
      304.8689042727571,
      304.96014481391217,
      305.0486631164904,
      305.13432044412343,
      305.21700827347803,
      305.296649595976,
      305.37319876391035,
      305.4466395895156,
      305.51698261938134,
      305.58426196908954,
      305.648526089873,
      305.7098219162252,
      305.76817972128845,
      305.8236067064224,
      305.8760907299256,
      305.92561100175766,
      305.9721509336946,
      306.0157086397487,
      306.05630323848703,
      306.0939766854248,
      306.12879171812824,
      306.16082740550735,
      306.19017388402585,
      306.21692806563647,
      306.2411906595888,
      306.2630584938553,
      306.28261101493234,
      306.29989784052174,
      306.31493489555106,
      306.3277104720019,
      306.338196933707,
      306.34636323171327,
      306.35218490631433,
      306.35565088748973,
      306.35676721875575,
      306.35556327885433,
      306.3521021448349,
      306.3464887951447,
      306.33887038937195,
      306.32942762605285,
      306.3183606489232
    ],
    "status": "success"
  }
}