{
  "final_status": "fail",
  "final_lambda": 1.0,
  "final_reg_order": 1,
  "final_residual_norm": 19.5011997048683,
  "final_reg_norm": 0.019629091950780143,
  "n_iterations": 1,
  "summary_notes": [
    "Completed in 1 iteration(s)"
  ],
  "final_config": {
    "parameterization_type": "piecewise_constant",
    "num_parameters": 24,
    "reg_order": 1,
    "lambda_strategy": "fixed",
    "lambda_value": 0.5,
    "lambda_grid": null,
    "max_retries": 1,
    "physical_bounds": null,
    "planner_notes": [
      "num_parameters=24 (\u2248 N_t/5)",
      "reg_order=1 (default first-difference smoothness)",
      "noise_std provided \u2192 using discrepancy principle for lambda",
      "lambda_value=1.0 supplied \u2192 strategy forced to 'fixed'",
      "iter0: lambda decreased to 5.000e-01 (factor=2.0)"
    ],
    "stop_tolerance": 0.001,
    "iteration_budget": 1
  },
  "final_result": {
    "estimated_x": [
      32400.55263604283,
      32400.55406340873,
      32400.557160414966,
      32400.561740105437,
      32400.567439812574,
      32400.573819623147,
      32400.58049989471,
      32400.587212040162,
      32400.593741743258,
      32400.59995265946,
      32400.60573784973,
      32400.610926034115,
      32400.615352755616,
      32400.618961106968,
      32400.62180280605,
      32400.62388900357,
      32400.625298765943,
      32400.62606300967,
      32400.626263103728,
      32400.62606256577,
      32400.625593222187,
      32400.625124696493,
      32400.624828560012,
      32400.6247269479
    ],
    "fitted_y": [
      300.0,
      300.0470740628654,
      300.1535767319681,
      300.3071310589479,
      300.4911999283732,
      300.6928887401934,
      300.90367721217433,
      301.1182846141848,
      301.3335203757047,
      301.5474812269414,
      301.7590480055569,
      301.96758077520064,
      302.17273479793556,
      302.3743485756888,
      302.5723748034614,
      302.76683715734066,
      302.95780292534636,
      303.1453654438801,
      303.32963277926547,
      303.51072036360983,
      303.688746240372,
      303.8638279390651,
      304.036080565095,
      304.2056155453378,
      304.37253995903717,
      304.53695615301973,
      304.6989615706547,
      304.85864874991796,
      305.01610542490397,
      305.1714146672406,
      305.3246551058417,
      305.47590107922616,
      305.62522288965044,
      305.77268700793036,
      305.91835628674426,
      306.06229019700726,
      306.2045449929869,
      306.3451739038124,
      306.4842273272569,
      306.6217530025241,
      306.7577961708421,
      306.89239971156866,
      307.0256042931232,
      307.15744848745544,
      307.2879689225284,
      307.417200381666,
      307.5451759146849,
      307.6719269518984,
      307.79748336129376,
      307.92187356226344,
      308.04512462617083,
      308.1672623369994,
      308.2883112702445,
      308.4082948387775,
      308.52723537885373,
      308.6451542148109,
      308.76207172308375,
      308.8780073575176,
      308.9929797151237,
      309.1070065777482,
      309.22010497013025,
      309.33229119823585,
      309.44358089461855,
      309.5539890229295,
      309.66352993783033,
      309.7722174271171,
      309.880064731891,
      309.98708457880394,
      310.0932892135369,
      310.1986903813334,
      310.30329942140946,
      310.4071272485746,
      310.5101843981649,
      310.6124810222219,
      310.71402691589924,
      310.81483152972817,
      310.9149040157981,
      311.01425323380977,
      311.11288775047933,
      311.21081584183275,
      311.30804553763164,
      311.40458463245716,
      311.5004406952684,
      311.59562107392236,
      311.6901328807427,
      311.7839830433673,
      311.8771783156485,
      311.96972526493823,
      312.0616302927924,
      312.1528996296048,
      312.24353932937487,
      312.3335553354696,
      312.4229534493429,
      312.511739325115,
      312.5999184935493,
      312.6874963470235,
      312.77447818238375,
      312.8608691935059,
      312.94667445642716,
      313.0318989403442,
      313.11654751429114,
      313.200624970431,
      313.28413602391754,
      313.3670852776077,
      313.4494772643126,
      313.53131642953133,
      313.612607156595,
      313.69335377390604,
      313.77356051045086,
      313.8532315417386,
      313.93237097278904,
      314.0109828573171,
      314.0890712031854,
      314.1666399353934,
      314.24369294390016,
      314.32023403558895,
      314.39626700452425,
      314.47179559325565,
      314.54682347066085,
      314.6213542834955,
      314.69539160482555,
      300.0,
      300.00001836785424,
      300.000131092664,
      300.00050837498634,
      300.0014248430679,
      300.0032387299269,
      300.0063515185917,
      300.01116392776504,
      300.0180397341686,
      300.0272823932638,
      300.03912420787174,
      300.05372542387164,
      300.07117963207975,
      300.09152272656087,
      300.11474299930285,
      300.14079115017046,
      300.16958933546556,
      300.2010389198889,
      300.2350269503201,
      300.27143126853474,
      300.3101245925382,
      300.35097759230365,
      300.3938612195984,
      300.43864841345174,
      300.4852153451794,
      300.5334422324381,
      300.5832138991216,
      300.634420097671,
      300.68695569140914,
      300.7407207134721,
      300.79562030050386,
      300.85156461714513,
      300.9084686847537,
      300.9662522395886,
      301.024839522846,
      301.08415910016413,
      301.14414362035484,
      301.2047296514904,
      301.2658574635764,
      301.3274708296381,
      301.3895168415421,
      301.4519457331895,
      301.51471069450156,
      301.57776771855436,
      301.641075443184,
      301.70459499443496,
      301.7682898521137,
      301.8321257042928,
      301.8960703331226,
      301.96009350984804,
      302.02416684194014,
      302.0882637123203,
      302.1523591301806,
      302.2164296867823,
      302.28045343942205,
      302.34440981934245,
      302.4082795820056,
      302.4720446818565,
      302.5356882760071,
      302.5991946026777,
      302.66254891489194,
      302.7257374602188,
      302.7887473831613,
      302.8515667104235,
      302.91418428828837,
      302.97658970894605,
      303.0387733123368,
      303.1007260903812,
      303.1624397164493,
      303.22390646063764,
      303.2851191363578,
      303.3460711279632,
      303.4067563023466,
      303.46716902735795,
      303.5273041183926,
      303.5871567978717,
      303.64672270260996,
      303.7059978304055,
      303.76497855293326,
      303.82366158075007,
      303.8820439117257,
      303.940122851302,
      303.9978959811844,
      304.0553611519746,
      304.11251647764567,
      304.1693602618708,
      304.22589105696005,
      304.2821075993993,
      304.33800883563487,
      304.3935939110232,
      304.448862090635,
      304.5038128458179,
      304.558445760267,
      304.6127605852777,
      304.6667572158034,
      304.7204356333605,
      304.7737959649654,
      304.8268384186722,
      304.8795633351426,
      304.93197115265286,
      304.9840623647333,
      305.0358375846298,
      305.0872974661083,
      305.13844277344145,
      305.1892743372069,
      305.2397930248195,
      305.2899997847336,
      305.3398956040824,
      305.38948153077916,
      305.4387586882517,
      305.48772819993036,
      305.536391259235,
      305.58474906879707,
      305.6328028938702,
      305.6805540531219,
      305.7280038394377,
      305.77515362490146,
      305.8220047594987,
      305.8685586521537,
      305.91481674678647,
      305.96078046337635
    ],
    "status": "success"
  }
}